item_id,price_ratio,seller_age_days,seller_rating,past_sales,daily_listings,wire_request,price_usd,is_fraud
ITEM_2000,1.27,13.0,3.85,4,0,0,35.87,0
ITEM_2001,0.38,216.0,4.52,6,2,0,216.18,0
ITEM_2002,1.04,61.0,4.32,5,2,0,160.74,0
ITEM_2003,0.7,366.0,4.85,9,1,1,49.96,1
ITEM_2004,1.11,119.0,4.7,10,0,0,16.22,0
ITEM_2005,0.73,72.0,3.73,11,1,0,253.65,0
ITEM_2006,1.34,256.0,4.42,6,2,0,92.57,0
ITEM_2007,1.08,97.0,4.48,6,1,0,168.77,0
ITEM_2008,0.55,241.0,4.79,5,2,0,53.25,0
ITEM_2009,0.36,225.0,4.46,6,1,0,206.76,0
ITEM_2010,1.12,231.0,3.71,11,2,0,25.73,0
ITEM_2011,0.83,350.0,3.89,7,3,0,252.54,0
ITEM_2012,1.14,340.0,4.46,6,2,0,174.4,0
ITEM_2013,0.84,197.0,4.87,9,3,0,38.91,0
ITEM_2014,1.3,566.0,4.84,12,4,0,171.2,0
ITEM_2015,1.25,4.0,4.04,6,1,0,131.5,0
ITEM_2016,1.11,480.0,4.75,16,2,0,89.36,0
ITEM_2017,0.78,29.0,4.27,3,3,0,205.32,0
ITEM_2018,0.85,43.0,4.2,6,0,0,244.92,0
ITEM_2019,0.94,306.0,4.03,9,1,0,43.96,0
ITEM_2020,0.74,92.0,4.52,6,4,0,89.46,0
ITEM_2021,1.17,100.0,4.4,5,0,0,56.29,0
ITEM_2022,0.92,54.0,4.06,7,2,0,141.7,0
ITEM_2023,0.95,46.0,4.64,8,1,0,11.16,0
ITEM_2024,0.87,20.0,4.07,4,0,0,211.42,0
ITEM_2025,1.0,39.0,4.38,7,3,0,22.25,0
ITEM_2026,1.04,151.0,4.09,6,0,0,64.17,0
ITEM_2027,0.86,221.0,3.68,10,2,0,256.36,0
ITEM_2028,0.94,242.0,3.74,8,5,0,247.16,0
ITEM_2029,0.88,83.0,4.49,4,1,0,189.15,0
ITEM_2030,0.88,459.0,4.72,9,5,1,217.49,1
ITEM_2031,1.01,72.0,4.2,9,1,1,171.23,1
ITEM_2032,0.36,21.0,3.99,6,3,0,123.74,0
ITEM_2033,1.35,523.0,4.0,7,4,1,79.79,1
ITEM_2034,1.19,140.0,4.4,6,2,0,273.48,0
ITEM_2035,1.04,640.0,4.2,6,0,0,270.58,0
ITEM_2036,1.21,90.0,3.5,7,0,0,269.54,0
ITEM_2037,0.66,255.0,4.66,6,2,0,274.58,0
ITEM_2038,0.56,21.0,3.71,13,4,0,231.68,0
ITEM_2039,0.53,346.0,4.51,15,2,0,270.01,0
ITEM_2040,1.11,34.0,4.02,9,3,0,262.6,0
ITEM_2041,1.04,13.0,4.37,15,3,0,87.2,0
ITEM_2042,1.09,19.0,4.78,11,1,0,254.95,0
ITEM_2043,1.23,147.0,3.73,7,1,0,172.7,0
ITEM_2044,0.41,62.0,4.67,5,1,0,160.74,0
ITEM_2045,0.7,584.0,3.56,10,2,0,45.74,0
ITEM_2046,0.84,345.0,4.88,8,5,0,256.93,0
ITEM_2047,1.17,293.0,3.8,12,2,0,102.11,0
ITEM_2048,1.04,299.0,4.69,4,3,0,71.01,0
ITEM_2049,1.66,398.0,3.6,9,3,0,250.27,0
ITEM_2050,0.73,361.0,3.99,11,1,0,17.65,0
ITEM_2051,1.13,474.0,4.45,3,0,0,67.66,0
ITEM_2052,1.24,490.0,4.49,8,3,0,152.53,0
ITEM_2053,1.37,64.0,4.55,8,4,0,267.84,0
ITEM_2054,0.95,45.0,4.03,12,1,0,135.6,0
ITEM_2055,0.67,185.0,4.5,11,0,0,60.01,0
ITEM_2056,1.16,24.0,4.14,5,0,0,151.94,0
ITEM_2057,1.07,43.0,4.35,6,4,0,192.37,0
ITEM_2058,1.14,267.0,4.32,9,4,0,263.18,0
ITEM_2059,1.34,189.0,3.75,6,2,0,243.94,0
ITEM_2060,0.94,189.0,4.77,13,1,0,235.55,0
ITEM_2061,0.74,542.0,4.8,8,4,0,152.73,0
ITEM_2062,1.14,198.0,3.81,11,1,0,273.48,0
ITEM_2063,1.08,101.0,4.12,5,6,0,264.79,0
ITEM_2064,0.92,59.0,4.2,8,5,0,230.78,0
ITEM_2065,0.75,74.0,4.32,3,1,0,240.11,0
ITEM_2066,1.09,59.0,3.53,11,1,0,272.69,0
ITEM_2067,1.21,6.0,4.64,6,4,0,109.46,0
ITEM_2068,0.6,55.0,4.79,12,3,1,286.72,1
ITEM_2069,1.01,325.0,3.71,5,2,0,48.19,0
ITEM_2070,1.15,235.0,4.84,8,3,0,264.74,0
ITEM_2071,1.45,175.0,4.78,5,0,0,75.89,0
ITEM_2072,1.02,418.0,4.31,10,2,0,171.38,0
ITEM_2073,1.39,55.0,3.91,9,2,0,176.65,0
ITEM_2074,1.21,155.0,3.81,8,0,0,281.53,0
ITEM_2075,1.21,6.0,4.23,13,4,0,89.0,0
ITEM_2076,0.8,401.0,4.26,12,4,0,132.19,0
ITEM_2077,1.62,107.0,4.48,12,1,0,51.79,0
ITEM_2078,1.02,35.0,4.7,6,2,0,167.99,0
ITEM_2079,1.05,49.0,4.9,10,2,0,123.39,0
ITEM_2080,1.0,339.0,4.69,8,2,0,138.96,0
ITEM_2081,1.31,21.0,4.86,9,1,0,30.27,0
ITEM_2082,1.49,467.0,4.25,5,2,0,251.69,0
ITEM_2083,1.16,84.0,3.56,5,1,0,112.45,0
ITEM_2084,0.9,52.0,3.58,4,0,0,194.6,0
ITEM_2085,1.42,73.0,3.9,6,0,1,193.4,1
ITEM_2086,0.68,95.0,4.42,7,3,0,194.52,0
ITEM_2087,0.83,143.0,4.0,6,1,0,77.87,0
ITEM_2088,0.65,159.0,3.75,14,2,0,40.39,0
ITEM_2089,0.91,107.0,4.78,7,2,0,30.44,0
ITEM_2090,1.25,106.0,4.98,7,3,0,175.05,0
ITEM_2091,0.94,60.0,3.52,8,3,0,37.44,0
ITEM_2092,1.01,87.0,3.63,10,1,1,125.45,1
ITEM_2093,1.09,113.0,4.25,13,1,0,264.1,0
ITEM_2094,0.94,164.0,4.01,6,5,0,32.39,0
ITEM_2095,0.72,25.0,4.67,11,4,0,198.71,0
ITEM_2096,0.59,260.0,4.48,7,2,0,134.27,0
ITEM_2097,1.33,205.0,3.6,6,1,1,259.34,1
ITEM_2098,0.84,64.0,4.32,10,2,0,225.46,0
ITEM_2099,0.83,111.0,4.0,6,2,0,44.37,0
ITEM_2100,0.63,529.0,4.95,5,1,0,94.79,0
ITEM_2101,0.97,4.0,4.21,9,2,0,194.72,0
ITEM_2102,1.14,300.0,4.89,9,2,0,59.78,0
ITEM_2103,0.91,129.0,3.55,8,3,0,242.49,0
ITEM_2104,1.09,174.0,3.65,12,4,0,80.59,0
ITEM_2105,0.51,208.0,4.08,8,2,0,250.81,0
ITEM_2106,1.04,110.0,4.83,14,1,0,87.61,0
ITEM_2107,0.9,38.0,4.32,11,4,1,73.05,1
ITEM_2108,0.64,433.0,4.74,10,2,0,283.07,0
ITEM_2109,0.6,243.0,3.93,4,2,1,194.58,1
ITEM_2110,0.79,148.0,3.67,6,2,0,166.54,0
ITEM_2111,0.7,107.0,3.87,10,1,0,24.09,0
ITEM_2112,1.09,125.0,4.47,7,0,0,91.67,0
ITEM_2113,1.11,312.0,4.81,11,3,0,45.87,0
ITEM_2114,1.04,2.0,4.18,11,2,0,56.26,0
ITEM_2115,1.09,361.0,3.79,9,0,0,86.14,0
ITEM_2116,0.61,9.0,4.46,6,1,0,49.39,0
ITEM_2117,1.13,172.0,3.8,6,1,0,270.88,0
ITEM_2118,1.17,73.0,4.36,8,1,0,34.63,0
ITEM_2119,1.07,204.0,3.65,6,0,0,259.21,0
ITEM_2120,0.98,16.0,4.72,9,1,0,148.96,0
ITEM_2121,0.81,146.0,4.71,7,0,0,55.36,1
ITEM_2122,1.08,348.0,4.31,4,2,0,162.87,0
ITEM_2123,0.9,123.0,3.56,8,1,0,259.72,0
ITEM_2124,1.23,16.0,3.92,5,4,0,268.09,0
ITEM_2125,1.07,7.0,3.71,7,0,0,113.18,0
ITEM_2126,0.96,175.0,4.29,12,1,0,204.34,0
ITEM_2127,0.91,13.0,3.65,5,3,0,29.11,0
ITEM_2128,0.96,13.0,4.8,11,3,0,154.79,0
ITEM_2129,0.96,100.0,4.78,15,1,0,75.82,0
ITEM_2130,0.98,42.0,3.73,9,2,0,96.67,0
ITEM_2131,0.68,41.0,4.54,7,1,0,144.57,0
ITEM_2132,1.06,118.0,4.54,6,1,0,274.94,0
ITEM_2133,1.04,59.0,4.1,14,2,0,248.79,0
ITEM_2134,0.71,45.0,3.73,10,3,0,120.91,0
ITEM_2135,1.06,130.0,3.7,10,6,0,148.5,0
ITEM_2136,1.0,62.0,4.61,6,3,1,263.5,1
ITEM_2137,0.79,15.0,3.83,6,3,0,33.92,0
ITEM_2138,1.15,207.0,4.41,5,5,1,235.23,1
ITEM_2139,1.33,159.0,4.8,7,3,0,59.08,0
ITEM_2140,0.86,43.0,4.39,12,3,0,90.84,0
ITEM_2141,1.03,157.0,4.96,10,3,1,73.09,1
ITEM_2142,1.31,561.0,4.47,3,2,0,169.86,0
ITEM_2143,0.45,564.0,3.97,6,1,0,76.7,0
ITEM_2144,1.47,137.0,4.78,14,2,0,142.39,0
ITEM_2145,1.02,19.0,3.97,8,4,0,17.57,0
ITEM_2146,1.19,110.0,4.96,3,2,0,101.71,0
ITEM_2147,0.57,5.0,4.22,10,4,0,216.24,0
ITEM_2148,0.66,97.0,4.93,10,4,1,136.08,1
ITEM_2149,0.76,432.0,3.78,4,4,0,248.77,0
ITEM_2150,0.74,113.0,3.52,5,2,0,143.33,0
ITEM_2151,0.42,144.0,3.79,9,3,1,264.03,1
ITEM_2152,0.7,31.0,3.65,11,1,1,124.41,1
ITEM_2153,0.79,3.0,4.6,9,1,0,114.73,0
ITEM_2154,0.64,903.0,3.9,8,4,0,84.47,0
ITEM_2155,1.37,74.0,4.46,9,3,0,143.94,0
ITEM_2156,1.16,59.0,4.5,11,0,0,250.96,0
ITEM_2157,0.82,152.0,4.53,8,1,0,217.02,0
ITEM_2158,1.15,246.0,4.75,11,1,0,60.06,0
ITEM_2159,1.08,52.0,3.72,9,1,0,278.35,0
ITEM_2160,0.57,134.0,3.58,4,2,0,139.54,0
ITEM_2161,1.11,73.0,3.54,5,0,0,74.49,0
ITEM_2162,0.9,118.0,3.66,10,0,0,282.35,0
ITEM_2163,1.17,32.0,4.07,10,3,0,137.8,0
ITEM_2164,0.73,128.0,4.95,9,1,0,60.38,0
ITEM_2165,1.14,9.0,4.03,12,2,0,248.76,0
ITEM_2166,1.26,330.0,4.18,9,0,0,155.09,0
ITEM_2167,1.1,178.0,4.72,8,2,0,67.07,0
ITEM_2168,0.55,511.0,4.88,9,0,0,207.29,1
ITEM_2169,1.61,165.0,4.96,8,1,0,294.78,0
ITEM_2170,1.15,36.0,4.74,9,1,0,34.45,0
ITEM_2171,0.94,119.0,4.25,12,2,0,135.98,0
ITEM_2172,1.16,197.0,3.84,6,3,0,158.82,0
ITEM_2173,1.53,84.0,4.4,9,2,0,201.74,0
ITEM_2174,0.65,145.0,3.8,6,2,0,76.26,0
ITEM_2175,1.27,32.0,3.58,7,4,0,63.61,0
ITEM_2176,0.96,270.0,4.88,7,0,0,225.15,0
ITEM_2177,0.92,432.0,4.23,4,3,0,204.11,0
ITEM_2178,0.94,68.0,4.26,12,2,0,81.27,0
ITEM_2179,0.48,284.0,4.41,6,1,0,26.49,0
ITEM_2180,1.12,17.0,4.18,5,1,1,242.04,1
ITEM_2181,0.39,51.0,4.17,9,3,0,207.84,0
ITEM_2182,0.87,112.0,4.87,7,2,0,265.14,0
ITEM_2183,0.87,88.0,4.72,8,1,0,29.61,0
ITEM_2184,0.9,174.0,3.82,8,2,0,151.38,0
ITEM_2185,0.46,149.0,3.94,10,3,0,56.29,0
ITEM_2186,1.22,16.0,4.49,9,3,0,205.73,0
ITEM_2187,0.54,25.0,4.36,4,3,0,82.36,0
ITEM_2188,0.77,10.0,4.65,10,2,0,86.24,0
ITEM_2189,0.86,549.0,4.59,12,2,0,217.33,0
ITEM_2190,0.92,187.0,4.56,4,3,0,249.19,0
ITEM_2191,1.1,348.0,4.82,11,1,0,274.05,0
ITEM_2192,1.0,140.0,4.65,8,2,0,32.64,0
ITEM_2193,1.48,39.0,3.86,12,2,0,243.94,0
ITEM_2194,1.09,177.0,4.81,5,1,0,291.74,0
ITEM_2195,1.07,127.0,4.0,8,2,0,25.19,0
ITEM_2196,0.86,94.0,4.87,8,2,0,274.5,0
ITEM_2197,1.08,84.0,4.74,10,3,0,286.66,0
ITEM_2198,0.88,189.0,3.61,7,2,0,65.77,0
ITEM_2199,0.88,173.0,4.66,7,1,1,99.49,1
ITEM_2200,1.79,30.0,4.25,6,0,0,96.72,0
ITEM_2201,1.39,305.0,4.97,10,1,0,285.37,0
ITEM_2202,0.78,182.0,4.19,12,2,0,14.83,0
ITEM_2203,1.16,138.0,3.6,8,1,0,171.42,0
ITEM_2204,1.07,249.0,3.94,10,2,0,178.07,0
ITEM_2205,0.83,30.0,4.15,6,1,0,199.06,0
ITEM_2206,1.52,454.0,4.39,9,2,0,75.01,0
ITEM_2207,0.95,57.0,3.73,13,3,0,147.49,0
ITEM_2208,1.35,55.0,4.27,8,1,0,129.63,0
ITEM_2209,0.84,304.0,4.23,7,3,0,128.42,0
ITEM_2210,1.27,73.0,4.75,8,3,0,106.87,0
ITEM_2211,1.33,320.0,3.95,10,1,0,283.56,0
ITEM_2212,0.76,72.0,4.17,6,4,0,198.89,0
ITEM_2213,0.92,144.0,4.08,9,2,1,230.42,1
ITEM_2214,0.98,47.0,4.45,4,4,0,103.31,0
ITEM_2215,1.41,237.0,4.75,7,2,0,10.23,0
ITEM_2216,1.39,33.0,4.51,8,2,1,286.15,1
ITEM_2217,0.9,413.0,4.2,10,4,0,264.14,0
ITEM_2218,0.9,84.0,4.46,8,2,0,142.78,0
ITEM_2219,1.06,115.0,3.98,6,1,0,121.83,0
ITEM_2220,0.61,4.0,3.72,11,3,0,138.96,0
ITEM_2221,1.32,670.0,3.98,9,5,0,88.03,0
ITEM_2222,0.78,302.0,4.17,9,1,0,188.32,0
ITEM_2223,1.02,107.0,4.16,8,1,1,292.36,1
ITEM_2224,1.35,455.0,4.61,7,1,0,29.29,0
ITEM_2225,1.11,481.0,4.9,3,1,0,238.99,0
ITEM_2226,0.9,137.0,4.08,6,0,0,27.13,1
ITEM_2227,0.74,48.0,3.63,5,4,0,259.12,0
ITEM_2228,0.99,120.0,3.55,7,2,0,52.25,0
ITEM_2229,0.93,71.0,3.51,10,5,0,153.46,0
ITEM_2230,1.66,107.0,4.91,8,2,1,157.5,1
ITEM_2231,0.8,436.0,4.99,12,6,0,192.87,0
ITEM_2232,0.87,60.0,3.58,6,1,0,185.51,0
ITEM_2233,0.75,329.0,4.04,1,0,0,213.7,0
ITEM_2234,0.94,493.0,4.5,10,3,0,256.1,0
ITEM_2235,1.13,294.0,3.77,9,0,0,20.46,0
ITEM_2236,0.76,135.0,4.39,5,0,0,224.05,0
ITEM_2237,1.09,149.0,4.72,10,2,0,24.91,0
ITEM_2238,0.7,308.0,4.79,4,2,0,240.2,0
ITEM_2239,1.23,8.0,4.56,8,0,0,240.05,0
ITEM_2240,0.89,240.0,3.62,16,1,0,65.37,0
ITEM_2241,0.92,135.0,4.02,8,2,0,70.68,0
ITEM_2242,1.35,91.0,4.95,13,2,0,32.65,0
ITEM_2243,0.89,262.0,3.79,7,3,0,79.67,0
ITEM_2244,1.1,56.0,4.18,15,2,0,154.79,0
ITEM_2245,1.18,407.0,4.0,5,3,0,122.75,0
ITEM_2246,1.33,210.0,3.81,7,4,0,74.9,0
ITEM_2247,1.08,170.0,3.99,5,3,0,190.11,0
ITEM_2248,0.92,133.0,3.78,9,2,0,161.61,0
ITEM_2249,0.87,43.0,4.82,7,3,0,46.38,0
ITEM_2250,1.08,173.0,3.76,5,2,0,103.02,0
ITEM_2251,0.81,232.0,4.44,8,2,0,282.87,0
ITEM_2252,1.14,2.0,4.91,10,1,0,205.32,0
ITEM_2253,1.05,82.0,4.93,7,0,0,285.77,0
ITEM_2254,0.71,322.0,4.4,5,1,0,142.18,0
ITEM_2255,0.69,180.0,3.91,2,2,0,15.9,0
ITEM_2256,1.02,172.0,3.87,10,2,0,239.75,0
ITEM_2257,0.93,47.0,4.62,6,0,0,37.41,0
ITEM_2258,1.2,180.0,4.97,8,2,0,283.33,0
ITEM_2259,0.77,278.0,3.62,13,0,0,98.88,0
ITEM_2260,1.18,92.0,4.68,8,2,0,201.06,0
ITEM_2261,1.19,36.0,3.68,8,2,0,255.42,0
ITEM_2262,0.7,14.0,3.95,7,0,0,142.82,0
ITEM_2263,0.94,127.0,4.35,7,1,0,134.72,0
ITEM_2264,1.34,207.0,3.95,8,0,0,63.98,0
ITEM_2265,1.1,32.0,4.48,10,0,0,221.15,0
ITEM_2266,0.98,98.0,4.13,10,1,1,108.41,1
ITEM_2267,1.21,151.0,3.83,8,1,0,192.01,0
ITEM_2268,0.88,30.0,4.3,4,2,0,81.52,0
ITEM_2269,0.92,57.0,3.54,7,5,0,224.33,0
ITEM_2270,1.04,169.0,4.61,6,3,0,211.98,0
ITEM_2271,1.36,232.0,4.28,10,1,0,12.51,0
ITEM_2272,0.77,182.0,4.92,9,2,0,39.54,0
ITEM_2273,1.12,225.0,3.65,6,4,0,33.77,0
ITEM_2274,0.9,157.0,4.6,6,4,0,20.1,0
ITEM_2275,1.31,325.0,3.95,2,3,0,27.3,0
ITEM_2276,1.19,316.0,4.06,8,1,0,104.26,0
ITEM_2277,0.98,286.0,4.02,6,4,0,232.12,0
ITEM_2278,1.15,154.0,4.04,12,0,0,164.52,0
ITEM_2279,0.86,925.0,4.15,6,1,0,40.81,0
ITEM_2280,0.84,7.0,3.53,7,4,0,25.08,0
ITEM_2281,1.63,39.0,4.77,6,1,0,40.18,0
ITEM_2282,0.91,298.0,4.82,7,0,0,118.31,0
ITEM_2283,1.04,315.0,3.56,6,3,0,98.21,0
ITEM_2284,0.9,307.0,4.66,8,2,0,215.85,0
ITEM_2285,0.68,371.0,3.61,5,2,0,191.39,0
ITEM_2286,0.74,99.0,4.71,6,1,0,264.25,0
ITEM_2287,1.08,483.0,4.42,7,1,0,285.01,0
ITEM_2288,0.65,42.0,3.96,9,4,0,10.42,0
ITEM_2289,0.82,497.0,4.42,9,4,1,76.16,1
ITEM_2290,1.16,146.0,4.26,9,3,0,32.62,0
ITEM_2291,1.06,32.0,4.45,8,2,0,98.92,0
ITEM_2292,0.9,240.0,4.21,8,5,0,183.22,1
ITEM_2293,0.89,63.0,4.66,4,1,0,87.25,0
ITEM_2294,0.74,45.0,3.57,11,3,0,65.07,0
ITEM_2295,1.56,34.0,4.02,10,1,0,122.16,0
ITEM_2296,0.75,5.0,4.34,12,2,0,15.11,0
ITEM_2297,1.25,260.0,4.38,6,4,0,292.24,0
ITEM_2298,0.45,120.0,3.75,13,1,0,290.45,0
ITEM_2299,1.22,693.0,3.61,8,2,0,48.95,0
ITEM_2300,1.24,104.0,3.53,4,3,0,64.91,0
ITEM_2301,0.77,334.0,4.12,4,4,0,173.97,0
ITEM_2302,0.85,620.0,4.0,8,0,0,99.54,0
ITEM_2303,1.27,4.0,4.35,8,3,0,13.53,0
ITEM_2304,0.71,20.0,4.17,11,5,0,25.69,0
ITEM_2305,1.11,77.0,4.09,10,0,0,205.23,0
ITEM_2306,0.83,367.0,4.76,11,3,0,70.97,0
ITEM_2307,1.23,328.0,4.43,12,0,0,166.1,0
ITEM_2308,1.47,82.0,4.47,8,2,0,90.19,0
ITEM_2309,0.75,40.0,4.07,12,1,0,162.23,0
ITEM_2310,1.15,292.0,4.67,8,2,0,299.69,0
ITEM_2311,1.24,164.0,3.73,7,0,0,210.3,0
ITEM_2312,0.5,6.0,4.1,9,0,1,110.53,1
ITEM_2313,1.25,294.0,3.57,8,1,0,289.93,0
ITEM_2314,1.09,566.0,3.67,15,2,0,20.03,0
ITEM_2315,1.16,8.0,3.62,14,1,0,59.54,0
ITEM_2316,0.54,61.0,4.16,7,0,0,154.57,0
ITEM_2317,1.19,308.0,4.55,7,2,0,94.71,0
ITEM_2318,0.95,158.0,3.97,13,3,0,218.78,0
ITEM_2319,0.72,818.0,3.54,7,2,0,19.94,0
ITEM_2320,1.18,445.0,4.56,15,3,0,89.46,0
ITEM_2321,1.2,35.0,3.81,7,2,0,258.12,0
ITEM_2322,0.98,202.0,4.58,10,1,0,126.59,0
ITEM_2323,1.09,191.0,3.51,10,1,0,68.87,0
ITEM_2324,0.96,21.0,3.97,9,1,0,160.41,0
ITEM_2325,0.66,17.0,4.43,5,0,0,116.24,0
ITEM_2326,0.96,152.0,4.81,11,1,0,91.92,0
ITEM_2327,1.3,93.0,4.63,4,2,0,256.07,0
ITEM_2328,1.3,142.0,4.17,9,1,0,256.92,0
ITEM_2329,0.79,49.0,4.58,7,1,0,131.35,0
ITEM_2330,1.06,146.0,4.31,2,1,0,185.14,0
ITEM_2331,1.02,87.0,4.72,9,0,1,218.43,1
ITEM_2332,1.12,393.0,4.66,12,2,0,214.15,0
ITEM_2333,1.01,66.0,4.96,4,1,0,106.49,0
ITEM_2334,1.18,368.0,3.66,4,2,0,201.74,0
ITEM_2335,0.9,89.0,4.01,6,2,0,276.3,0
ITEM_2336,1.28,155.0,3.79,10,2,0,26.07,0
ITEM_2337,0.87,61.0,4.45,12,2,0,31.18,0
ITEM_2338,1.05,298.0,4.5,12,2,0,257.23,0
ITEM_2339,1.17,334.0,3.81,11,1,0,184.71,0
ITEM_2340,1.05,298.0,4.13,8,0,0,17.89,0
ITEM_2341,0.41,184.0,4.4,5,2,0,232.14,0
ITEM_2342,1.07,65.0,4.49,6,2,0,40.84,0
ITEM_2343,1.17,182.0,3.65,13,1,1,253.48,1
ITEM_2344,1.07,577.0,4.88,2,0,0,150.07,0
ITEM_2345,1.24,188.0,3.55,13,2,0,94.51,0
ITEM_2346,1.29,564.0,4.96,5,2,0,189.1,0
ITEM_2347,0.83,65.0,3.97,8,2,0,60.43,0
ITEM_2348,0.57,337.0,3.97,12,1,0,165.97,0
ITEM_2349,0.7,228.0,4.17,10,1,0,152.1,0
ITEM_2350,1.02,308.0,4.54,4,1,0,79.67,0
ITEM_2351,1.15,223.0,3.74,5,2,0,203.65,0
ITEM_2352,0.97,118.0,3.88,9,1,0,111.6,0
ITEM_2353,0.65,209.0,4.94,15,5,0,256.65,0
ITEM_2354,1.07,484.0,4.82,5,3,0,34.22,0
ITEM_2355,1.0,97.0,3.82,11,3,0,233.34,0
ITEM_2356,1.04,546.0,4.36,8,1,0,136.96,0
ITEM_2357,1.45,9.0,3.81,6,5,0,100.45,0
ITEM_2358,1.2,3.0,4.33,8,2,0,282.28,0
ITEM_2359,0.97,123.0,4.05,8,2,0,68.0,0
ITEM_2360,0.67,340.0,4.04,9,3,0,132.71,0
ITEM_2361,1.34,51.0,4.45,4,1,0,144.59,0
ITEM_2362,0.56,213.0,3.88,8,0,0,96.29,0
ITEM_2363,0.93,142.0,4.11,9,3,0,35.81,0
ITEM_2364,0.7,62.0,4.89,8,1,0,272.5,0
ITEM_2365,0.9,61.0,4.63,8,1,0,269.25,0
ITEM_2366,0.98,14.0,4.07,9,1,1,192.38,1
ITEM_2367,0.67,138.0,3.85,10,2,0,104.07,0
ITEM_2368,0.39,108.0,4.49,4,2,0,192.12,0
ITEM_2369,0.76,62.0,4.71,6,2,0,289.68,0
ITEM_2370,0.66,634.0,4.79,10,2,0,266.19,0
ITEM_2371,0.76,307.0,4.35,9,2,0,58.02,0
ITEM_2372,0.93,134.0,4.28,6,3,0,246.7,0
ITEM_2373,1.38,133.0,4.58,7,1,0,241.35,0
ITEM_2374,0.85,39.0,3.76,7,3,0,276.0,0
ITEM_2375,0.87,189.0,4.78,10,1,0,23.78,0
ITEM_2376,0.97,553.0,3.61,9,3,1,232.28,1
ITEM_2377,1.17,411.0,4.4,10,3,0,168.37,0
ITEM_2378,1.14,16.0,4.38,3,3,0,166.1,0
ITEM_2379,0.52,10.0,3.97,4,1,0,111.3,0
ITEM_2380,0.74,585.0,3.55,8,3,1,237.87,1
ITEM_2381,1.28,40.0,4.58,6,4,0,132.86,0
ITEM_2382,0.87,144.0,3.54,7,2,0,113.8,0
ITEM_2383,1.24,14.0,3.77,6,2,0,288.5,0
ITEM_2384,1.18,334.0,4.32,8,3,0,144.24,0
ITEM_2385,0.44,23.0,4.91,8,2,0,239.83,0
ITEM_2386,0.59,186.0,3.6,10,2,0,50.36,0
ITEM_2387,0.92,10.0,4.37,6,2,0,224.62,0
ITEM_2388,1.1,31.0,3.99,9,1,0,204.6,0
ITEM_2389,0.93,129.0,4.5,6,1,0,158.16,0
ITEM_2390,0.95,8.0,4.93,9,0,0,49.86,0
ITEM_2391,1.01,39.0,3.9,8,0,0,44.97,0
ITEM_2392,0.97,26.0,4.93,7,2,0,206.12,0
ITEM_2393,0.99,7.0,4.81,9,4,0,258.18,0
ITEM_2394,0.41,637.0,4.41,7,1,0,174.47,0
ITEM_2395,0.92,108.0,4.64,5,3,0,143.65,0
ITEM_2396,0.92,353.0,4.8,10,3,0,160.8,0
ITEM_2397,0.73,80.0,4.71,7,2,0,55.4,0
ITEM_2398,0.81,8.0,3.99,10,1,0,25.08,0
ITEM_2399,0.58,214.0,4.72,8,1,0,250.42,0
ITEM_2400,1.1,7.0,3.97,3,5,0,255.46,0
ITEM_2401,0.71,145.0,4.8,11,5,0,228.44,0
ITEM_2402,0.97,27.0,3.88,7,2,0,233.77,0
ITEM_2403,0.88,200.0,4.36,3,4,0,72.04,0
ITEM_2404,0.95,402.0,4.54,6,1,0,41.53,0
ITEM_2405,1.23,561.0,4.14,11,2,0,56.4,0
ITEM_2406,0.82,135.0,4.67,6,2,0,195.22,0
ITEM_2407,0.97,137.0,4.89,7,2,0,125.22,0
ITEM_2408,1.16,7.0,3.78,9,1,0,14.57,0
ITEM_2409,1.04,264.0,3.55,11,1,0,285.63,0
ITEM_2410,0.8,563.0,4.44,5,1,1,76.79,1
ITEM_2411,0.61,104.0,4.4,13,2,0,11.24,0
ITEM_2412,0.79,284.0,4.01,8,2,0,121.38,0
ITEM_2413,1.05,287.0,4.68,10,1,0,71.77,0
ITEM_2414,0.99,277.0,4.74,6,3,1,117.02,1
ITEM_2415,1.16,256.0,4.0,7,2,0,282.12,0
ITEM_2416,0.92,44.0,4.52,3,1,0,190.09,0
ITEM_2417,0.81,251.0,4.46,10,2,0,197.27,0
ITEM_2418,0.63,28.0,4.01,8,0,0,266.24,0
ITEM_2419,0.7,224.0,4.95,6,5,0,42.93,0
ITEM_2420,0.74,1.0,4.02,7,2,1,39.05,1
ITEM_2421,1.33,452.0,4.43,6,1,0,258.04,0
ITEM_2422,0.7,316.0,4.07,8,1,0,56.17,0
ITEM_2423,0.71,207.0,3.52,8,2,0,222.87,0
ITEM_2424,0.82,18.0,3.64,7,3,0,70.58,0
ITEM_2425,1.26,314.0,3.85,8,0,0,147.75,0
ITEM_2426,1.12,375.0,4.72,14,1,0,121.76,0
ITEM_2427,0.94,210.0,4.16,13,2,0,40.03,0
ITEM_2428,0.6,670.0,4.38,6,0,0,204.7,0
ITEM_2429,0.97,18.0,4.92,10,0,0,257.87,0
ITEM_2430,1.18,222.0,3.72,7,1,0,38.82,0
ITEM_2431,1.31,134.0,4.79,15,2,0,113.7,0
ITEM_2432,0.41,28.0,4.07,6,1,0,18.22,0
ITEM_2433,0.76,193.0,4.01,9,1,0,78.42,0
ITEM_2434,0.98,289.0,4.44,6,5,0,85.51,0
ITEM_2435,1.27,32.0,4.85,5,6,0,246.96,0
ITEM_2436,0.63,284.0,4.02,4,0,0,228.12,0
ITEM_2437,0.68,18.0,4.64,0,3,0,251.14,0
ITEM_2438,0.84,161.0,3.53,16,3,0,33.34,0
ITEM_2439,0.61,288.0,4.43,6,2,0,48.61,0
ITEM_2440,0.46,28.0,4.45,11,1,0,98.18,0
ITEM_2441,1.49,153.0,4.33,4,1,0,225.86,0
ITEM_2442,0.89,100.0,4.91,9,3,0,17.26,0
ITEM_2443,0.79,168.0,4.91,5,1,0,53.14,0
ITEM_2444,0.66,99.0,4.01,6,2,0,154.32,0
ITEM_2445,0.95,52.0,4.18,5,0,0,16.96,0
ITEM_2446,0.82,53.0,4.69,5,3,0,40.03,0
ITEM_2447,1.15,360.0,4.77,9,0,0,102.43,0
ITEM_2448,0.69,31.0,4.13,9,3,0,79.38,0
ITEM_2449,0.95,24.0,4.02,6,2,0,114.67,0
ITEM_2450,0.94,18.0,4.73,9,1,0,229.17,0
ITEM_2451,1.09,14.0,4.07,8,3,0,73.02,0
ITEM_2452,0.91,3.0,4.11,9,4,0,191.48,0
ITEM_2453,1.1,31.0,3.7,9,1,0,265.46,0
ITEM_2454,1.03,39.0,4.31,16,0,0,98.33,0
ITEM_2455,1.17,57.0,3.99,8,1,0,24.33,0
ITEM_2456,1.1,24.0,4.39,7,2,0,193.08,0
ITEM_2457,0.91,18.0,4.17,6,3,0,217.84,0
ITEM_2458,1.37,140.0,4.62,9,2,0,148.19,0
ITEM_2459,0.83,228.0,3.92,14,2,0,134.13,0
ITEM_2460,1.34,179.0,3.76,9,2,0,226.43,0
ITEM_2461,1.23,146.0,4.55,4,2,0,130.78,0
ITEM_2462,1.13,105.0,4.08,9,4,0,11.38,0
ITEM_2463,0.96,181.0,4.35,7,4,0,268.06,0
ITEM_2464,0.8,418.0,4.91,6,0,0,83.43,0
ITEM_2465,1.03,178.0,4.23,4,2,0,186.45,0
ITEM_2466,1.03,11.0,3.73,10,2,0,170.88,0
ITEM_2467,0.95,152.0,4.14,13,0,0,158.84,0
ITEM_2468,1.11,134.0,4.22,6,3,0,81.46,0
ITEM_2469,1.21,108.0,4.65,10,2,0,224.68,0
ITEM_2470,0.77,151.0,3.79,7,3,0,81.36,0
ITEM_2471,0.81,201.0,4.02,6,5,0,282.3,0
ITEM_2472,0.66,7.0,3.58,6,2,0,172.47,0
ITEM_2473,1.07,118.0,4.55,10,6,0,233.3,0
ITEM_2474,1.37,306.0,4.62,9,4,0,225.92,0
ITEM_2475,0.65,136.0,4.19,14,1,0,290.81,0
ITEM_2476,0.79,13.0,4.31,5,3,0,164.35,0
ITEM_2477,0.64,269.0,4.62,8,3,0,25.96,0
ITEM_2478,0.85,510.0,3.9,9,3,0,35.54,0
ITEM_2479,0.46,344.0,4.41,4,5,0,113.73,0
ITEM_2480,1.27,81.0,4.95,7,1,0,114.49,0
ITEM_2481,1.17,138.0,4.49,5,1,0,73.03,0
ITEM_2482,1.05,161.0,3.62,9,2,0,278.47,0
ITEM_2483,1.22,226.0,3.94,8,1,0,147.21,0
ITEM_2484,1.21,197.0,4.28,12,1,0,271.77,0
ITEM_2485,0.98,40.0,3.61,7,0,0,25.98,0
ITEM_2486,0.66,333.0,4.51,9,1,0,110.97,0
ITEM_2487,0.81,341.0,4.48,10,2,0,114.27,0
ITEM_2488,0.98,93.0,4.81,7,5,1,20.93,1
ITEM_2489,0.81,25.0,4.25,10,3,0,197.79,0
ITEM_2490,1.43,169.0,4.54,8,4,0,51.19,0
ITEM_2491,1.04,80.0,3.77,11,1,0,110.54,0
ITEM_2492,1.03,243.0,3.5,9,1,0,294.5,0
ITEM_2493,1.24,68.0,3.76,11,2,0,279.74,0
ITEM_2494,1.07,55.0,3.59,6,4,0,85.81,0
ITEM_2495,0.93,364.0,4.14,4,1,0,101.34,0
ITEM_2496,1.38,172.0,4.2,10,5,0,166.69,0
ITEM_2497,1.11,16.0,4.47,5,3,0,92.92,0
ITEM_2498,0.88,210.0,3.71,4,2,0,220.46,0
ITEM_2499,1.04,252.0,3.82,4,1,0,174.46,0
ITEM_2500,0.87,48.0,4.7,11,4,0,147.05,0
ITEM_2501,0.79,618.0,4.36,7,0,0,287.64,0
ITEM_2502,1.2,84.0,3.54,9,1,0,73.07,0
ITEM_2503,0.87,508.0,4.77,10,3,0,258.98,0
ITEM_2504,0.81,63.0,4.44,11,2,1,220.88,1
ITEM_2505,1.05,169.0,3.78,7,3,0,68.34,0
ITEM_2506,1.26,131.0,3.88,5,4,0,63.61,0
ITEM_2507,0.47,873.0,4.33,8,3,0,177.48,0
ITEM_2508,0.82,94.0,4.34,5,1,0,33.21,0
ITEM_2509,0.44,36.0,4.71,8,2,0,149.44,0
ITEM_2510,0.15,322.0,4.04,8,2,0,107.79,0
ITEM_2511,1.01,8.0,4.32,9,4,0,256.68,1
ITEM_2512,0.67,389.0,4.37,6,3,0,183.07,0
ITEM_2513,1.19,21.0,4.34,14,2,0,195.65,0
ITEM_2514,0.7,153.0,3.61,9,4,0,104.76,0
ITEM_2515,1.15,225.0,4.12,11,1,0,72.79,0
ITEM_2516,1.07,74.0,4.01,5,0,0,165.7,0
ITEM_2517,0.77,335.0,4.99,9,1,0,283.98,0
ITEM_2518,0.87,162.0,4.2,11,2,0,182.57,0
ITEM_2519,1.04,91.0,4.15,10,1,0,15.62,1
ITEM_2520,1.13,71.0,4.23,7,1,0,289.48,0
ITEM_2521,1.34,21.0,4.88,6,2,0,251.79,0
ITEM_2522,1.05,184.0,4.42,11,1,0,266.23,0
ITEM_2523,0.99,81.0,4.08,8,0,0,141.23,0
ITEM_2524,1.01,70.0,4.87,13,2,0,269.92,0
ITEM_2525,0.94,539.0,4.89,5,2,0,85.13,0
ITEM_2526,0.88,57.0,3.9,7,2,0,242.46,0
ITEM_2527,0.77,377.0,4.09,9,1,0,187.63,0
ITEM_2528,1.1,663.0,4.95,10,2,0,286.25,0
ITEM_2529,0.79,311.0,4.31,7,3,1,95.93,1
ITEM_2530,1.04,4.0,4.15,6,2,0,45.82,0
ITEM_2531,0.99,365.0,3.79,6,1,0,217.93,0
ITEM_2532,1.16,43.0,4.08,10,0,0,295.96,0
ITEM_2533,1.06,78.0,4.45,6,1,0,52.29,0
ITEM_2534,0.81,860.0,3.56,13,2,0,39.51,0
ITEM_2535,0.72,93.0,3.62,7,0,0,134.89,0
ITEM_2536,1.26,191.0,3.51,7,1,0,218.88,0
ITEM_2537,0.89,67.0,3.83,9,2,0,183.02,0
ITEM_2538,1.35,83.0,3.77,1,3,0,282.63,0
ITEM_2539,0.34,164.0,4.78,10,1,0,244.68,0
ITEM_2540,1.05,533.0,3.78,6,3,0,176.06,0
ITEM_2541,1.21,60.0,4.49,7,1,0,114.72,0
ITEM_2542,1.02,51.0,3.68,10,4,0,252.24,0
ITEM_2543,1.05,5.0,4.39,13,2,0,151.6,0
ITEM_2544,1.14,41.0,4.15,5,4,0,263.78,0
ITEM_2545,1.21,55.0,4.11,6,3,0,184.16,0
ITEM_2546,1.15,12.0,4.78,10,0,1,215.07,1
ITEM_2547,1.31,149.0,3.75,9,0,1,23.56,1
ITEM_2548,0.88,24.0,4.39,11,1,0,297.21,0
ITEM_2549,1.42,129.0,4.73,6,3,0,228.83,0
ITEM_2550,0.74,38.0,4.57,4,1,0,178.78,0
ITEM_2551,1.24,494.0,4.98,11,1,0,164.34,0
ITEM_2552,1.1,66.0,3.5,11,2,0,183.85,0
ITEM_2553,1.56,18.0,4.83,6,3,0,23.31,0
ITEM_2554,1.07,326.0,4.42,10,2,0,115.74,0
ITEM_2555,1.17,93.0,3.5,8,1,0,35.94,0
ITEM_2556,0.59,309.0,4.2,7,4,0,60.87,1
ITEM_2557,1.21,67.0,4.65,10,1,0,106.57,0
ITEM_2558,1.07,125.0,3.77,7,1,0,205.07,0
ITEM_2559,1.18,106.0,4.52,9,0,0,279.88,0
ITEM_2560,0.76,147.0,3.71,7,1,0,296.26,0
ITEM_2561,0.88,92.0,4.71,10,2,0,227.82,0
ITEM_2562,1.05,124.0,4.35,7,1,0,87.95,0
ITEM_2563,0.98,205.0,3.55,4,2,0,103.48,0
ITEM_2564,1.07,96.0,3.64,5,2,0,99.05,0
ITEM_2565,1.04,208.0,4.8,6,2,0,253.18,0
ITEM_2566,0.88,226.0,3.55,4,1,0,234.61,0
ITEM_2567,0.94,249.0,3.95,13,3,0,28.29,0
ITEM_2568,0.81,115.0,4.35,9,0,0,153.45,0
ITEM_2569,1.69,1.0,3.82,9,1,1,196.11,1
ITEM_2570,1.08,252.0,3.84,6,2,0,14.52,0
ITEM_2571,1.44,432.0,4.66,8,1,0,182.14,0
ITEM_2572,0.74,190.0,3.94,6,1,0,283.0,0
ITEM_2573,0.98,134.0,3.56,7,2,0,23.74,0
ITEM_2574,0.89,148.0,4.58,9,4,0,59.62,0
ITEM_2575,1.1,184.0,4.93,10,3,0,39.96,0
ITEM_2576,1.05,1173.0,4.75,4,4,0,117.1,0
ITEM_2577,0.72,12.0,4.32,11,1,1,117.17,1
ITEM_2578,1.12,4.0,4.14,7,2,0,287.15,0
ITEM_2579,1.07,599.0,4.89,8,1,0,242.13,0
ITEM_2580,1.07,105.0,4.65,9,3,0,194.77,0
ITEM_2581,1.29,171.0,4.36,9,5,0,196.24,0
ITEM_2582,1.24,252.0,4.82,9,4,0,203.3,0
ITEM_2583,1.41,244.0,4.4,8,5,0,59.55,0
ITEM_2584,1.08,188.0,4.96,3,1,0,112.72,0
ITEM_2585,1.23,115.0,4.79,7,1,0,197.5,0
ITEM_2586,0.95,154.0,4.33,8,1,0,19.69,0
ITEM_2587,1.05,235.0,4.88,10,1,0,152.07,0
ITEM_2588,1.15,342.0,4.01,8,4,0,252.63,0
ITEM_2589,0.88,25.0,4.55,12,2,0,168.08,0
ITEM_2590,1.02,59.0,3.76,7,2,0,260.9,1
ITEM_2591,0.68,91.0,4.84,6,2,1,226.47,1
ITEM_2592,1.31,197.0,3.87,16,5,0,166.27,0
ITEM_2593,1.32,91.0,4.92,7,1,0,119.27,0
ITEM_2594,0.7,49.0,3.53,8,2,0,200.18,0
ITEM_2595,1.29,6.0,4.52,9,0,0,154.25,0
ITEM_2596,1.24,333.0,3.73,8,1,0,298.33,0
ITEM_2597,1.08,98.0,4.66,7,1,0,187.03,0
ITEM_2598,1.08,72.0,4.24,6,1,0,83.01,0
ITEM_2599,1.14,136.0,4.86,10,1,0,289.27,0
ITEM_2600,0.67,24.0,4.57,9,1,0,93.24,0
ITEM_2601,1.58,91.0,4.65,10,2,0,268.32,0
ITEM_2602,0.46,251.0,3.68,3,1,0,152.74,0
ITEM_2603,0.63,240.0,3.64,7,2,0,214.43,0
ITEM_2604,1.27,266.0,4.78,6,1,0,68.5,0
ITEM_2605,1.23,113.0,3.84,5,3,0,172.23,0
ITEM_2606,1.43,83.0,4.8,10,4,0,68.32,0
ITEM_2607,1.03,320.0,3.71,10,2,0,78.89,0
ITEM_2608,0.77,34.0,3.96,6,3,0,56.92,0
ITEM_2609,1.02,232.0,4.89,7,4,0,140.32,0
ITEM_2610,1.21,394.0,4.76,10,1,0,159.26,0
ITEM_2611,0.83,61.0,3.58,10,4,0,86.16,0
ITEM_2612,0.73,40.0,4.17,12,1,0,187.92,0
ITEM_2613,1.01,129.0,4.86,4,0,0,88.6,0
ITEM_2614,0.82,44.0,3.52,8,4,0,161.21,0
ITEM_2615,0.96,368.0,3.66,9,2,0,208.87,0
ITEM_2616,0.85,50.0,4.47,11,2,0,27.41,0
ITEM_2617,1.15,68.0,3.66,10,1,0,259.44,0
ITEM_2618,0.89,395.0,4.17,7,5,0,113.76,0
ITEM_2619,0.87,41.0,4.26,7,4,0,159.88,0
ITEM_2620,1.18,389.0,4.79,8,1,0,139.28,0
ITEM_2621,0.72,42.0,4.94,8,2,0,285.4,0
ITEM_2622,0.77,437.0,4.27,8,3,0,65.04,0
ITEM_2623,1.08,69.0,4.27,7,4,0,191.79,0
ITEM_2624,0.78,51.0,4.59,4,4,0,250.28,0
ITEM_2625,1.33,117.0,3.79,12,4,0,134.28,0
ITEM_2626,0.74,83.0,4.91,6,3,0,107.2,0
ITEM_2627,0.97,41.0,3.5,7,2,0,42.59,0
ITEM_2628,0.78,74.0,3.5,4,0,0,219.03,0
ITEM_2629,1.37,225.0,4.44,9,0,0,237.97,1
ITEM_2630,0.74,321.0,4.01,9,2,0,100.94,0
ITEM_2631,1.48,309.0,4.1,7,3,0,234.99,0
ITEM_2632,1.02,255.0,3.83,12,3,0,38.93,0
ITEM_2633,0.95,1.0,4.11,8,3,0,134.84,0
ITEM_2634,0.48,100.0,4.74,11,1,0,90.27,0
ITEM_2635,1.42,33.0,4.55,13,0,0,89.89,0
ITEM_2636,1.13,14.0,3.64,10,2,0,279.82,0
ITEM_2637,0.7,240.0,3.59,10,2,0,235.15,0
ITEM_2638,0.87,284.0,4.26,6,2,0,232.19,0
ITEM_2639,0.59,303.0,4.6,6,1,0,153.02,0
ITEM_2640,0.81,398.0,4.5,8,1,0,190.27,0
ITEM_2641,0.97,161.0,4.8,7,2,0,237.94,0
ITEM_2642,1.41,1131.0,3.7,7,5,0,87.31,0
ITEM_2643,1.62,119.0,4.41,10,2,0,94.48,0
ITEM_2644,1.13,387.0,4.65,13,3,0,266.22,0
ITEM_2645,0.61,22.0,4.91,9,2,0,76.41,0
ITEM_2646,1.58,29.0,3.65,11,1,0,207.19,0
ITEM_2647,0.56,161.0,3.86,13,1,0,276.49,0
ITEM_2648,1.21,24.0,4.03,9,2,0,286.16,0
ITEM_2649,1.02,14.0,4.31,6,2,0,97.92,0
ITEM_2650,1.31,39.0,4.11,8,2,0,285.55,0
ITEM_2651,0.81,279.0,4.79,6,2,0,50.02,0
ITEM_2652,1.26,472.0,4.93,5,1,0,80.35,0
ITEM_2653,1.36,73.0,3.61,6,1,0,126.5,0
ITEM_2654,1.1,662.0,4.55,8,3,0,230.28,0
ITEM_2655,1.0,299.0,3.67,9,1,0,36.0,0
ITEM_2656,1.26,46.0,4.85,8,1,0,74.52,0
ITEM_2657,1.34,159.0,3.71,6,6,0,148.25,0
ITEM_2658,0.88,721.0,4.99,11,3,0,31.68,0
ITEM_2659,0.84,340.0,4.14,7,4,0,112.27,0
ITEM_2660,0.84,81.0,4.07,6,1,1,188.23,1
ITEM_2661,0.44,66.0,4.38,5,2,0,234.05,0
ITEM_2662,1.23,308.0,4.09,6,3,0,155.25,0
ITEM_2663,1.0,143.0,3.85,7,1,0,140.01,0
ITEM_2664,0.93,32.0,4.44,9,3,0,106.22,0
ITEM_2665,0.89,72.0,4.59,10,0,0,116.83,0
ITEM_2666,1.11,195.0,4.92,7,2,0,166.54,0
ITEM_2667,0.83,30.0,4.11,9,2,0,124.87,0
ITEM_2668,1.22,216.0,4.56,7,2,0,102.03,0
ITEM_2669,0.91,223.0,4.75,8,2,0,190.78,0
ITEM_2670,0.71,57.0,4.75,4,3,0,299.03,0
ITEM_2671,1.15,91.0,3.55,8,3,0,95.07,0
ITEM_2672,0.78,493.0,4.03,4,4,0,44.83,0
ITEM_2673,0.98,249.0,3.52,5,2,0,52.73,0
ITEM_2674,1.23,279.0,4.34,8,0,0,185.99,0
ITEM_2675,1.01,131.0,4.8,9,4,0,171.49,0
ITEM_2676,1.03,43.0,4.72,9,2,0,40.96,0
ITEM_2677,0.89,161.0,4.72,4,3,0,128.92,0
ITEM_2678,1.04,266.0,4.03,9,1,0,257.72,0
ITEM_2679,0.84,1.0,3.57,12,1,0,148.6,0
ITEM_2680,1.13,22.0,3.76,6,3,0,236.73,0
ITEM_2681,0.92,116.0,4.51,9,2,0,23.44,0
ITEM_2682,0.95,103.0,3.7,7,3,0,152.49,0
ITEM_2683,0.75,726.0,3.69,7,3,1,248.98,1
ITEM_2684,1.13,17.0,4.03,3,5,0,184.57,0
ITEM_2685,0.86,70.0,3.64,6,3,0,43.16,0
ITEM_2686,0.73,304.0,3.99,10,6,0,266.55,0
ITEM_2687,0.87,171.0,4.95,8,1,0,63.71,0
ITEM_2688,1.2,148.0,3.53,4,1,0,216.47,0
ITEM_2689,1.14,243.0,4.75,10,2,0,31.0,0
ITEM_2690,0.44,7.0,4.99,7,2,0,166.14,0
ITEM_2691,0.83,530.0,4.15,11,1,0,97.16,0
ITEM_2692,1.36,38.0,4.91,8,4,0,293.17,0
ITEM_2693,1.31,15.0,3.89,9,1,0,270.9,0
ITEM_2694,0.69,75.0,4.97,7,2,0,137.83,0
ITEM_2695,1.22,218.0,4.79,11,1,0,257.62,0
ITEM_2696,0.64,47.0,4.83,4,2,1,79.42,1
ITEM_2697,0.79,9.0,3.7,11,4,0,160.92,0
ITEM_2698,0.73,11.0,4.81,8,1,0,250.32,0
ITEM_2699,1.18,53.0,4.91,10,2,0,208.5,0
ITEM_2700,1.01,26.0,4.73,5,3,0,140.14,0
ITEM_2701,1.13,84.0,3.64,8,3,0,165.27,0
ITEM_2702,0.51,34.0,3.63,11,3,0,94.3,0
ITEM_2703,1.22,76.0,4.04,9,4,0,173.44,0
ITEM_2704,1.41,106.0,4.56,7,2,0,49.4,0
ITEM_2705,1.06,244.0,3.52,8,4,0,229.51,0
ITEM_2706,1.5,46.0,4.93,9,2,1,298.53,1
ITEM_2707,1.22,116.0,4.29,6,3,0,25.07,0
ITEM_2708,1.45,304.0,4.04,9,0,0,239.83,0
ITEM_2709,0.94,773.0,4.34,10,2,0,253.53,1
ITEM_2710,1.08,147.0,4.57,11,1,0,19.82,0
ITEM_2711,0.83,102.0,3.91,10,0,0,179.59,0
ITEM_2712,0.64,180.0,3.94,7,3,0,268.9,0
ITEM_2713,0.8,120.0,4.2,2,1,0,174.65,0
ITEM_2714,1.07,32.0,4.5,9,1,0,180.58,0
ITEM_2715,0.69,111.0,4.56,8,0,0,298.7,0
ITEM_2716,1.03,696.0,3.99,9,2,0,270.4,0
ITEM_2717,0.46,184.0,3.98,6,3,0,194.05,0
ITEM_2718,0.92,60.0,4.23,5,2,0,159.13,0
ITEM_2719,1.07,529.0,4.31,6,1,0,65.66,0
ITEM_2720,0.82,89.0,4.47,6,2,0,254.79,0
ITEM_2721,0.92,89.0,4.43,8,1,0,92.85,0
ITEM_2722,1.0,173.0,4.06,6,5,0,11.9,0
ITEM_2723,0.9,151.0,3.95,4,5,0,26.23,0
ITEM_2724,1.07,62.0,3.96,12,1,0,67.04,0
ITEM_2725,0.58,113.0,4.47,6,2,0,245.92,0
ITEM_2726,0.7,73.0,4.15,6,3,0,292.62,0
ITEM_2727,0.74,241.0,3.7,10,2,0,217.84,0
ITEM_2728,0.95,24.0,3.51,13,1,0,58.21,0
ITEM_2729,1.45,250.0,3.54,7,3,0,260.86,0
ITEM_2730,1.14,32.0,4.8,7,2,0,244.91,0
ITEM_2731,0.57,66.0,4.19,10,5,0,256.18,0
ITEM_2732,1.05,73.0,4.49,6,5,1,62.54,1
ITEM_2733,0.86,837.0,4.89,16,0,0,159.73,0
ITEM_2734,0.89,160.0,3.69,7,4,0,191.64,0
ITEM_2735,0.82,271.0,4.17,4,5,1,206.55,1
ITEM_2736,0.93,146.0,4.31,12,2,0,208.63,0
ITEM_2737,0.55,735.0,4.76,6,1,0,13.87,0
ITEM_2738,0.97,35.0,4.99,15,3,0,288.33,0
ITEM_2739,1.08,167.0,4.57,9,1,0,177.99,0
ITEM_2740,0.8,287.0,4.46,10,4,1,66.31,1
ITEM_2741,0.87,178.0,4.88,5,3,0,232.2,0
ITEM_2742,0.7,409.0,4.76,7,0,1,25.67,1
ITEM_2743,0.9,165.0,4.8,7,1,0,57.92,0
ITEM_2744,1.02,315.0,3.5,10,1,0,125.03,0
ITEM_2745,0.95,35.0,4.27,4,2,0,173.32,0
ITEM_2746,1.16,55.0,4.67,9,0,0,131.12,0
ITEM_2747,1.24,106.0,3.77,6,1,0,98.07,0
ITEM_2748,0.85,343.0,4.63,5,1,0,223.72,0
ITEM_2749,0.94,100.0,3.51,3,1,0,11.95,0
ITEM_2750,0.72,178.0,4.36,9,1,0,206.74,0
ITEM_2751,0.88,91.0,4.78,6,3,0,285.46,0
ITEM_2752,1.01,295.0,4.15,9,0,0,53.64,0
ITEM_2753,1.19,40.0,4.61,9,2,0,258.16,0
ITEM_2754,0.98,162.0,4.3,7,1,0,63.74,0
ITEM_2755,1.08,155.0,4.47,13,1,0,132.05,0
ITEM_2756,0.67,93.0,4.28,8,2,0,292.76,0
ITEM_2757,1.06,220.0,4.21,10,2,0,238.15,0
ITEM_2758,0.78,5.0,4.76,7,1,0,114.23,0
ITEM_2759,1.39,332.0,3.64,8,4,0,111.29,0
ITEM_2760,1.45,77.0,4.38,5,2,0,103.39,0
ITEM_2761,1.39,284.0,3.67,8,1,0,115.13,0
ITEM_2762,0.77,66.0,4.34,9,3,0,293.0,0
ITEM_2763,1.16,37.0,4.95,10,4,0,108.83,0
ITEM_2764,0.38,89.0,3.59,11,0,0,139.08,0
ITEM_2765,1.27,287.0,4.13,8,4,0,71.52,0
ITEM_2766,0.99,219.0,4.7,9,5,0,195.23,0
ITEM_2767,0.54,92.0,4.05,6,3,0,251.49,0
ITEM_2768,1.15,500.0,4.28,8,2,0,92.93,0
ITEM_2769,0.91,95.0,3.67,8,0,1,71.7,1
ITEM_2770,0.91,78.0,3.83,8,2,0,140.9,0
ITEM_2771,1.13,28.0,4.53,6,3,0,208.59,0
ITEM_2772,1.25,13.0,4.74,8,3,0,127.91,0
ITEM_2773,1.07,78.0,4.47,5,1,0,52.84,0
ITEM_2774,0.43,17.0,4.76,12,0,0,62.3,0
ITEM_2775,1.07,112.0,4.41,2,2,1,93.38,1
ITEM_2776,0.74,354.0,4.72,13,2,0,252.02,0
ITEM_2777,1.12,116.0,4.97,15,3,0,157.66,0
ITEM_2778,1.08,118.0,3.62,7,3,0,180.48,0
ITEM_2779,0.92,53.0,4.22,17,0,0,68.36,0
ITEM_2780,0.96,33.0,3.78,10,3,0,199.8,0
ITEM_2781,0.54,45.0,4.2,12,1,0,253.25,0
ITEM_2782,1.39,151.0,4.25,11,0,0,68.03,0
ITEM_2783,1.06,161.0,4.43,6,3,0,26.95,1
ITEM_2784,1.04,45.0,4.16,13,0,0,202.57,0
ITEM_2785,1.06,92.0,3.99,9,1,0,246.6,0
ITEM_2786,0.53,151.0,3.56,12,1,0,208.44,0
ITEM_2787,1.22,257.0,3.55,6,3,0,134.25,0
ITEM_2788,0.88,69.0,3.76,3,0,1,199.52,1
ITEM_2789,1.01,57.0,4.17,8,3,0,299.11,0
ITEM_2790,0.83,236.0,4.13,8,2,0,190.84,0
ITEM_2791,0.67,130.0,3.79,8,1,0,163.16,0
ITEM_2792,0.84,350.0,4.73,9,1,0,166.53,0
ITEM_2793,0.93,43.0,4.53,10,3,0,146.02,0
ITEM_2794,0.97,265.0,4.01,8,0,0,209.47,0
ITEM_2795,0.85,32.0,4.7,11,3,0,254.98,0
ITEM_2796,0.95,158.0,4.98,8,1,0,219.03,0
ITEM_2797,0.9,60.0,3.87,6,2,0,75.36,0
ITEM_2798,0.63,19.0,4.04,10,5,0,116.33,0
ITEM_2799,0.97,173.0,4.99,6,1,0,181.36,0
ITEM_2800,0.97,127.0,3.71,5,2,0,298.02,0
ITEM_2801,0.8,120.0,3.62,12,2,0,29.89,0
ITEM_2802,1.21,162.0,4.28,8,3,1,64.69,1
ITEM_2803,0.97,84.0,4.2,9,1,0,234.67,0
ITEM_2804,1.07,200.0,3.62,12,2,0,65.77,0
ITEM_2805,0.76,25.0,3.94,11,5,0,205.04,0
ITEM_2806,0.81,226.0,4.13,9,0,0,298.36,0
ITEM_2807,0.91,156.0,4.73,6,1,0,195.83,0
ITEM_2808,0.67,120.0,4.56,8,1,0,148.94,0
ITEM_2809,0.52,25.0,4.87,7,1,0,251.47,0
ITEM_2810,1.32,59.0,4.0,6,1,0,233.82,0
ITEM_2811,0.84,63.0,3.96,6,2,0,216.15,0
ITEM_2812,0.94,48.0,4.19,4,1,0,43.99,0
ITEM_2813,1.05,555.0,3.51,8,0,0,193.21,0
ITEM_2814,0.93,445.0,3.81,10,2,0,13.85,0
ITEM_2815,0.7,142.0,3.82,11,1,0,26.39,0
ITEM_2816,1.24,41.0,3.59,7,1,0,21.2,0
ITEM_2817,0.86,436.0,4.18,7,3,0,41.59,0
ITEM_2818,1.14,249.0,4.86,8,3,0,135.42,0
ITEM_2819,1.35,7.0,3.51,18,2,0,284.4,0
ITEM_2820,0.67,121.0,4.44,12,0,0,31.72,0
ITEM_2821,1.2,167.0,4.82,6,3,0,219.18,0
ITEM_2822,1.02,12.0,3.66,7,0,0,157.13,0
ITEM_2823,0.77,9.0,4.88,9,2,0,89.99,0
ITEM_2824,1.11,112.0,4.73,11,2,0,101.91,0
ITEM_2825,1.03,0.0,3.82,9,2,0,16.63,0
ITEM_2826,0.85,9.0,4.86,4,2,0,213.12,0
ITEM_2827,1.48,32.0,4.71,10,0,0,39.12,0
ITEM_2828,1.1,433.0,3.67,9,3,0,20.06,0
ITEM_2829,0.73,262.0,4.75,8,2,0,145.81,0
ITEM_2830,1.08,108.0,4.31,3,2,0,148.43,0
ITEM_2831,0.95,117.0,4.72,11,1,0,199.87,0
ITEM_2832,0.72,209.0,4.43,7,1,0,214.87,0
ITEM_2833,0.94,116.0,4.09,6,0,0,157.55,0
ITEM_2834,1.1,12.0,4.4,8,3,0,215.33,0
ITEM_2835,0.77,242.0,4.45,11,5,0,82.57,0
ITEM_2836,0.65,11.0,4.65,10,3,0,51.67,0
ITEM_2837,0.66,120.0,4.75,7,4,0,280.13,0
ITEM_2838,0.67,356.0,4.49,9,0,0,118.25,0
ITEM_2839,1.13,22.0,4.98,4,1,0,36.12,0
ITEM_2840,1.1,221.0,4.67,5,0,0,249.86,0
ITEM_2841,0.77,9.0,4.87,10,1,0,187.8,0
ITEM_2842,0.95,895.0,3.98,9,1,0,181.67,0
ITEM_2843,0.67,206.0,3.97,10,1,0,48.46,0
ITEM_2844,0.84,625.0,4.04,9,2,0,229.64,0
ITEM_2845,0.83,199.0,4.16,8,2,0,69.05,0
ITEM_2846,1.07,50.0,4.94,6,0,0,22.21,0
ITEM_2847,1.29,470.0,3.61,5,0,0,56.71,0
ITEM_2848,0.73,177.0,4.25,9,3,0,213.17,0
ITEM_2849,0.79,154.0,3.74,4,4,0,239.44,0
ITEM_2850,1.07,101.0,4.72,5,0,0,81.51,0
ITEM_2851,0.64,60.0,3.55,7,1,0,101.36,0
ITEM_2852,0.77,136.0,4.18,7,0,0,57.19,0
ITEM_2853,1.21,82.0,4.09,8,3,0,141.3,0
ITEM_2854,1.31,346.0,3.64,10,2,1,73.82,1
ITEM_2855,0.77,5.0,4.07,5,2,0,295.39,0
ITEM_2856,0.79,136.0,4.71,13,1,0,232.42,1
ITEM_2857,1.17,326.0,3.71,7,2,1,183.16,1
ITEM_2858,1.24,5.0,4.98,7,1,0,219.18,0
ITEM_2859,0.92,60.0,3.59,10,1,0,58.4,0
ITEM_2860,0.82,10.0,3.93,10,3,0,225.64,0
ITEM_2861,1.13,163.0,4.66,8,2,0,110.44,0
ITEM_2862,1.08,69.0,4.04,9,0,0,146.17,1
ITEM_2863,0.98,578.0,4.22,3,3,0,266.73,0
ITEM_2864,1.45,172.0,3.78,5,4,0,283.82,0
ITEM_2865,1.05,149.0,4.57,9,2,0,232.88,0
ITEM_2866,0.71,449.0,3.77,15,4,0,232.6,0
ITEM_2867,1.1,46.0,4.77,8,2,0,225.91,0
ITEM_2868,0.82,149.0,4.31,7,1,1,191.65,1
ITEM_2869,0.95,141.0,4.32,9,2,0,66.71,0
ITEM_2870,1.18,15.0,4.9,6,0,0,180.64,0
ITEM_2871,1.21,484.0,4.66,8,4,0,26.41,0
ITEM_2872,0.25,217.0,4.61,12,1,1,18.9,1
ITEM_2873,0.85,394.0,4.79,4,0,0,253.02,0
ITEM_2874,0.86,729.0,3.64,8,1,0,166.75,0
ITEM_2875,0.99,118.0,4.59,13,2,0,14.75,0
ITEM_2876,0.77,293.0,3.85,7,2,0,89.09,0
ITEM_2877,0.92,155.0,3.92,9,4,0,208.05,0
ITEM_2878,0.97,680.0,3.52,7,0,0,282.41,0
ITEM_2879,0.57,51.0,4.84,2,2,1,254.79,1
ITEM_2880,0.95,3.0,4.61,10,4,0,139.09,0
ITEM_2881,1.23,37.0,3.71,8,2,0,92.82,0
ITEM_2882,0.68,25.0,3.99,8,3,0,99.93,0
ITEM_2883,1.03,103.0,4.22,7,0,0,222.75,0
ITEM_2884,1.01,15.0,4.24,18,1,0,243.28,0
ITEM_2885,0.54,45.0,4.39,9,1,0,115.99,0
ITEM_2886,0.91,18.0,4.21,11,3,0,190.63,0
ITEM_2887,0.97,120.0,4.47,5,1,0,226.23,0
ITEM_2888,1.31,56.0,4.83,8,2,0,255.25,0
ITEM_2889,0.9,115.0,4.1,12,1,0,195.87,0
ITEM_2890,1.09,17.0,4.82,15,1,0,260.65,0
ITEM_2891,0.82,131.0,3.83,4,0,0,91.65,0
ITEM_2892,1.07,25.0,3.68,9,3,0,212.65,0
ITEM_2893,1.21,19.0,3.86,7,2,0,126.6,0
ITEM_2894,0.58,67.0,3.81,6,2,0,279.3,0
ITEM_2895,1.03,373.0,4.98,6,2,0,73.45,0
ITEM_2896,1.13,280.0,4.07,8,2,0,238.33,0
ITEM_2897,0.96,576.0,4.48,11,1,0,280.18,0
ITEM_2898,1.06,111.0,4.54,7,1,1,207.91,1
ITEM_2899,1.19,67.0,4.17,4,2,1,238.81,1
ITEM_2900,0.66,637.0,3.84,8,2,0,266.99,0
ITEM_2901,1.09,87.0,4.16,10,1,0,99.76,0
ITEM_2902,1.29,2.0,4.21,5,1,0,46.11,0
ITEM_2903,0.89,309.0,4.93,9,2,0,281.59,0
ITEM_2904,0.84,33.0,4.35,14,0,0,20.88,0
ITEM_2905,0.84,228.0,4.95,12,2,0,150.54,0
ITEM_2906,1.07,3.0,4.37,7,1,0,103.51,0
ITEM_2907,1.35,21.0,3.72,7,1,0,170.83,0
ITEM_2908,1.52,119.0,4.08,12,2,0,296.9,0
ITEM_2909,1.39,13.0,4.69,6,3,0,23.26,0
ITEM_2910,0.91,395.0,4.13,5,3,0,233.19,0
ITEM_2911,0.78,249.0,3.65,11,4,0,17.12,0
ITEM_2912,0.61,72.0,3.64,11,2,0,85.76,0
ITEM_2913,1.11,164.0,3.86,6,2,0,214.61,0
ITEM_2914,1.73,226.0,4.35,9,0,1,89.7,1
ITEM_2915,1.05,253.0,4.75,7,3,0,187.11,0
ITEM_2916,1.09,91.0,4.3,7,0,0,290.37,0
ITEM_2917,0.99,412.0,4.62,9,3,0,263.67,0
ITEM_2918,1.14,512.0,4.47,6,1,0,252.54,0
ITEM_2919,0.84,39.0,4.29,10,3,0,66.13,0
ITEM_2920,1.08,436.0,3.82,7,0,0,88.82,0
ITEM_2921,0.93,224.0,4.82,9,1,0,238.4,0
ITEM_2922,1.12,394.0,3.91,7,2,0,221.84,0
ITEM_2923,1.0,100.0,3.88,9,3,0,94.49,0
ITEM_2924,1.13,195.0,3.89,11,2,0,134.39,0
ITEM_2925,0.77,48.0,3.64,10,0,0,198.08,0
ITEM_2926,1.27,250.0,4.25,9,0,0,162.4,0
ITEM_2927,1.24,157.0,3.99,14,5,0,142.27,0
ITEM_2928,0.93,118.0,4.28,10,4,0,39.03,0
ITEM_2929,0.86,212.0,4.18,8,2,0,136.14,0
ITEM_2930,0.68,145.0,4.28,7,2,0,297.73,0
ITEM_2931,0.71,261.0,3.95,3,2,0,109.16,0
ITEM_2932,0.9,352.0,4.72,3,6,0,211.26,1
ITEM_2933,1.04,290.0,4.3,3,2,0,156.68,0
ITEM_2934,1.05,66.0,3.81,6,2,0,240.47,0
ITEM_2935,1.44,672.0,4.85,12,4,0,227.0,0
ITEM_2936,0.87,189.0,3.66,2,0,0,283.88,0
ITEM_2937,0.85,70.0,4.6,9,2,0,198.71,0
ITEM_2938,0.98,8.0,4.52,8,1,0,284.85,0
ITEM_2939,0.77,798.0,3.61,6,2,0,22.05,0
ITEM_2940,1.38,164.0,4.85,8,1,0,127.98,0
ITEM_2941,1.45,46.0,3.97,3,3,0,205.82,0
ITEM_2942,1.2,122.0,4.61,8,1,0,149.29,0
ITEM_2943,1.23,91.0,3.92,9,2,0,280.33,1
ITEM_2944,0.96,544.0,4.29,9,5,0,50.75,0
ITEM_2945,1.17,122.0,4.96,2,0,0,149.26,0
ITEM_2946,1.31,119.0,4.42,9,4,0,258.29,0
ITEM_2947,0.92,285.0,3.94,8,2,0,229.66,0
ITEM_2948,1.36,89.0,4.19,13,1,0,239.45,0
ITEM_2949,0.99,39.0,4.51,8,0,0,144.1,0
ITEM_2950,0.98,263.0,4.17,3,0,1,108.14,1
ITEM_2951,0.78,434.0,4.87,9,1,0,156.84,0
ITEM_2952,1.06,8.0,4.8,10,1,0,68.31,0
ITEM_2953,1.28,354.0,3.72,11,5,0,195.99,0
ITEM_2954,0.44,104.0,4.68,10,0,0,238.07,0
ITEM_2955,1.09,61.0,4.91,12,2,0,30.82,0
ITEM_2956,1.18,7.0,3.98,6,2,0,183.73,0
ITEM_2957,1.03,41.0,3.86,6,3,0,176.88,0
ITEM_2958,0.51,73.0,3.51,7,2,0,86.58,0
ITEM_2959,0.66,13.0,3.67,6,0,0,298.65,0
ITEM_2960,0.98,38.0,4.94,7,0,0,154.94,0
ITEM_2961,0.58,240.0,4.09,6,2,0,267.52,0
ITEM_2962,1.67,209.0,4.08,7,4,0,65.21,0
ITEM_2963,1.32,264.0,3.9,10,0,0,227.17,0
ITEM_2964,0.74,33.0,3.75,7,3,0,32.99,0
ITEM_2965,1.22,8.0,4.26,12,2,0,29.76,0
ITEM_2966,1.17,114.0,4.58,11,2,0,65.72,0
ITEM_2967,0.91,76.0,4.33,9,4,0,223.81,0
ITEM_2968,1.25,270.0,3.55,10,0,0,299.12,0
ITEM_2969,0.48,139.0,4.71,11,2,0,245.18,0
ITEM_2970,0.91,482.0,4.9,6,3,0,133.16,0
ITEM_2971,0.87,11.0,4.16,6,2,0,196.64,0
ITEM_2972,1.45,81.0,4.05,4,0,0,147.64,0
ITEM_2973,0.76,94.0,3.84,3,1,0,81.75,0
ITEM_2974,1.17,24.0,3.95,18,1,0,188.6,0
ITEM_2975,0.83,157.0,4.47,4,1,0,163.59,0
ITEM_2976,1.27,7.0,4.66,5,2,0,165.95,0
ITEM_2977,0.89,225.0,4.0,2,2,0,28.39,0
ITEM_2978,0.7,7.0,4.01,6,3,0,45.11,0
ITEM_2979,0.99,372.0,4.18,10,4,0,154.91,0
ITEM_2980,1.21,12.0,3.76,11,1,0,114.03,0
ITEM_2981,1.13,110.0,4.89,6,5,0,133.25,0
ITEM_2982,0.63,30.0,4.56,7,1,0,123.11,0
ITEM_2983,0.6,26.0,4.15,9,5,0,216.31,0
ITEM_2984,0.84,230.0,3.68,13,0,0,61.78,0
ITEM_2985,0.75,268.0,4.77,7,2,0,283.22,0
ITEM_2986,0.77,242.0,4.23,10,0,0,146.42,0
ITEM_2987,0.88,93.0,4.7,10,2,0,108.71,0
ITEM_2988,1.15,844.0,3.55,11,5,0,16.14,0
ITEM_2989,0.93,75.0,3.91,8,1,0,112.99,0
ITEM_2990,0.7,51.0,4.43,6,1,0,191.47,0
ITEM_2991,0.77,1018.0,4.23,10,1,0,241.21,0
ITEM_2992,1.11,681.0,3.94,7,4,0,222.28,0
ITEM_2993,0.97,161.0,3.8,6,1,0,176.23,0
ITEM_2994,0.82,42.0,3.95,4,1,0,136.46,0
ITEM_2995,1.16,49.0,4.61,6,1,0,162.38,0
ITEM_2996,1.2,132.0,3.78,6,1,0,288.92,0
ITEM_2997,1.19,269.0,4.39,4,4,0,290.17,0
ITEM_2998,0.97,15.0,4.14,9,7,0,242.95,0
ITEM_2999,0.78,209.0,4.64,3,3,1,58.38,1
ITEM_3000,0.94,20.0,3.8,6,2,0,280.92,0
ITEM_3001,0.82,335.0,3.91,2,3,0,197.89,0
ITEM_3002,0.34,137.0,4.1,5,2,0,148.56,0
ITEM_3003,0.94,824.0,3.75,10,1,0,172.82,0
ITEM_3004,0.46,252.0,4.19,13,2,0,148.16,0
ITEM_3005,0.82,124.0,4.12,12,1,0,148.68,0
ITEM_3006,0.85,27.0,4.99,13,3,0,135.05,0
ITEM_3007,1.39,141.0,4.39,6,1,0,269.8,0
ITEM_3008,0.7,22.0,3.6,11,1,0,142.19,0
ITEM_3009,1.06,424.0,4.19,10,3,0,73.84,0
ITEM_3010,0.92,47.0,4.82,8,1,0,76.34,0
ITEM_3011,1.12,361.0,4.8,8,2,0,48.17,0
ITEM_3012,0.83,65.0,4.94,9,1,0,170.74,0
ITEM_3013,0.61,45.0,4.84,9,1,0,104.2,0
ITEM_3014,1.03,65.0,3.76,6,7,0,177.45,0
ITEM_3015,1.0,221.0,3.51,12,1,0,279.95,0
ITEM_3016,1.05,134.0,4.42,2,2,0,287.13,0
ITEM_3017,0.93,20.0,4.55,7,3,0,98.68,0
ITEM_3018,0.91,27.0,3.7,10,0,0,73.86,0
ITEM_3019,1.2,86.0,3.75,7,2,0,26.05,0
ITEM_3020,1.18,74.0,4.94,10,6,0,89.14,0
ITEM_3021,0.8,344.0,4.92,6,1,0,156.83,0
ITEM_3022,0.96,153.0,3.74,10,1,0,184.76,0
ITEM_3023,0.7,37.0,3.87,5,3,0,38.47,0
ITEM_3024,1.14,5.0,4.84,7,1,0,81.19,0
ITEM_3025,1.12,19.0,4.15,9,2,0,22.17,0
ITEM_3026,1.35,217.0,4.7,7,2,0,235.1,0
ITEM_3027,1.18,338.0,4.09,3,2,0,88.35,0
ITEM_3028,1.04,275.0,4.6,5,2,0,175.05,0
ITEM_3029,1.64,281.0,4.1,7,1,0,143.46,0
ITEM_3030,1.09,54.0,4.85,7,4,0,148.44,0
ITEM_3031,1.14,813.0,3.99,9,1,0,203.05,0
ITEM_3032,0.55,16.0,4.28,9,2,0,129.02,0
ITEM_3033,1.2,310.0,4.28,4,2,0,82.45,0
ITEM_3034,1.6,18.0,4.47,9,4,0,128.77,0
ITEM_3035,1.07,56.0,3.96,10,4,0,248.89,0
ITEM_3036,1.2,123.0,4.46,6,5,0,173.01,0
ITEM_3037,1.28,10.0,3.71,5,4,0,293.22,0
ITEM_3038,1.45,90.0,4.84,11,0,0,237.65,0
ITEM_3039,1.15,78.0,3.72,8,3,0,249.42,0
ITEM_3040,0.6,188.0,4.76,10,2,0,236.97,0
ITEM_3041,1.06,228.0,4.54,8,0,0,138.27,0
ITEM_3042,1.19,17.0,4.01,10,2,0,243.03,0
ITEM_3043,1.17,7.0,3.99,7,2,0,192.94,0
ITEM_3044,0.96,269.0,4.95,8,1,0,75.45,0
ITEM_3045,0.91,135.0,3.79,5,5,0,37.54,0
ITEM_3046,0.91,138.0,4.58,5,1,0,154.67,0
ITEM_3047,0.96,711.0,3.78,7,4,0,179.04,1
ITEM_3048,1.03,104.0,4.86,9,4,0,111.33,0
ITEM_3049,1.14,39.0,4.61,7,3,0,192.6,0
ITEM_3050,1.09,205.0,4.9,10,1,0,53.72,0
ITEM_3051,0.89,304.0,4.82,6,0,0,243.83,0
ITEM_3052,0.7,126.0,4.32,6,2,0,126.23,0
ITEM_3053,1.09,212.0,3.73,10,1,0,220.52,0
ITEM_3054,0.93,130.0,3.83,2,4,0,257.36,0
ITEM_3055,1.4,94.0,3.8,13,3,0,79.27,0
ITEM_3056,1.23,6.0,3.83,12,1,1,168.17,1
ITEM_3057,1.09,34.0,4.21,9,0,0,46.25,0
ITEM_3058,0.81,118.0,4.8,10,1,0,22.35,0
ITEM_3059,0.66,91.0,3.53,11,1,0,21.61,0
ITEM_3060,1.0,333.0,3.86,10,1,0,285.55,0
ITEM_3061,1.04,21.0,4.4,8,2,0,22.99,0
ITEM_3062,0.57,9.0,4.8,12,1,0,184.92,0
ITEM_3063,1.12,16.0,3.95,5,2,0,26.64,0
ITEM_3064,1.01,204.0,4.07,8,1,0,217.24,0
ITEM_3065,0.33,162.0,4.06,4,2,0,151.9,0
ITEM_3066,0.79,180.0,3.94,11,1,0,70.42,0
ITEM_3067,0.8,31.0,4.55,10,3,0,184.96,0
ITEM_3068,0.69,131.0,4.48,5,3,1,106.92,1
ITEM_3069,1.1,263.0,4.76,9,1,0,53.94,0
ITEM_3070,1.45,207.0,4.88,10,4,0,224.53,0
ITEM_3071,1.12,104.0,4.85,9,1,0,120.71,0
ITEM_3072,1.16,20.0,4.31,9,1,1,146.06,1
ITEM_3073,0.81,368.0,3.78,10,1,0,21.21,0
ITEM_3074,1.13,134.0,3.83,5,1,0,173.48,0
ITEM_3075,0.95,397.0,4.39,8,3,0,158.98,0
ITEM_3076,1.0,104.0,4.88,8,2,0,227.06,0
ITEM_3077,0.85,49.0,4.3,3,4,0,148.66,0
ITEM_3078,0.61,66.0,4.9,8,2,0,254.77,0
ITEM_3079,1.23,97.0,3.89,12,2,0,110.92,0
ITEM_3080,1.04,171.0,3.63,10,2,0,226.67,0
ITEM_3081,0.94,264.0,4.69,3,1,0,80.1,0
ITEM_3082,1.46,50.0,4.82,8,4,0,260.33,0
ITEM_3083,0.75,37.0,4.17,6,2,0,112.05,0
ITEM_3084,1.16,41.0,3.65,8,0,0,223.56,0
ITEM_3085,1.51,491.0,3.56,3,2,0,243.23,0
ITEM_3086,1.1,32.0,3.59,11,2,0,57.6,0
ITEM_3087,0.71,76.0,4.16,9,2,0,242.36,0
ITEM_3088,1.24,120.0,3.85,9,2,0,93.99,0
ITEM_3089,0.86,146.0,4.19,7,1,1,182.61,1
ITEM_3090,0.85,351.0,4.23,6,2,0,161.27,0
ITEM_3091,0.77,22.0,4.19,13,2,0,179.83,0
ITEM_3092,1.41,21.0,4.43,11,0,0,238.69,0
ITEM_3093,0.9,68.0,4.52,7,3,0,251.08,0
ITEM_3094,0.77,96.0,4.09,7,7,0,82.72,0
ITEM_3095,1.31,84.0,4.01,5,1,0,64.88,0
ITEM_3096,0.6,90.0,4.05,7,3,0,34.28,0
ITEM_3097,1.02,343.0,3.61,7,1,1,214.74,1
ITEM_3098,0.83,326.0,3.98,9,4,0,148.1,0
ITEM_3099,1.15,295.0,3.8,6,1,0,53.32,0
ITEM_3100,0.89,253.0,3.94,9,0,0,150.15,0
ITEM_3101,0.65,7.0,4.57,12,2,0,295.52,0
ITEM_3102,1.04,29.0,4.98,7,2,0,171.75,0
ITEM_3103,0.89,237.0,4.89,11,1,0,262.9,0
ITEM_3104,1.21,163.0,4.73,7,5,0,35.63,0
ITEM_3105,1.02,202.0,4.61,7,4,0,271.6,0
ITEM_3106,1.54,227.0,4.92,7,1,0,171.86,0
ITEM_3107,0.86,436.0,4.63,8,1,0,166.59,0
ITEM_3108,1.29,181.0,4.21,7,4,1,49.95,1
ITEM_3109,0.91,58.0,4.4,6,2,0,142.49,0
ITEM_3110,0.97,16.0,3.96,6,0,0,150.51,0
ITEM_3111,1.19,102.0,3.5,4,3,1,50.6,1
ITEM_3112,0.76,223.0,4.03,10,3,0,107.32,0
ITEM_3113,1.3,60.0,4.11,4,4,0,264.87,0
ITEM_3114,1.17,23.0,4.6,10,1,0,19.67,0
ITEM_3115,1.2,1202.0,4.79,11,3,0,161.86,0
ITEM_3116,1.23,98.0,4.94,7,4,0,236.68,0
ITEM_3117,1.14,44.0,4.03,9,1,0,290.64,0
ITEM_3118,1.17,32.0,4.94,6,1,0,200.85,0
ITEM_3119,1.33,358.0,4.7,10,4,0,21.69,0
ITEM_3120,1.0,308.0,3.55,10,0,0,218.54,0
ITEM_3121,0.96,171.0,4.39,8,2,0,221.45,0
ITEM_3122,1.12,143.0,4.05,7,1,0,165.77,0
ITEM_3123,1.03,544.0,3.55,8,2,0,119.57,0
ITEM_3124,1.23,47.0,4.3,5,1,0,137.5,0
ITEM_3125,1.47,97.0,4.38,10,1,0,284.11,0
ITEM_3126,0.76,4.0,3.88,4,3,1,267.35,1
ITEM_3127,1.02,98.0,4.91,9,2,0,92.4,0
ITEM_3128,0.73,87.0,4.42,10,0,0,31.48,0
ITEM_3129,0.95,537.0,3.76,9,4,0,226.05,0
ITEM_3130,0.96,80.0,4.58,9,2,0,164.57,0
ITEM_3131,0.9,324.0,4.25,15,1,0,195.68,0
ITEM_3132,1.23,262.0,4.21,4,4,0,283.72,0
ITEM_3133,1.09,29.0,4.75,6,0,0,283.44,0
ITEM_3134,0.85,592.0,3.71,5,2,0,250.76,0
ITEM_3135,1.23,179.0,4.24,7,1,0,86.83,0
ITEM_3136,0.97,163.0,4.67,6,1,0,242.39,0
ITEM_3137,0.87,2.0,4.49,7,1,0,255.67,0
ITEM_3138,0.75,216.0,3.51,7,1,0,10.26,0
ITEM_3139,0.63,10.0,4.68,12,2,0,128.48,0
ITEM_3140,0.88,37.0,4.92,4,0,0,100.77,0
ITEM_3141,1.01,19.0,4.56,7,2,0,254.74,0
ITEM_3142,1.23,86.0,4.81,11,2,0,41.26,0
ITEM_3143,0.49,286.0,4.04,12,4,0,190.43,0
ITEM_3144,1.47,221.0,4.03,7,3,0,157.66,0
ITEM_3145,0.81,20.0,3.98,8,2,0,278.27,0
ITEM_3146,0.9,288.0,4.6,10,5,0,147.53,0
ITEM_3147,0.91,111.0,4.91,5,2,0,32.3,0
ITEM_3148,0.84,6.0,4.83,7,2,0,267.91,0
ITEM_3149,0.92,46.0,3.73,10,2,0,184.34,0
ITEM_3150,0.94,277.0,4.44,6,3,0,203.81,0
ITEM_3151,0.96,238.0,4.99,5,2,0,218.81,0
ITEM_3152,1.4,38.0,3.94,12,0,0,250.06,0
ITEM_3153,0.82,7.0,4.45,11,1,0,224.24,0
ITEM_3154,1.46,63.0,4.86,7,0,0,84.61,0
ITEM_3155,1.14,285.0,4.85,4,3,0,287.84,0
ITEM_3156,0.61,502.0,3.98,12,2,0,52.16,0
ITEM_3157,0.79,153.0,3.64,7,3,0,130.17,0
ITEM_3158,0.76,17.0,4.47,3,3,0,164.41,0
ITEM_3159,0.99,126.0,4.92,9,0,0,25.61,0
ITEM_3160,1.33,1209.0,4.26,9,2,0,46.16,0
ITEM_3161,1.2,502.0,4.19,11,0,0,64.78,0
ITEM_3162,0.75,899.0,4.8,7,2,0,262.36,0
ITEM_3163,1.3,216.0,4.14,13,1,0,184.41,0
ITEM_3164,0.74,100.0,4.52,10,2,0,39.21,0
ITEM_3165,0.78,403.0,4.08,10,1,0,222.52,0
ITEM_3166,1.26,406.0,4.07,7,2,0,142.32,0
ITEM_3167,1.26,28.0,3.78,11,1,0,56.15,0
ITEM_3168,1.2,269.0,3.63,5,2,0,172.84,0
ITEM_3169,1.01,453.0,4.83,12,1,0,121.55,0
ITEM_3170,0.98,412.0,3.77,5,4,0,198.03,0
ITEM_3171,0.71,221.0,3.59,10,0,0,294.29,0
ITEM_3172,1.0,139.0,4.37,9,1,1,221.0,1
ITEM_3173,0.83,270.0,4.32,4,2,0,158.62,0
ITEM_3174,0.96,131.0,4.35,5,3,0,187.68,0
ITEM_3175,1.57,70.0,4.2,12,2,0,234.42,0
ITEM_3176,1.08,54.0,3.71,4,2,1,76.69,1
ITEM_3177,0.72,140.0,3.53,11,2,0,49.23,0
ITEM_3178,1.31,110.0,3.57,10,1,0,177.03,0
ITEM_3179,1.34,134.0,4.91,9,1,0,226.22,0
ITEM_3180,1.36,54.0,4.3,8,1,0,132.47,0
ITEM_3181,0.88,161.0,4.1,6,3,0,66.2,0
ITEM_3182,0.97,195.0,4.12,9,2,1,195.04,1
ITEM_3183,0.68,296.0,4.48,12,0,0,206.26,0
ITEM_3184,1.39,160.0,4.06,11,1,0,238.71,0
ITEM_3185,1.03,254.0,4.69,5,3,0,180.01,0
ITEM_3186,0.66,33.0,3.89,6,3,0,116.12,0
ITEM_3187,1.41,23.0,4.05,14,2,0,73.54,0
ITEM_3188,0.83,36.0,4.9,5,2,0,22.32,0
ITEM_3189,0.9,337.0,3.89,5,2,0,126.24,0
ITEM_3190,0.74,146.0,4.49,5,3,0,233.35,0
ITEM_3191,0.7,109.0,4.05,3,1,0,228.34,0
ITEM_3192,1.1,259.0,4.21,7,0,0,283.18,0
ITEM_3193,0.83,24.0,3.57,8,3,0,15.24,0
ITEM_3194,0.62,1.0,3.75,12,2,0,61.22,0
ITEM_3195,1.25,67.0,3.65,10,0,0,201.76,0
ITEM_3196,1.13,52.0,4.77,9,2,0,167.12,0
ITEM_3197,1.45,66.0,4.94,7,1,0,218.25,0
ITEM_3198,0.91,654.0,3.6,7,3,0,122.73,0
ITEM_3199,1.01,151.0,3.62,9,3,0,112.3,0
ITEM_3200,1.05,160.0,4.33,4,0,0,212.65,0
ITEM_3201,1.03,192.0,4.26,17,2,0,128.51,0
ITEM_3202,1.06,91.0,4.48,8,2,0,85.15,0
ITEM_3203,0.92,695.0,4.61,8,1,0,97.47,0
ITEM_3204,0.55,652.0,4.7,7,2,0,73.66,0
ITEM_3205,1.07,264.0,3.72,9,4,0,13.25,0
ITEM_3206,1.14,43.0,3.56,5,1,0,210.67,0
ITEM_3207,0.92,382.0,4.83,7,2,0,223.09,0
ITEM_3208,1.62,19.0,4.2,10,1,0,239.62,0
ITEM_3209,0.88,179.0,4.96,5,1,0,62.0,0
ITEM_3210,0.84,110.0,4.3,8,4,1,275.05,1
ITEM_3211,1.11,7.0,4.27,12,4,0,106.07,0
ITEM_3212,1.06,422.0,4.43,10,4,0,269.4,0
ITEM_3213,0.61,584.0,3.76,5,1,0,88.96,0
ITEM_3214,1.2,428.0,3.88,12,2,0,22.21,0
ITEM_3215,0.89,38.0,4.86,15,0,0,160.26,0
ITEM_3216,1.31,73.0,3.82,13,1,0,163.78,0
ITEM_3217,1.1,561.0,3.85,6,5,0,271.27,0
ITEM_3218,0.94,20.0,4.26,6,3,0,204.31,0
ITEM_3219,1.32,158.0,4.46,12,1,0,249.63,0
ITEM_3220,0.86,120.0,3.5,7,6,0,257.38,0
ITEM_3221,0.67,30.0,4.19,9,2,0,151.47,0
ITEM_3222,0.66,392.0,4.1,10,1,0,273.4,0
ITEM_3223,1.06,26.0,4.8,8,1,0,219.88,0
ITEM_3224,1.46,162.0,4.76,8,2,0,41.69,0
ITEM_3225,0.96,69.0,4.86,10,0,0,82.29,0
ITEM_3226,1.19,97.0,4.76,8,1,0,39.79,0
ITEM_3227,1.08,43.0,4.68,6,2,0,179.23,0
ITEM_3228,0.9,176.0,4.79,5,2,0,74.75,0
ITEM_3229,0.59,807.0,3.76,6,3,0,283.27,0
ITEM_3230,1.04,323.0,4.01,8,2,0,269.08,0
ITEM_3231,1.2,207.0,4.53,10,1,0,240.58,0
ITEM_3232,1.11,254.0,4.88,5,3,0,264.48,0
ITEM_3233,0.92,329.0,4.5,5,3,0,254.35,0
ITEM_3234,0.87,115.0,3.81,7,3,0,60.85,0
ITEM_3235,0.84,151.0,4.92,8,2,0,36.45,0
ITEM_3236,0.84,407.0,4.64,9,0,0,212.51,0
ITEM_3237,1.01,214.0,4.57,2,4,0,109.24,0
ITEM_3238,0.96,26.0,4.64,6,4,0,191.57,0
ITEM_3239,1.13,272.0,4.49,7,0,0,193.9,0
ITEM_3240,0.76,4.0,3.53,13,1,0,258.77,0
ITEM_3241,0.99,339.0,3.88,5,1,0,56.89,0
ITEM_3242,0.99,279.0,4.93,7,4,0,266.68,0
ITEM_3243,0.87,320.0,3.93,13,1,0,104.12,0
ITEM_3244,1.08,4.0,4.66,11,4,0,268.33,0
ITEM_3245,0.78,647.0,4.14,8,0,0,69.05,0
ITEM_3246,1.3,171.0,4.86,7,2,1,56.43,1
ITEM_3247,1.11,290.0,4.34,13,2,0,188.57,0
ITEM_3248,1.14,150.0,4.45,14,3,0,272.12,0
ITEM_3249,0.98,75.0,3.86,10,0,0,151.18,0
ITEM_3250,0.92,63.0,3.59,6,4,0,33.92,0
ITEM_3251,0.82,13.0,4.63,11,3,0,262.38,0
ITEM_3252,0.79,141.0,3.6,13,1,0,154.29,0
ITEM_3253,0.62,28.0,4.58,5,2,0,156.55,0
ITEM_3254,1.02,151.0,4.33,9,0,0,72.64,0
ITEM_3255,1.17,177.0,4.73,5,3,0,67.59,0
ITEM_3256,0.69,105.0,3.81,13,1,0,186.86,0
ITEM_3257,1.33,31.0,4.31,7,1,0,134.88,0
ITEM_3258,0.61,102.0,4.42,13,4,0,52.86,0
ITEM_3259,1.21,380.0,3.61,14,1,0,293.4,0
ITEM_3260,0.79,110.0,4.61,11,0,0,23.55,0
ITEM_3261,1.27,76.0,4.08,7,3,0,22.59,0
ITEM_3262,1.19,179.0,3.69,8,4,0,293.8,0
ITEM_3263,1.66,174.0,4.08,6,0,0,74.21,0
ITEM_3264,0.84,17.0,3.65,5,2,0,14.08,0
ITEM_3265,0.44,49.0,4.83,9,3,0,125.28,0
ITEM_3266,0.53,123.0,4.19,7,3,0,73.4,0
ITEM_3267,0.95,82.0,3.71,14,0,0,243.69,1
ITEM_3268,1.04,69.0,3.88,3,1,0,83.5,0
ITEM_3269,0.82,106.0,4.59,11,2,0,246.98,0
ITEM_3270,1.09,62.0,4.68,5,4,0,163.93,0
ITEM_3271,1.22,77.0,3.56,4,6,0,243.46,0
ITEM_3272,1.15,267.0,3.59,13,6,0,188.04,0
ITEM_3273,0.99,128.0,4.88,8,1,0,229.18,0
ITEM_3274,0.79,371.0,4.0,6,0,0,143.11,0
ITEM_3275,1.21,534.0,3.79,6,1,0,132.12,0
ITEM_3276,1.35,459.0,3.68,14,2,0,141.76,0
ITEM_3277,0.85,53.0,4.21,9,2,0,225.55,0
ITEM_3278,0.71,115.0,4.66,10,2,0,138.28,0
ITEM_3279,1.29,138.0,4.28,7,3,0,94.63,0
ITEM_3280,1.08,344.0,3.53,10,1,0,245.08,0
ITEM_3281,1.08,147.0,4.23,7,1,0,130.3,0
ITEM_3282,1.43,52.0,3.97,14,1,0,139.65,0
ITEM_3283,0.55,143.0,4.52,8,1,0,33.86,1
ITEM_3284,0.95,8.0,4.29,5,0,0,116.28,0
ITEM_3285,1.09,323.0,4.95,13,1,0,248.54,0
ITEM_3286,1.5,150.0,4.4,6,3,0,203.67,0
ITEM_3287,0.99,190.0,4.45,9,1,0,48.2,0
ITEM_3288,0.88,40.0,4.28,14,4,0,146.03,0
ITEM_3289,1.05,147.0,3.97,7,1,0,278.39,0
ITEM_3290,1.18,136.0,4.45,4,0,0,77.01,0
ITEM_3291,1.3,174.0,4.0,7,0,0,249.28,0
ITEM_3292,1.37,338.0,4.58,8,4,0,173.62,0
ITEM_3293,0.52,260.0,3.86,6,3,0,113.48,0
ITEM_3294,0.81,142.0,4.05,9,0,0,291.74,0
ITEM_3295,1.22,403.0,4.38,8,3,0,219.12,0
ITEM_3296,1.07,80.0,4.44,8,1,0,102.01,0
ITEM_3297,1.11,122.0,4.5,5,2,0,66.5,0
ITEM_3298,0.84,189.0,4.55,4,2,0,264.73,0
ITEM_3299,1.06,105.0,3.98,13,2,1,181.52,1
ITEM_3300,0.94,81.0,4.84,8,3,0,20.61,0
ITEM_3301,1.12,21.0,3.54,12,1,0,134.07,0
ITEM_3302,1.13,182.0,3.78,10,5,0,138.67,0
ITEM_3303,1.08,39.0,3.61,13,1,0,234.88,1
ITEM_3304,1.07,27.0,4.51,6,4,0,79.13,0
ITEM_3305,0.96,36.0,3.91,8,0,0,142.77,0
ITEM_3306,1.4,210.0,3.8,11,2,0,33.09,0
ITEM_3307,1.28,27.0,4.22,12,0,0,45.87,0
ITEM_3308,1.01,673.0,4.43,10,1,0,240.25,0
ITEM_3309,1.21,256.0,4.43,9,1,0,161.87,0
ITEM_3310,1.51,90.0,4.34,9,0,0,121.95,0
ITEM_3311,0.77,162.0,4.99,10,0,0,87.21,0
ITEM_3312,0.83,1.0,4.79,5,0,0,289.45,0
ITEM_3313,1.02,335.0,3.86,11,1,0,145.77,0
ITEM_3314,1.08,57.0,4.64,6,4,0,173.42,0
ITEM_3315,0.87,13.0,4.35,8,0,0,295.47,0
ITEM_3316,1.18,255.0,3.61,7,2,0,228.34,0
ITEM_3317,0.98,72.0,3.57,5,4,0,119.54,0
ITEM_3318,1.27,151.0,4.7,7,3,0,171.38,0
ITEM_3319,0.83,334.0,4.32,9,3,0,124.62,0
ITEM_3320,0.79,269.0,4.36,6,1,1,170.58,1
ITEM_3321,0.95,74.0,4.0,7,2,0,197.58,0
ITEM_3322,0.96,365.0,4.9,5,3,0,292.85,0
ITEM_3323,0.78,89.0,4.57,8,1,0,222.18,0
ITEM_3324,1.03,125.0,4.89,14,1,0,212.16,0
ITEM_3325,0.84,171.0,3.65,5,3,0,38.05,0
ITEM_3326,1.47,13.0,4.38,11,0,1,102.6,1
ITEM_3327,0.99,164.0,4.46,5,2,0,91.41,0
ITEM_3328,1.09,155.0,3.69,5,1,0,39.17,0
ITEM_3329,0.69,372.0,4.02,9,3,0,262.83,0
ITEM_3330,1.14,79.0,3.82,9,4,0,245.84,0
ITEM_3331,0.8,50.0,4.98,6,1,0,239.16,0
ITEM_3332,1.23,117.0,4.32,5,4,0,61.21,0
ITEM_3333,0.61,209.0,3.97,6,3,0,183.92,0
ITEM_3334,0.99,149.0,4.5,13,0,0,162.93,0
ITEM_3335,1.26,27.0,4.49,5,0,0,187.64,0
ITEM_3336,1.04,77.0,4.02,7,2,0,238.31,0
ITEM_3337,0.97,12.0,4.99,10,3,0,37.24,0
ITEM_3338,1.33,242.0,4.71,8,2,0,65.42,0
ITEM_3339,0.79,386.0,4.1,11,2,0,91.57,0
ITEM_3340,0.71,8.0,4.49,10,0,0,146.47,0
ITEM_3341,0.74,134.0,4.57,9,4,0,179.86,0
ITEM_3342,0.75,150.0,3.76,9,2,0,98.51,0
ITEM_3343,1.1,104.0,4.82,5,3,0,41.82,0
ITEM_3344,0.92,126.0,4.74,2,3,0,157.11,0
ITEM_3345,1.25,223.0,4.63,6,3,0,27.24,0
ITEM_3346,1.12,119.0,3.83,9,4,0,115.46,0
ITEM_3347,1.09,454.0,3.7,10,2,0,22.8,0
ITEM_3348,0.57,140.0,3.77,8,2,0,73.45,0
ITEM_3349,1.14,13.0,3.64,10,2,0,41.94,0
ITEM_3350,1.31,552.0,4.91,8,0,0,139.44,0
ITEM_3351,1.03,29.0,4.78,7,3,0,78.26,0
ITEM_3352,0.76,276.0,3.64,11,2,0,25.87,0
ITEM_3353,0.61,135.0,4.52,9,2,0,96.46,0
ITEM_3354,1.25,243.0,3.87,12,3,0,268.88,0
ITEM_3355,1.03,130.0,3.53,5,3,0,254.3,0
ITEM_3356,0.66,11.0,3.94,13,2,0,266.02,0
ITEM_3357,1.1,85.0,4.16,4,2,0,123.56,0
ITEM_3358,0.99,174.0,3.53,8,2,0,264.86,0
ITEM_3359,1.4,178.0,3.99,4,2,0,285.94,0
ITEM_3360,0.8,650.0,4.55,7,0,0,287.83,0
ITEM_3361,1.09,168.0,3.84,8,3,1,46.02,1
ITEM_3362,1.3,61.0,4.23,8,2,1,248.82,1
ITEM_3363,1.12,8.0,4.83,9,2,0,107.59,0
ITEM_3364,0.96,280.0,3.54,5,3,0,140.43,0
ITEM_3365,0.92,396.0,4.68,7,3,0,200.12,0
ITEM_3366,0.92,171.0,4.08,9,2,0,229.72,0
ITEM_3367,0.87,119.0,4.31,10,3,0,270.94,0
ITEM_3368,0.82,355.0,3.85,10,1,0,287.76,0
ITEM_3369,1.28,49.0,4.37,6,5,0,233.3,0
ITEM_3370,1.26,92.0,4.6,14,3,0,79.67,0
ITEM_3371,1.18,128.0,3.8,7,4,0,157.44,0
ITEM_3372,1.06,9.0,4.01,10,0,0,110.25,0
ITEM_3373,1.05,210.0,4.35,10,3,0,260.87,0
ITEM_3374,0.61,38.0,4.13,8,2,0,153.63,0
ITEM_3375,1.17,73.0,3.94,9,3,0,258.4,0
ITEM_3376,1.0,96.0,4.18,6,2,0,292.53,0
ITEM_3377,0.7,183.0,3.94,7,2,0,93.41,0
ITEM_3378,1.26,12.0,3.95,8,2,0,18.48,0
ITEM_3379,0.96,75.0,4.42,8,0,0,72.15,0
ITEM_3380,1.19,58.0,4.22,7,0,0,195.53,0
ITEM_3381,1.11,0.0,4.52,11,3,0,244.64,0
ITEM_3382,0.77,212.0,4.76,9,2,0,227.04,0
ITEM_3383,1.19,48.0,4.91,8,0,0,242.86,0
ITEM_3384,0.83,33.0,3.73,7,4,0,278.14,0
ITEM_3385,0.58,288.0,4.44,15,0,0,75.07,0
ITEM_3386,1.19,7.0,4.37,12,1,0,24.51,0
ITEM_3387,1.05,415.0,4.8,4,2,0,105.23,0
ITEM_3388,1.03,209.0,4.84,8,1,0,257.6,1
ITEM_3389,1.19,34.0,4.64,7,2,0,221.07,0
ITEM_3390,0.71,78.0,4.39,10,1,0,19.58,0
ITEM_3391,0.76,539.0,3.8,7,3,0,54.85,0
ITEM_3392,0.72,174.0,3.91,4,0,0,279.61,0
ITEM_3393,0.88,169.0,4.4,9,3,0,153.89,0
ITEM_3394,1.08,191.0,3.71,8,5,0,195.63,0
ITEM_3395,1.51,112.0,3.78,5,3,1,37.34,1
ITEM_3396,0.94,33.0,4.87,11,0,1,177.27,1
ITEM_3397,1.04,29.0,4.93,4,1,0,255.38,0
ITEM_3398,0.64,209.0,3.51,7,0,0,271.71,0
ITEM_3399,0.86,388.0,4.79,7,1,0,140.67,0
ITEM_3400,0.49,64.0,4.91,6,3,0,180.19,0
ITEM_3401,1.57,126.0,4.29,5,4,0,221.64,0
ITEM_3402,0.53,875.0,4.17,15,1,0,125.7,0
ITEM_3403,0.87,54.0,4.88,9,2,0,94.74,0
ITEM_3404,0.96,89.0,3.51,8,2,0,35.81,0
ITEM_3405,1.44,81.0,4.76,12,2,0,66.67,0
ITEM_3406,1.06,6.0,3.94,13,2,0,294.98,0
ITEM_3407,0.65,128.0,4.46,7,2,0,262.64,0
ITEM_3408,0.92,42.0,3.98,8,1,0,110.47,0
ITEM_3409,1.02,25.0,4.28,2,4,0,250.78,0
ITEM_3410,0.84,223.0,4.71,7,4,0,231.79,0
ITEM_3411,0.81,261.0,3.77,8,1,1,290.58,1
ITEM_3412,0.8,396.0,4.5,6,1,0,21.43,0
ITEM_3413,0.8,490.0,4.85,6,4,0,177.91,0
ITEM_3414,0.77,366.0,4.85,11,2,0,213.23,0
ITEM_3415,0.78,24.0,4.84,7,0,0,250.53,0
ITEM_3416,0.91,46.0,4.28,14,2,0,242.78,0
ITEM_3417,1.18,24.0,4.65,7,2,0,90.23,0
ITEM_3418,0.68,79.0,4.17,5,1,0,214.03,0
ITEM_3419,0.79,24.0,4.19,11,0,0,244.81,0
ITEM_3420,1.01,191.0,3.93,4,0,0,159.61,0
ITEM_3421,1.13,227.0,3.93,13,4,0,155.3,0
ITEM_3422,1.37,31.0,3.56,7,3,0,137.94,0
ITEM_3423,1.17,175.0,4.3,8,1,0,70.26,0
ITEM_3424,1.03,4.0,3.96,9,3,0,251.71,0
ITEM_3425,0.99,103.0,3.78,4,1,0,155.65,0
ITEM_3426,0.96,60.0,3.68,7,1,0,49.05,0
ITEM_3427,0.7,1170.0,4.02,6,4,0,275.13,0
ITEM_3428,1.09,461.0,4.85,4,2,0,255.0,0
ITEM_3429,0.89,29.0,4.27,11,8,0,132.61,0
ITEM_3430,1.03,449.0,4.34,5,0,0,236.72,0
ITEM_3431,0.76,98.0,3.58,7,1,0,58.2,1
ITEM_3432,0.97,155.0,4.28,4,4,0,291.84,0
ITEM_3433,0.76,137.0,4.5,10,0,0,34.71,0
ITEM_3434,1.13,233.0,3.73,5,3,0,265.7,0
ITEM_3435,0.93,73.0,4.98,11,3,0,299.39,0
ITEM_3436,1.04,13.0,4.87,9,1,0,94.07,0
ITEM_3437,0.88,97.0,4.99,12,3,0,245.44,0
ITEM_3438,1.17,142.0,4.04,8,3,0,275.03,0
ITEM_3439,1.08,146.0,4.73,5,2,0,286.24,0
ITEM_3440,0.79,283.0,3.99,8,4,0,219.01,0
ITEM_3441,0.77,8.0,4.62,4,0,0,189.82,0
ITEM_3442,1.21,798.0,4.92,4,3,0,40.32,0
ITEM_3443,0.42,839.0,3.73,3,2,0,146.07,0
ITEM_3444,1.34,19.0,3.71,2,1,0,124.35,0
ITEM_3445,0.81,76.0,3.66,14,3,0,16.37,0
ITEM_3446,1.16,161.0,4.7,7,6,0,92.8,0
ITEM_3447,1.09,84.0,4.5,8,2,0,225.55,0
ITEM_3448,0.9,120.0,4.28,12,2,0,98.23,0
ITEM_3449,1.07,71.0,4.66,3,2,0,19.73,0
ITEM_3450,1.01,224.0,4.77,10,3,0,233.41,0
ITEM_3451,1.19,81.0,4.92,12,2,0,244.43,0
ITEM_3452,0.8,101.0,3.8,9,1,0,17.88,0
ITEM_3453,1.16,154.0,4.16,12,5,0,252.44,0
ITEM_3454,0.51,626.0,4.88,11,0,0,241.1,0
ITEM_3455,1.14,185.0,4.19,6,1,0,190.08,0
ITEM_3456,0.99,18.0,4.23,4,3,0,22.91,0
ITEM_3457,1.11,69.0,4.91,7,1,0,283.76,0
ITEM_3458,1.14,98.0,4.6,7,4,0,39.08,0
ITEM_3459,1.36,243.0,4.33,9,0,0,218.62,0
ITEM_3460,1.02,107.0,4.04,12,4,0,231.52,0
ITEM_3461,0.78,194.0,4.87,7,3,0,284.66,0
ITEM_3462,1.45,329.0,3.51,5,1,0,284.79,0
ITEM_3463,1.08,20.0,3.98,10,0,0,90.86,0
ITEM_3464,1.21,261.0,4.92,8,0,0,77.28,0
ITEM_3465,0.9,246.0,4.25,5,4,0,129.19,0
ITEM_3466,0.89,308.0,4.44,8,1,0,281.27,0
ITEM_3467,1.03,563.0,4.3,3,0,0,219.96,0
ITEM_3468,1.13,67.0,4.1,7,1,0,274.48,0
ITEM_3469,1.07,101.0,4.5,5,1,0,73.11,0
ITEM_3470,0.75,55.0,4.65,13,2,0,29.72,0
ITEM_3471,1.38,71.0,4.05,11,4,0,17.18,0
ITEM_3472,0.7,72.0,4.39,2,5,0,30.66,0
ITEM_3473,1.08,367.0,3.62,6,1,0,253.92,0
ITEM_3474,1.01,12.0,4.32,8,2,0,262.92,0
ITEM_3475,1.63,41.0,4.62,5,2,0,275.97,0
ITEM_3476,0.89,170.0,4.38,8,0,0,128.47,0
ITEM_3477,0.69,261.0,4.82,1,1,0,145.11,0
ITEM_3478,1.16,215.0,3.93,4,2,0,65.25,0
ITEM_3479,0.87,9.0,4.24,9,0,0,137.93,0
ITEM_3480,1.27,109.0,3.63,10,0,0,55.32,0
ITEM_3481,1.22,37.0,4.55,11,3,0,189.16,0
ITEM_3482,1.18,798.0,4.16,10,4,0,14.71,0
ITEM_3483,0.81,1225.0,4.3,5,0,1,134.2,1
ITEM_3484,1.22,9.0,3.69,13,2,0,295.57,0
ITEM_3485,1.58,198.0,5.0,12,2,0,298.39,0
ITEM_3486,0.91,302.0,4.66,5,2,0,234.31,0
ITEM_3487,0.95,71.0,4.1,11,2,0,96.67,0
ITEM_3488,0.96,213.0,4.35,6,2,0,67.65,0
ITEM_3489,0.92,37.0,4.43,8,4,0,20.55,0
ITEM_3490,1.03,25.0,4.94,6,3,0,131.33,0
ITEM_3491,1.01,467.0,4.65,11,0,0,143.58,0
ITEM_3492,0.99,185.0,4.02,9,1,0,33.31,0
ITEM_3493,0.78,306.0,4.97,10,1,0,261.68,0
ITEM_3494,1.3,137.0,3.95,12,1,0,198.6,0
ITEM_3495,1.09,30.0,4.37,9,6,0,120.19,0
ITEM_3496,1.24,85.0,4.55,7,2,0,257.97,0
ITEM_3497,1.15,384.0,3.91,9,1,0,129.47,0
ITEM_3498,0.34,3.0,4.93,6,3,0,255.94,1
ITEM_3499,1.23,42.0,3.82,14,5,0,153.74,0
ITEM_3500,1.2,53.0,4.16,13,3,0,194.26,0
ITEM_3501,1.06,55.0,3.77,7,2,0,41.61,0
ITEM_3502,1.54,19.0,4.81,5,1,0,84.85,0
ITEM_3503,1.26,339.0,3.83,6,1,0,199.12,0
ITEM_3504,1.25,31.0,3.55,4,2,0,129.1,0
ITEM_3505,0.58,319.0,3.56,6,2,0,48.59,0
ITEM_3506,1.34,79.0,4.12,11,0,0,54.71,0
ITEM_3507,1.17,110.0,4.28,9,0,0,215.29,0
ITEM_3508,0.66,112.0,3.56,11,1,0,208.6,0
ITEM_3509,1.08,225.0,3.64,11,3,0,219.07,0
ITEM_3510,0.58,237.0,3.65,2,2,0,219.23,0
ITEM_3511,1.17,184.0,4.5,9,1,1,288.74,1
ITEM_3512,1.05,268.0,3.95,5,2,0,291.48,1
ITEM_3513,0.85,2.0,4.34,4,1,0,135.84,0
ITEM_3514,1.18,127.0,3.61,4,1,0,235.37,0
ITEM_3515,0.81,134.0,4.84,6,3,0,223.87,0
ITEM_3516,1.03,49.0,3.96,10,0,0,60.24,0
ITEM_3517,1.28,146.0,4.67,4,1,0,236.64,0
ITEM_3518,0.91,113.0,4.74,11,4,0,254.6,0
ITEM_3519,0.76,115.0,4.98,10,1,0,20.94,0
ITEM_3520,1.27,23.0,4.61,9,3,0,162.03,0
ITEM_3521,1.03,103.0,4.16,6,2,0,82.23,0
ITEM_3522,1.5,262.0,3.73,11,0,0,280.68,0
ITEM_3523,1.13,95.0,3.57,6,3,0,34.41,0
ITEM_3524,1.19,120.0,4.83,10,2,0,201.05,0
ITEM_3525,1.09,617.0,4.17,8,2,0,198.17,0
ITEM_3526,1.14,370.0,4.62,6,1,0,45.02,0
ITEM_3527,1.15,475.0,4.24,11,0,0,231.91,0
ITEM_3528,1.17,15.0,4.82,11,2,0,88.62,0
ITEM_3529,0.72,173.0,4.62,13,3,0,210.77,0
ITEM_3530,0.79,46.0,3.63,4,1,0,82.46,0
ITEM_3531,1.17,93.0,4.63,7,1,0,123.74,0
ITEM_3532,1.02,205.0,3.9,2,2,0,105.58,0
ITEM_3533,0.81,156.0,4.66,1,1,0,185.14,0
ITEM_3534,1.08,127.0,4.92,7,2,0,190.43,1
ITEM_3535,1.4,303.0,4.9,8,7,0,161.22,0
ITEM_3536,1.05,207.0,3.69,14,0,0,53.26,0
ITEM_3537,1.11,310.0,3.58,10,0,0,197.16,0
ITEM_3538,1.11,484.0,4.67,9,2,0,79.33,0
ITEM_3539,0.85,224.0,4.56,7,0,1,134.04,1
ITEM_3540,0.99,91.0,3.76,11,0,0,295.63,0
ITEM_3541,0.48,43.0,4.53,10,1,0,255.19,0
ITEM_3542,0.76,57.0,3.52,8,4,0,89.82,0
ITEM_3543,0.98,91.0,4.45,6,2,0,73.37,0
ITEM_3544,0.7,243.0,4.75,7,2,0,174.68,0
ITEM_3545,0.99,7.0,4.46,12,2,0,35.29,0
ITEM_3546,0.93,303.0,3.6,11,3,1,149.18,1
ITEM_3547,1.33,255.0,4.99,9,5,0,141.98,0
ITEM_3548,1.51,125.0,4.03,9,0,0,298.28,0
ITEM_3549,0.99,92.0,4.07,11,1,0,19.19,0
ITEM_3550,1.09,22.0,3.63,4,1,0,264.07,0
ITEM_3551,1.3,62.0,3.75,10,3,0,280.93,0
ITEM_3552,1.0,21.0,3.91,3,3,0,197.8,0
ITEM_3553,1.11,308.0,4.7,8,1,0,166.7,0
ITEM_3554,0.65,128.0,4.54,10,1,0,51.72,0
ITEM_3555,1.13,51.0,4.38,8,3,0,208.07,0
ITEM_3556,1.32,3.0,4.8,9,0,0,225.89,0
ITEM_3557,0.72,134.0,5.0,7,1,0,210.07,0
ITEM_3558,0.59,251.0,4.08,9,0,0,33.14,0
ITEM_3559,1.32,262.0,4.09,8,0,0,238.05,0
ITEM_3560,0.92,43.0,4.6,8,3,0,76.25,0
ITEM_3561,0.8,956.0,4.47,8,3,0,86.11,0
ITEM_3562,1.02,151.0,3.52,10,1,0,123.54,0
ITEM_3563,0.86,73.0,4.48,3,0,0,201.98,0
ITEM_3564,0.74,90.0,4.58,5,3,0,173.98,0
ITEM_3565,0.62,24.0,4.98,7,4,0,214.18,0
ITEM_3566,1.45,122.0,4.38,11,1,0,201.0,0
ITEM_3567,1.42,252.0,4.53,3,1,0,213.29,0
ITEM_3568,0.94,95.0,4.68,10,2,0,96.33,0
ITEM_3569,1.65,363.0,3.64,8,2,0,208.6,0
ITEM_3570,1.33,117.0,4.6,5,3,0,240.93,0
ITEM_3571,0.99,416.0,4.32,5,4,0,26.03,0
ITEM_3572,1.57,219.0,3.65,11,2,0,282.99,0
ITEM_3573,0.49,10.0,4.5,12,2,0,23.95,0
ITEM_3574,0.95,12.0,3.85,13,2,0,228.85,0
ITEM_3575,1.44,290.0,4.31,10,3,0,197.12,0
ITEM_3576,0.91,79.0,3.92,8,3,0,102.17,0
ITEM_3577,1.29,38.0,3.66,12,4,0,148.62,0
ITEM_3578,0.75,361.0,3.88,12,1,0,276.21,0
ITEM_3579,0.83,737.0,4.16,9,3,1,257.55,1
ITEM_3580,1.1,298.0,4.24,11,1,0,116.04,0
ITEM_3581,1.17,232.0,3.72,5,3,1,122.6,1
ITEM_3582,1.05,0.0,3.98,7,1,0,72.38,0
ITEM_3583,0.9,20.0,4.79,5,2,0,132.39,0
ITEM_3584,0.77,200.0,4.87,8,3,0,200.04,0
ITEM_3585,1.59,95.0,4.3,5,2,0,141.03,0
ITEM_3586,1.09,4.0,4.24,10,0,0,220.22,0
ITEM_3587,1.28,243.0,4.37,7,1,0,244.02,0
ITEM_3588,1.25,98.0,3.82,12,3,0,102.82,0
ITEM_3589,0.88,194.0,4.99,5,3,0,201.02,0
ITEM_3590,1.01,114.0,4.62,9,1,1,167.61,1
ITEM_3591,0.81,5.0,3.86,11,2,0,39.89,0
ITEM_3592,1.19,182.0,3.91,13,3,1,94.01,1
ITEM_3593,0.96,279.0,4.47,8,1,0,45.52,0
ITEM_3594,1.41,31.0,3.98,9,3,0,243.05,0
ITEM_3595,0.6,399.0,4.03,15,1,0,212.93,0
ITEM_3596,1.13,36.0,4.67,15,2,0,242.88,0
ITEM_3597,1.64,99.0,3.9,10,1,0,196.03,0
ITEM_3598,0.82,135.0,4.56,13,0,0,160.39,0
ITEM_3599,1.04,68.0,4.9,8,0,0,147.89,0
ITEM_3600,0.91,125.0,3.69,6,3,0,107.46,0
ITEM_3601,1.22,228.0,3.72,6,1,0,263.96,0
ITEM_3602,0.5,226.0,4.91,8,0,0,145.15,0
ITEM_3603,0.7,460.0,3.81,7,1,0,72.16,0
ITEM_3604,0.75,357.0,3.53,11,2,0,226.63,0
ITEM_3605,1.22,757.0,4.8,9,3,0,107.87,0
ITEM_3606,0.96,163.0,3.92,6,2,1,74.81,1
ITEM_3607,0.84,92.0,3.95,5,5,0,239.41,0
ITEM_3608,1.1,49.0,3.84,3,1,0,139.77,1
ITEM_3609,1.06,50.0,4.88,4,3,0,68.87,0
ITEM_3610,0.95,29.0,4.66,12,2,1,204.99,1
ITEM_3611,0.88,233.0,4.4,6,3,0,246.91,0
ITEM_3612,0.77,191.0,4.18,6,0,0,125.99,0
ITEM_3613,1.36,62.0,3.72,7,1,0,77.53,0
ITEM_3614,1.37,401.0,4.89,7,0,1,17.08,1
ITEM_3615,0.67,145.0,4.62,12,2,0,261.78,0
ITEM_3616,0.9,13.0,3.92,5,2,0,139.87,0
ITEM_3617,1.11,11.0,4.92,4,3,0,267.54,0
ITEM_3618,0.78,28.0,4.9,8,2,0,214.33,0
ITEM_3619,1.19,43.0,4.49,7,6,0,153.38,0
ITEM_3620,1.05,393.0,4.98,2,5,0,212.64,0
ITEM_3621,1.21,271.0,3.78,11,2,0,100.23,0
ITEM_3622,1.58,41.0,4.6,5,2,0,67.21,0
ITEM_3623,0.58,51.0,3.73,9,4,0,53.69,0
ITEM_3624,1.37,182.0,4.54,9,2,0,275.98,0
ITEM_3625,0.87,369.0,4.88,10,1,0,225.84,0
ITEM_3626,1.18,69.0,4.3,9,0,0,281.48,0
ITEM_3627,1.14,134.0,4.64,8,1,0,231.5,0
ITEM_3628,1.35,398.0,3.71,10,2,0,122.01,0
ITEM_3629,1.03,265.0,4.45,15,2,0,282.0,0
ITEM_3630,0.81,400.0,3.59,13,2,0,180.53,0
ITEM_3631,1.07,59.0,3.56,7,3,0,281.19,0
ITEM_3632,1.43,211.0,4.45,7,1,0,71.41,0
ITEM_3633,1.1,22.0,4.36,5,1,0,118.05,0
ITEM_3634,0.87,172.0,3.99,10,1,0,118.77,0
ITEM_3635,0.97,65.0,4.27,6,4,0,11.66,0
ITEM_3636,1.07,218.0,4.53,8,2,0,210.65,0
ITEM_3637,1.04,28.0,4.47,7,0,0,270.42,0
ITEM_3638,1.01,197.0,3.61,6,2,0,276.24,0
ITEM_3639,1.26,222.0,4.52,6,1,0,241.14,0
ITEM_3640,1.52,350.0,4.49,9,2,0,83.76,0
ITEM_3641,1.25,209.0,4.5,5,0,0,121.66,0
ITEM_3642,1.17,133.0,4.77,10,2,0,105.99,1
ITEM_3643,1.27,276.0,4.37,11,1,0,140.31,0
ITEM_3644,1.17,60.0,4.91,4,3,0,142.21,0
ITEM_3645,1.05,204.0,4.97,8,0,1,268.25,1
ITEM_3646,0.87,232.0,4.63,9,1,0,40.36,0
ITEM_3647,0.87,90.0,4.04,3,1,0,229.64,0
ITEM_3648,1.01,811.0,3.71,8,1,1,176.56,1
ITEM_3649,1.09,79.0,4.73,6,4,0,209.46,0
ITEM_3650,1.3,16.0,3.72,8,2,0,269.1,0
ITEM_3651,0.99,65.0,3.72,6,2,0,282.94,0
ITEM_3652,0.93,19.0,4.88,6,3,0,13.03,0
ITEM_3653,1.08,75.0,4.34,10,1,0,257.61,0
ITEM_3654,1.12,25.0,3.94,11,2,0,62.66,0
ITEM_3655,0.87,104.0,4.94,12,2,0,55.07,0
ITEM_3656,0.83,271.0,4.56,4,2,0,273.56,0
ITEM_3657,1.17,13.0,4.3,6,2,0,282.93,0
ITEM_3658,0.98,149.0,3.99,3,1,0,124.8,0
ITEM_3659,1.31,8.0,4.51,14,1,0,27.74,0
ITEM_3660,1.08,389.0,4.6,8,2,1,246.04,1
ITEM_3661,0.99,458.0,4.57,7,1,0,255.4,0
ITEM_3662,0.72,122.0,3.79,9,2,0,70.79,0
ITEM_3663,1.01,264.0,4.55,8,2,0,294.99,0
ITEM_3664,0.77,162.0,4.37,7,1,1,237.74,1
ITEM_3665,0.69,75.0,4.78,1,2,0,139.61,0
ITEM_3666,1.39,51.0,4.44,2,2,0,141.42,0
ITEM_3667,0.89,256.0,3.72,7,4,0,108.47,0
ITEM_3668,1.24,101.0,3.98,4,2,0,225.48,0
ITEM_3669,0.74,455.0,4.62,7,2,0,189.49,0
ITEM_3670,0.84,669.0,4.61,5,1,0,236.3,0
ITEM_3671,0.81,43.0,3.83,9,4,0,165.68,0
ITEM_3672,1.18,148.0,4.03,11,3,0,25.15,0
ITEM_3673,1.12,139.0,3.52,5,2,0,263.98,0
ITEM_3674,0.68,365.0,4.0,11,5,0,141.22,0
ITEM_3675,0.66,211.0,3.54,8,4,0,221.12,0
ITEM_3676,1.13,168.0,4.81,4,1,0,82.92,0
ITEM_3677,1.34,205.0,4.5,12,3,0,84.6,1
ITEM_3678,1.33,89.0,4.95,9,1,0,115.99,0
ITEM_3679,0.82,581.0,4.84,10,2,0,109.71,0
ITEM_3680,0.9,11.0,4.41,8,3,0,91.0,0
ITEM_3681,1.13,5.0,4.25,10,4,0,103.01,0
ITEM_3682,1.15,97.0,4.83,7,1,0,50.51,0
ITEM_3683,1.06,30.0,3.95,7,3,0,13.75,0
ITEM_3684,0.91,142.0,3.84,9,1,0,293.14,0
ITEM_3685,1.12,2.0,4.12,11,4,0,31.6,0
ITEM_3686,1.04,111.0,3.58,7,2,0,112.67,0
ITEM_3687,1.05,63.0,3.95,10,2,0,252.25,0
ITEM_3688,1.22,41.0,3.63,5,2,0,11.18,0
ITEM_3689,1.28,106.0,3.58,6,2,0,236.16,0
ITEM_3690,1.09,347.0,4.33,6,2,0,131.75,0
ITEM_3691,1.07,192.0,4.56,13,1,0,71.96,0
ITEM_3692,0.96,31.0,4.31,7,1,0,53.71,0
ITEM_3693,1.03,124.0,3.61,7,3,0,252.13,0
ITEM_3694,1.19,483.0,4.09,5,0,0,93.32,0
ITEM_3695,1.12,104.0,3.67,5,2,0,147.68,0
ITEM_3696,0.86,114.0,4.48,9,2,0,113.81,0
ITEM_3697,0.85,511.0,4.74,1,1,0,261.61,0
ITEM_3698,0.84,26.0,3.68,7,2,0,51.61,0
ITEM_3699,1.29,239.0,3.6,8,1,0,295.29,0
ITEM_3700,0.58,64.0,4.11,6,0,0,15.54,0
ITEM_3701,0.66,362.0,3.96,7,2,0,67.77,0
ITEM_3702,0.85,10.0,3.89,5,2,0,147.24,0
ITEM_3703,1.19,836.0,3.82,5,1,0,60.6,1
ITEM_3704,0.93,263.0,3.98,9,2,1,82.12,1
ITEM_3705,0.79,60.0,4.95,6,1,1,296.3,1
ITEM_3706,1.09,258.0,4.79,5,2,0,187.56,0
ITEM_3707,1.1,461.0,4.4,9,2,0,23.12,0
ITEM_3708,1.2,22.0,4.7,7,1,0,148.08,0
ITEM_3709,1.34,441.0,3.52,6,1,0,178.64,1
ITEM_3710,1.31,80.0,3.67,7,4,0,105.52,0
ITEM_3711,1.14,1.0,3.94,11,1,0,267.44,0
ITEM_3712,0.98,21.0,4.47,9,1,0,244.89,0
ITEM_3713,1.11,389.0,4.83,9,0,0,127.11,0
ITEM_3714,0.9,730.0,3.85,9,1,0,229.61,0
ITEM_3715,1.22,406.0,3.71,10,2,0,163.41,0
ITEM_3716,0.88,105.0,4.77,8,1,0,245.84,0
ITEM_3717,0.81,586.0,4.11,3,2,0,151.58,0
ITEM_3718,1.24,94.0,4.55,9,1,0,42.34,0
ITEM_3719,0.64,22.0,4.32,17,2,1,99.97,1
ITEM_3720,0.85,75.0,3.76,16,3,0,190.92,0
ITEM_3721,1.15,1161.0,4.55,6,5,0,287.97,0
ITEM_3722,0.98,177.0,4.13,5,1,0,265.73,0
ITEM_3723,0.97,75.0,3.93,3,1,1,253.44,1
ITEM_3724,0.74,176.0,4.85,7,2,0,168.51,1
ITEM_3725,0.76,101.0,3.51,10,2,1,64.21,1
ITEM_3726,0.95,9.0,4.11,10,1,0,15.23,0
ITEM_3727,0.62,40.0,3.95,11,2,0,112.02,0
ITEM_3728,1.0,3.0,3.58,5,4,0,232.64,0
ITEM_3729,1.28,53.0,3.62,11,1,0,82.61,0
ITEM_3730,1.26,242.0,3.76,5,5,0,94.6,0
ITEM_3731,1.13,39.0,4.26,16,0,0,44.82,0
ITEM_3732,1.05,135.0,3.92,5,2,0,215.65,0
ITEM_3733,0.98,218.0,4.76,11,3,0,93.11,0
ITEM_3734,1.01,143.0,3.86,8,1,0,192.27,0
ITEM_3735,0.79,3.0,4.58,14,1,0,162.0,0
ITEM_3736,0.86,81.0,3.82,10,1,0,297.87,0
ITEM_3737,0.62,105.0,3.56,13,3,0,284.43,0
ITEM_3738,1.21,76.0,3.9,7,1,0,124.31,0
ITEM_3739,0.97,142.0,4.76,10,1,0,242.63,0
ITEM_3740,1.45,130.0,3.62,6,0,0,127.98,0
ITEM_3741,0.87,37.0,4.02,8,0,0,88.23,0
ITEM_3742,1.0,251.0,3.51,8,3,0,14.23,1
ITEM_3743,1.16,32.0,4.45,8,1,0,218.45,0
ITEM_3744,1.09,111.0,4.91,5,1,0,91.27,0
ITEM_3745,0.98,254.0,4.08,4,0,0,149.43,0
ITEM_3746,1.4,215.0,4.37,12,3,0,57.96,0
ITEM_3747,0.79,102.0,4.18,10,1,0,28.89,0
ITEM_3748,1.14,280.0,4.96,11,3,0,226.76,0
ITEM_3749,0.9,225.0,4.6,5,1,0,95.0,0
ITEM_3750,0.97,87.0,3.57,11,1,0,83.95,0
ITEM_3751,1.06,407.0,3.66,8,2,0,85.17,0
ITEM_3752,0.97,28.0,4.21,5,2,0,40.24,0
ITEM_3753,0.96,80.0,4.45,9,2,0,19.22,0
ITEM_3754,0.65,215.0,3.94,10,1,0,63.98,0
ITEM_3755,1.2,371.0,4.51,7,2,0,242.11,0
ITEM_3756,0.65,70.0,4.36,12,2,0,294.46,0
ITEM_3757,1.32,148.0,4.15,4,1,0,159.27,0
ITEM_3758,0.98,2.0,4.37,4,0,0,243.6,0
ITEM_3759,1.21,83.0,4.87,6,0,0,83.99,0
ITEM_3760,0.45,72.0,3.86,8,1,0,208.37,0
ITEM_3761,0.99,333.0,4.69,7,3,0,268.4,0
ITEM_3762,1.0,14.0,3.52,6,5,0,188.96,0
ITEM_3763,0.8,12.0,3.63,9,6,0,213.36,0
ITEM_3764,1.19,105.0,4.92,3,1,0,39.07,0
ITEM_3765,0.86,94.0,4.55,12,2,0,113.61,0
ITEM_3766,0.8,32.0,4.45,5,1,0,18.98,0
ITEM_3767,0.92,55.0,4.0,14,5,1,58.21,1
ITEM_3768,1.21,658.0,3.78,14,2,0,96.31,0
ITEM_3769,1.06,130.0,4.07,10,4,0,286.45,0
ITEM_3770,1.09,17.0,4.4,8,1,0,21.76,0
ITEM_3771,1.17,9.0,4.45,9,1,0,141.0,0
ITEM_3772,0.95,8.0,3.75,9,1,0,233.72,1
ITEM_3773,1.23,89.0,4.17,10,3,0,157.07,0
ITEM_3774,1.08,361.0,4.35,6,1,0,180.02,0
ITEM_3775,1.19,322.0,4.94,7,0,1,280.71,1
ITEM_3776,0.83,83.0,4.32,6,5,0,198.86,0
ITEM_3777,1.02,268.0,4.37,6,1,0,229.68,0
ITEM_3778,1.21,251.0,4.65,8,2,0,21.45,0
ITEM_3779,1.41,119.0,4.13,12,0,0,240.74,0
ITEM_3780,1.24,93.0,4.08,9,8,1,132.4,1
ITEM_3781,1.25,36.0,4.39,11,4,0,15.75,0
ITEM_3782,0.65,59.0,4.67,9,2,0,256.38,0
ITEM_3783,0.93,74.0,4.46,5,1,0,287.43,0
ITEM_3784,1.14,302.0,3.78,12,3,0,184.97,0
ITEM_3785,0.69,145.0,4.1,7,3,0,267.78,0
ITEM_3786,1.1,40.0,4.27,7,5,0,66.43,0
ITEM_3787,0.92,18.0,4.29,12,2,0,185.12,0
ITEM_3788,0.93,124.0,4.01,4,3,0,140.34,0
ITEM_3789,1.02,198.0,4.28,12,0,0,20.61,0
ITEM_3790,1.09,308.0,4.51,12,5,0,191.95,0
ITEM_3791,1.18,287.0,4.2,5,1,0,177.12,0
ITEM_3792,0.73,313.0,4.18,11,4,0,23.01,0
ITEM_3793,1.24,107.0,4.7,11,1,0,70.28,1
ITEM_3794,1.16,361.0,4.64,6,0,0,93.96,0
ITEM_3795,0.94,106.0,4.13,6,3,0,66.5,0
ITEM_3796,1.24,33.0,4.99,8,1,0,198.56,0
ITEM_3797,0.58,91.0,3.6,11,0,0,164.16,0
ITEM_3798,1.04,75.0,3.99,6,4,0,116.49,0
ITEM_3799,0.86,90.0,3.56,6,2,0,135.45,0
ITEM_3800,0.74,193.0,4.76,4,3,0,290.2,0
ITEM_3801,0.63,193.0,4.63,10,2,0,42.45,0
ITEM_3802,1.16,46.0,4.53,13,2,0,64.29,0
ITEM_3803,1.13,68.0,3.82,12,4,0,166.04,0
ITEM_3804,1.3,163.0,4.56,11,2,0,293.53,0
ITEM_3805,1.17,16.0,4.03,10,0,0,224.33,0
ITEM_3806,0.93,210.0,4.8,5,2,0,247.92,0
ITEM_3807,1.68,35.0,3.8,7,1,0,222.51,0
ITEM_3808,1.25,342.0,3.83,7,2,0,32.68,0
ITEM_3809,0.71,92.0,4.94,8,1,0,95.11,0
ITEM_3810,0.97,45.0,4.28,7,3,0,166.59,0
ITEM_3811,1.06,198.0,4.17,9,2,0,27.94,0
ITEM_3812,0.93,145.0,4.03,11,0,0,125.63,0
ITEM_3813,1.51,34.0,4.75,8,2,0,70.93,0
ITEM_3814,0.93,316.0,4.03,4,3,0,199.05,0
ITEM_3815,0.9,109.0,4.03,8,1,0,38.55,0
ITEM_3816,1.19,30.0,3.69,9,0,0,238.08,0
ITEM_3817,1.03,286.0,4.28,7,2,0,175.54,0
ITEM_3818,0.94,26.0,4.89,9,2,0,118.17,0
ITEM_3819,1.54,620.0,4.94,4,5,0,50.6,0
ITEM_3820,1.38,105.0,4.99,5,4,0,204.76,0
ITEM_3821,0.65,234.0,4.21,8,3,0,253.26,0
ITEM_3822,1.47,108.0,4.66,9,3,0,255.94,0
ITEM_3823,0.96,37.0,4.33,4,1,0,47.47,0
ITEM_3824,1.28,255.0,4.32,6,2,0,294.28,0
ITEM_3825,1.5,61.0,4.71,11,3,0,103.03,0
ITEM_3826,1.2,206.0,4.75,12,2,0,79.89,0
ITEM_3827,1.57,54.0,3.53,4,3,0,117.5,0
ITEM_3828,1.21,50.0,4.91,6,1,0,133.68,0
ITEM_3829,1.16,110.0,4.73,15,0,0,179.77,0
ITEM_3830,1.25,305.0,4.58,1,3,0,169.44,0
ITEM_3831,0.69,171.0,4.78,7,0,0,58.7,0
ITEM_3832,0.95,12.0,4.31,10,2,0,90.97,0
ITEM_3833,0.73,238.0,4.66,7,1,0,225.15,0
ITEM_3834,0.96,156.0,4.4,2,2,0,72.11,0
ITEM_3835,1.11,176.0,4.31,7,0,0,211.03,0
ITEM_3836,0.96,79.0,3.82,8,4,0,229.58,0
ITEM_3837,0.96,146.0,4.77,7,1,0,228.47,0
ITEM_3838,0.66,84.0,4.83,9,1,0,224.75,0
ITEM_3839,0.87,15.0,4.96,6,1,0,85.26,0
ITEM_3840,1.42,335.0,3.68,5,0,0,132.24,0
ITEM_3841,0.86,204.0,3.94,3,1,0,146.0,0
ITEM_3842,0.91,200.0,4.53,4,0,0,284.81,0
ITEM_3843,1.06,39.0,4.78,2,1,0,105.44,0
ITEM_3844,1.09,196.0,4.63,10,0,0,282.07,0
ITEM_3845,0.97,48.0,4.18,8,0,0,263.31,0
ITEM_3846,0.65,209.0,4.59,9,1,0,231.86,0
ITEM_3847,1.14,73.0,3.61,10,1,0,209.34,0
ITEM_3848,1.48,31.0,4.49,8,2,0,153.82,1
ITEM_3849,1.46,426.0,3.51,7,2,0,44.36,0
ITEM_3850,0.82,20.0,3.57,5,1,0,151.04,0
ITEM_3851,1.1,258.0,4.64,12,4,0,16.96,0
ITEM_3852,1.63,19.0,4.22,5,1,0,151.83,0
ITEM_3853,1.0,208.0,3.59,16,4,0,193.12,0
ITEM_3854,1.06,21.0,4.22,6,1,0,126.69,0
ITEM_3855,0.63,128.0,3.59,10,2,0,46.44,0
ITEM_3856,1.26,37.0,4.02,8,0,1,211.88,1
ITEM_3857,1.07,363.0,3.74,13,2,0,254.2,0
ITEM_3858,0.78,92.0,3.83,14,2,0,196.03,0
ITEM_3859,1.17,3.0,3.79,8,1,0,178.1,0
ITEM_3860,1.24,178.0,4.06,3,0,0,132.81,0
ITEM_3861,0.83,106.0,3.66,8,1,0,204.91,0
ITEM_3862,0.58,354.0,4.29,9,3,1,101.08,1
ITEM_3863,1.03,102.0,4.11,12,3,0,178.1,0
ITEM_3864,1.17,95.0,4.76,6,0,0,106.69,0
ITEM_3865,1.07,109.0,4.74,3,2,0,189.06,0
ITEM_3866,1.29,354.0,4.74,6,0,0,145.34,0
ITEM_3867,0.57,159.0,4.2,5,3,0,76.39,0
ITEM_3868,0.75,199.0,3.94,4,0,0,88.51,0
ITEM_3869,1.06,229.0,4.12,5,2,0,220.94,0
ITEM_3870,0.61,499.0,4.53,9,2,0,59.08,0
ITEM_3871,0.81,327.0,4.29,3,3,0,94.19,0
ITEM_3872,0.87,472.0,4.44,11,3,0,219.8,0
ITEM_3873,1.25,76.0,4.54,8,0,0,18.01,0
ITEM_3874,1.33,44.0,4.88,8,2,0,10.76,0
ITEM_3875,1.18,41.0,4.92,7,2,1,124.41,1
ITEM_3876,1.47,351.0,4.76,10,4,0,285.27,0
ITEM_3877,1.35,320.0,3.6,5,2,0,23.73,0
ITEM_3878,1.2,189.0,4.97,10,1,0,270.14,0
ITEM_3879,1.19,12.0,4.56,7,3,0,173.46,0
ITEM_3880,0.85,69.0,4.54,5,4,0,38.62,0
ITEM_3881,0.65,239.0,3.53,3,1,0,250.83,0
ITEM_3882,0.82,51.0,4.22,9,3,0,23.37,0
ITEM_3883,1.21,176.0,4.44,11,2,0,158.68,0
ITEM_3884,0.92,141.0,3.92,9,3,1,189.36,1
ITEM_3885,1.15,55.0,3.62,9,2,0,206.77,0
ITEM_3886,0.54,490.0,4.3,8,3,0,78.39,0
ITEM_3887,1.13,53.0,4.17,10,4,0,87.84,0
ITEM_3888,0.79,405.0,3.57,11,2,0,256.09,0
ITEM_3889,0.82,140.0,4.28,6,1,0,113.12,0
ITEM_3890,1.42,17.0,3.66,10,3,0,162.95,0
ITEM_3891,1.54,323.0,4.14,9,1,0,139.26,0
ITEM_3892,0.73,282.0,3.91,8,5,0,62.34,0
ITEM_3893,0.94,320.0,4.96,3,1,0,127.9,0
ITEM_3894,0.97,183.0,3.55,10,2,0,22.57,0
ITEM_3895,1.18,224.0,4.34,9,2,0,53.67,0
ITEM_3896,0.88,428.0,3.73,7,1,0,251.45,0
ITEM_3897,0.8,25.0,3.98,9,3,0,278.19,0
ITEM_3898,1.07,16.0,3.78,9,1,0,16.15,0
ITEM_3899,1.02,24.0,4.99,6,2,1,103.13,1
ITEM_3900,1.22,367.0,3.55,4,5,0,281.3,0
ITEM_3901,0.83,149.0,4.31,3,4,0,218.68,0
ITEM_3902,0.95,35.0,4.41,10,0,1,13.59,1
ITEM_3903,1.19,28.0,4.66,11,1,0,41.31,0
ITEM_3904,0.98,106.0,4.44,6,3,0,223.77,0
ITEM_3905,0.58,304.0,3.85,8,1,1,207.23,1
ITEM_3906,1.41,294.0,4.4,7,2,0,263.96,0
ITEM_3907,0.98,343.0,4.96,5,1,1,229.52,1
ITEM_3908,0.98,264.0,4.77,4,2,0,284.09,0
ITEM_3909,1.63,11.0,4.18,6,1,0,167.48,0
ITEM_3910,1.53,229.0,4.22,4,4,1,86.31,1
ITEM_3911,1.24,132.0,3.7,6,1,0,48.02,0
ITEM_3912,0.73,233.0,4.35,6,1,0,11.32,0
ITEM_3913,1.34,119.0,3.92,9,3,0,46.24,0
ITEM_3914,0.56,119.0,3.66,12,3,0,183.79,0
ITEM_3915,1.03,24.0,4.21,6,2,0,127.68,0
ITEM_3916,0.88,424.0,3.57,9,1,0,239.77,0
ITEM_3917,0.82,84.0,3.68,11,5,0,105.24,0
ITEM_3918,1.06,157.0,3.83,8,1,0,113.36,0
ITEM_3919,1.15,42.0,4.99,6,1,0,188.91,0
ITEM_3920,1.2,83.0,4.71,8,1,0,281.87,0
ITEM_3921,0.98,368.0,4.31,8,0,1,181.38,1
ITEM_3922,0.95,42.0,3.85,8,3,0,76.9,0
ITEM_3923,1.21,42.0,4.28,8,2,0,123.5,0
ITEM_3924,1.22,54.0,4.47,11,1,0,277.68,0
ITEM_3925,1.03,154.0,3.51,10,1,0,242.77,0
ITEM_3926,0.78,132.0,4.98,8,2,0,19.89,0
ITEM_3927,0.58,35.0,4.44,6,1,0,83.63,0
ITEM_3928,1.16,212.0,4.98,9,3,0,185.15,0
ITEM_3929,1.24,429.0,4.2,8,2,0,224.0,0
ITEM_3930,0.95,40.0,4.44,6,4,0,44.84,0
ITEM_3931,1.09,201.0,4.19,11,5,0,159.35,0
ITEM_3932,1.33,159.0,3.51,7,1,0,173.11,0
ITEM_3933,1.5,72.0,4.77,7,2,0,45.18,0
ITEM_3934,0.9,173.0,4.17,7,3,0,137.5,0
ITEM_3935,0.98,42.0,4.21,7,1,0,10.9,0
ITEM_3936,1.11,323.0,4.04,7,1,0,212.83,0
ITEM_3937,0.7,4.0,4.15,11,5,0,32.21,0
ITEM_3938,0.46,151.0,4.59,13,1,0,52.41,0
ITEM_3939,0.67,69.0,4.55,5,4,0,239.79,0
ITEM_3940,0.93,384.0,4.71,8,2,0,130.0,0
ITEM_3941,0.82,125.0,4.96,7,0,0,211.06,0
ITEM_3942,0.8,292.0,4.09,9,3,0,199.82,0
ITEM_3943,1.01,463.0,4.01,7,2,0,53.69,0
ITEM_3944,1.0,73.0,4.24,8,2,0,59.04,0
ITEM_3945,0.81,382.0,3.73,6,0,0,201.15,0
ITEM_3946,0.6,233.0,4.64,8,5,0,79.07,0
ITEM_3947,1.1,21.0,4.37,7,0,0,138.08,0
ITEM_3948,1.26,20.0,3.82,12,3,0,248.19,0
ITEM_3949,0.85,306.0,4.8,12,2,0,89.42,0
ITEM_3950,0.9,114.0,4.43,8,4,0,109.33,0
ITEM_3951,1.2,123.0,3.55,9,2,0,100.85,0
ITEM_3952,1.26,399.0,3.79,8,1,0,226.35,0
ITEM_3953,0.89,421.0,4.84,5,4,1,103.15,1
ITEM_3954,0.97,22.0,4.07,4,3,0,121.05,0
ITEM_3955,1.37,84.0,4.98,7,1,0,171.18,0
ITEM_3956,1.22,406.0,4.29,10,2,0,158.22,0
ITEM_3957,0.72,309.0,3.81,9,5,0,89.94,0
ITEM_3958,0.57,230.0,4.39,11,1,0,186.69,0
ITEM_3959,0.93,19.0,3.65,10,1,0,112.79,0
ITEM_3960,0.76,175.0,4.71,12,4,0,142.85,0
ITEM_3961,1.12,157.0,4.44,7,2,0,119.46,0
ITEM_3962,1.18,33.0,4.95,10,2,0,237.54,0
ITEM_3963,1.06,268.0,4.54,9,1,0,166.64,0
ITEM_3964,0.8,67.0,3.57,4,0,0,296.4,0
ITEM_3965,0.68,174.0,4.21,7,2,0,153.11,0
ITEM_3966,1.17,81.0,4.3,5,1,0,268.31,0
ITEM_3967,1.21,16.0,4.88,5,2,0,176.38,0
ITEM_3968,1.28,134.0,4.15,7,2,0,269.06,0
ITEM_3969,0.93,66.0,4.39,10,2,0,202.6,0
ITEM_3970,0.98,13.0,3.78,6,2,0,45.01,0
ITEM_3971,1.2,40.0,3.87,8,4,0,37.27,0
ITEM_3972,1.0,174.0,4.32,9,0,0,231.66,0
ITEM_3973,0.86,19.0,4.55,8,5,0,208.29,0
ITEM_3974,0.79,16.0,4.15,9,1,0,140.69,0
ITEM_3975,1.18,519.0,4.15,10,2,1,134.55,1
ITEM_3976,0.93,20.0,3.88,7,2,0,201.63,0
ITEM_3977,0.86,85.0,4.55,6,4,0,171.07,0
ITEM_3978,1.11,26.0,3.51,12,3,0,68.73,0
ITEM_3979,0.82,504.0,4.27,8,3,0,263.84,0
ITEM_3980,0.86,118.0,3.51,5,1,0,213.93,0
ITEM_3981,1.01,21.0,4.39,14,1,0,198.94,0
ITEM_3982,0.88,264.0,3.55,6,1,0,148.16,0
ITEM_3983,1.35,273.0,4.91,9,0,0,284.23,0
ITEM_3984,1.13,417.0,4.22,12,2,0,13.15,0
ITEM_3985,1.03,220.0,4.53,10,1,0,212.53,0
ITEM_3986,1.35,10.0,4.78,7,1,0,294.97,0
ITEM_3987,1.02,144.0,3.85,3,4,1,181.33,1
ITEM_3988,1.27,87.0,4.31,4,2,0,182.06,0
ITEM_3989,0.75,249.0,4.8,10,1,0,240.23,0
ITEM_3990,0.84,161.0,4.31,8,3,0,16.94,0
ITEM_3991,0.76,233.0,4.09,6,2,0,43.51,0
ITEM_3992,1.13,36.0,4.05,7,5,0,255.24,0
ITEM_3993,0.61,103.0,4.08,6,1,0,200.5,0
ITEM_3994,1.08,102.0,4.42,9,2,0,294.97,0
ITEM_3995,0.88,713.0,3.57,8,1,0,128.13,0
ITEM_3996,1.03,3.0,4.12,8,0,0,139.63,0
ITEM_3997,1.0,305.0,4.34,4,4,0,202.51,0
ITEM_3998,1.14,18.0,4.68,10,0,0,62.39,0
ITEM_3999,1.56,15.0,4.29,6,5,0,93.53,0
ITEM_4000,1.5,72.0,4.89,9,6,0,259.51,0
ITEM_4001,1.2,217.0,4.17,8,2,0,242.86,0
ITEM_4002,0.91,204.0,4.48,6,0,1,175.61,1
ITEM_4003,1.05,178.0,3.53,4,0,0,114.03,0
ITEM_4004,0.9,268.0,3.86,8,3,0,194.51,0
ITEM_4005,0.82,48.0,4.72,8,2,0,60.03,0
ITEM_4006,0.51,181.0,4.38,10,3,0,135.61,0
ITEM_4007,0.94,183.0,4.92,8,3,1,155.87,1
ITEM_4008,1.07,191.0,4.63,7,0,0,143.83,0
ITEM_4009,1.15,162.0,4.17,11,0,0,131.42,0
ITEM_4010,1.03,45.0,4.67,8,1,0,118.93,0
ITEM_4011,0.83,442.0,4.2,11,2,0,177.68,0
ITEM_4012,0.88,671.0,4.0,11,1,0,113.7,0
ITEM_4013,1.23,210.0,3.57,5,0,0,181.0,0
ITEM_4014,0.57,106.0,4.8,8,2,1,160.78,1
ITEM_4015,0.87,139.0,4.13,6,1,0,112.43,0
ITEM_4016,1.01,21.0,4.53,3,4,0,237.59,0
ITEM_4017,0.9,81.0,3.73,6,2,0,22.43,0
ITEM_4018,0.62,672.0,4.74,8,1,0,88.17,0
ITEM_4019,1.23,143.0,4.74,5,1,0,153.68,0
ITEM_4020,1.29,148.0,4.22,8,2,0,274.7,0
ITEM_4021,0.75,554.0,4.51,9,2,0,30.9,0
ITEM_4022,0.2,391.0,4.28,11,3,0,179.28,0
ITEM_4023,1.5,151.0,4.33,7,1,0,59.32,0
ITEM_4024,0.9,56.0,4.83,11,3,0,13.53,0
ITEM_4025,0.76,22.0,4.95,3,5,0,261.34,0
ITEM_4026,0.97,359.0,4.05,6,0,1,264.2,1
ITEM_4027,1.08,455.0,4.0,10,2,0,89.71,0
ITEM_4028,0.84,123.0,3.96,6,0,0,259.59,0
ITEM_4029,1.03,18.0,4.66,10,1,0,119.37,0
ITEM_4030,0.97,168.0,4.58,9,2,0,23.71,0
ITEM_4031,0.83,82.0,3.57,5,3,0,75.06,0
ITEM_4032,0.59,31.0,3.63,2,0,0,198.67,0
ITEM_4033,1.33,453.0,4.47,5,4,0,69.79,1
ITEM_4034,1.14,49.0,3.91,6,2,0,177.34,0
ITEM_4035,0.81,224.0,3.64,10,2,0,62.93,0
ITEM_4036,1.1,101.0,4.12,6,2,0,70.43,0
ITEM_4037,0.78,317.0,4.82,11,1,0,205.88,0
ITEM_4038,0.99,217.0,4.05,7,2,0,262.33,0
ITEM_4039,1.15,24.0,4.54,4,2,0,226.97,0
ITEM_4040,1.12,107.0,4.85,6,1,0,26.82,0
ITEM_4041,0.9,54.0,3.75,8,4,0,277.68,0
ITEM_4042,1.2,225.0,4.41,10,2,0,56.52,0
ITEM_4043,1.0,142.0,4.86,6,1,0,220.93,0
ITEM_4044,0.87,75.0,3.79,5,2,0,221.1,0
ITEM_4045,1.42,72.0,4.98,7,1,0,140.94,0
ITEM_4046,0.72,22.0,4.05,16,1,0,173.57,0
ITEM_4047,1.1,43.0,3.83,8,3,0,37.82,0
ITEM_4048,1.35,225.0,4.76,10,0,1,292.13,1
ITEM_4049,0.57,169.0,4.2,12,1,0,28.76,0
ITEM_4050,1.41,79.0,4.51,6,1,0,273.93,0
ITEM_4051,1.42,326.0,4.23,9,6,0,82.21,0
ITEM_4052,0.88,119.0,4.47,8,2,0,123.5,0
ITEM_4053,1.07,285.0,3.55,6,4,0,229.77,0
ITEM_4054,0.82,274.0,4.03,8,2,0,264.95,0
ITEM_4055,0.79,339.0,4.49,3,3,0,211.66,0
ITEM_4056,0.72,341.0,4.03,4,2,0,45.26,0
ITEM_4057,1.42,205.0,4.66,10,4,0,112.12,0
ITEM_4058,0.94,249.0,4.94,5,1,0,186.92,0
ITEM_4059,0.65,270.0,3.56,6,3,0,296.05,0
ITEM_4060,1.26,33.0,4.78,5,2,0,127.5,0
ITEM_4061,1.17,64.0,3.75,10,1,0,97.74,0
ITEM_4062,1.09,20.0,4.88,6,7,0,91.31,0
ITEM_4063,0.84,38.0,4.92,5,2,0,257.66,0
ITEM_4064,0.9,271.0,4.35,5,1,1,59.47,1
ITEM_4065,1.52,529.0,4.22,6,1,0,196.96,0
ITEM_4066,1.1,202.0,4.64,7,1,0,256.01,0
ITEM_4067,0.87,391.0,4.88,7,0,1,257.46,1
ITEM_4068,1.19,69.0,3.85,9,2,0,47.79,0
ITEM_4069,1.21,337.0,4.07,3,2,0,240.03,0
ITEM_4070,1.45,74.0,4.13,8,4,0,276.65,0
ITEM_4071,1.02,404.0,4.77,6,4,0,236.97,0
ITEM_4072,1.18,288.0,3.71,12,2,1,213.5,1
ITEM_4073,1.13,740.0,4.43,7,1,0,159.9,1
ITEM_4074,0.82,316.0,4.03,10,3,0,232.62,0
ITEM_4075,0.66,91.0,4.83,4,1,0,177.11,0
ITEM_4076,1.16,21.0,4.01,9,3,0,128.18,0
ITEM_4077,1.17,373.0,4.97,8,5,0,153.21,0
ITEM_4078,0.39,152.0,3.52,14,2,0,199.78,0
ITEM_4079,1.13,352.0,3.86,12,1,0,172.12,0
ITEM_4080,0.98,88.0,4.19,5,5,0,204.01,0
ITEM_4081,1.11,5.0,3.88,7,1,0,294.69,0
ITEM_4082,0.88,10.0,4.61,9,5,0,85.69,0
ITEM_4083,1.36,200.0,4.72,5,2,0,298.77,0
ITEM_4084,1.26,22.0,4.55,9,0,0,25.7,0
ITEM_4085,0.65,246.0,4.96,9,2,0,186.27,0
ITEM_4086,0.76,98.0,4.18,9,1,0,280.86,0
ITEM_4087,1.02,149.0,4.97,11,1,0,39.71,0
ITEM_4088,0.85,291.0,3.69,11,3,0,297.16,0
ITEM_4089,1.27,53.0,4.77,3,4,0,276.37,0
ITEM_4090,0.75,96.0,3.56,11,2,0,257.69,0
ITEM_4091,1.27,235.0,4.3,9,2,0,162.83,0
ITEM_4092,0.39,451.0,4.23,10,0,0,71.99,0
ITEM_4093,0.9,62.0,4.78,7,0,0,35.86,0
ITEM_4094,1.35,175.0,4.55,13,1,0,28.76,0
ITEM_4095,0.99,544.0,4.16,10,0,0,180.52,0
ITEM_4096,1.01,188.0,4.84,6,2,0,213.66,0
ITEM_4097,1.19,402.0,4.83,4,2,0,73.97,0
ITEM_4098,1.13,506.0,3.54,7,2,0,151.9,0
ITEM_4099,0.97,477.0,4.81,7,4,0,163.31,0
ITEM_4100,1.33,256.0,4.29,11,2,0,270.04,0
ITEM_4101,1.03,145.0,4.76,14,1,0,46.53,0
ITEM_4102,1.14,18.0,3.77,9,2,0,241.35,0
ITEM_4103,1.24,45.0,3.73,0,1,0,233.64,0
ITEM_4104,0.39,53.0,4.58,7,2,0,207.53,0
ITEM_4105,0.82,6.0,3.91,5,0,0,81.88,0
ITEM_4106,0.85,19.0,4.34,2,2,0,24.93,0
ITEM_4107,1.16,63.0,4.53,7,3,0,236.98,0
ITEM_4108,1.44,17.0,4.42,6,1,0,172.39,0
ITEM_4109,0.53,33.0,4.55,4,2,0,192.07,0
ITEM_4110,0.9,10.0,4.43,6,2,0,257.16,0
ITEM_4111,1.27,97.0,4.07,14,4,0,48.3,0
ITEM_4112,0.57,310.0,3.64,3,0,0,69.82,0
ITEM_4113,1.1,301.0,4.78,9,1,0,132.07,0
ITEM_4114,1.11,423.0,4.77,6,4,0,112.64,0
ITEM_4115,1.13,246.0,3.51,13,3,0,285.48,0
ITEM_4116,0.72,50.0,4.76,5,2,1,102.26,1
ITEM_4117,0.99,218.0,3.73,8,2,0,270.82,0
ITEM_4118,0.7,252.0,4.0,9,5,0,164.3,0
ITEM_4119,1.28,141.0,4.12,13,2,0,37.89,0
ITEM_4120,0.73,296.0,4.52,7,3,1,205.13,1
ITEM_4121,1.01,13.0,3.64,13,0,0,226.76,0
ITEM_4122,1.52,163.0,4.74,7,1,0,57.33,0
ITEM_4123,1.28,118.0,4.91,8,1,0,131.67,0
ITEM_4124,0.56,294.0,4.93,7,2,0,53.0,0
ITEM_4125,0.92,25.0,3.64,8,2,1,61.35,1
ITEM_4126,1.02,43.0,4.88,9,2,0,209.38,0
ITEM_4127,0.95,147.0,4.35,8,1,0,153.61,0
ITEM_4128,1.1,529.0,4.59,3,1,0,19.26,0
ITEM_4129,1.15,16.0,4.9,6,0,0,281.05,0
ITEM_4130,1.46,245.0,4.49,7,3,1,210.28,1
ITEM_4131,0.88,41.0,4.19,8,4,0,25.36,0
ITEM_4132,1.19,20.0,4.29,13,0,0,218.88,0
ITEM_4133,0.95,90.0,4.53,9,4,0,252.92,0
ITEM_4134,1.39,157.0,4.92,6,1,0,127.63,0
ITEM_4135,1.1,316.0,4.83,10,1,0,228.8,0
ITEM_4136,1.01,181.0,4.37,8,3,0,94.07,0
ITEM_4137,0.93,122.0,3.82,10,0,0,45.17,0
ITEM_4138,0.78,61.0,4.02,7,2,0,291.47,0
ITEM_4139,1.22,62.0,4.04,10,1,0,11.27,0
ITEM_4140,0.79,265.0,3.93,7,4,0,161.81,0
ITEM_4141,0.53,22.0,4.62,11,1,1,38.47,1
ITEM_4142,0.76,29.0,4.75,11,2,0,182.98,0
ITEM_4143,1.04,229.0,3.98,11,1,0,11.33,0
ITEM_4144,0.69,584.0,4.77,9,3,0,28.1,1
ITEM_4145,0.8,23.0,4.6,12,1,0,214.56,0
ITEM_4146,0.53,169.0,4.16,9,3,0,244.79,0
ITEM_4147,0.79,49.0,4.55,6,1,0,240.3,0
ITEM_4148,1.43,5.0,4.65,7,4,0,60.43,0
ITEM_4149,0.84,321.0,4.34,7,4,0,11.53,0
ITEM_4150,0.97,128.0,4.16,8,1,0,227.27,0
ITEM_4151,1.56,4.0,3.65,11,5,0,63.17,0
ITEM_4152,1.08,406.0,3.5,5,6,0,102.46,0
ITEM_4153,1.07,138.0,4.91,2,1,0,89.67,0
ITEM_4154,0.76,240.0,3.9,11,1,0,280.17,0
ITEM_4155,1.06,99.0,4.49,8,3,1,264.35,1
ITEM_4156,1.43,37.0,4.92,3,1,0,141.54,0
ITEM_4157,0.7,113.0,4.73,5,3,0,239.74,0
ITEM_4158,0.95,61.0,3.68,10,5,0,226.13,0
ITEM_4159,0.71,63.0,4.7,9,2,0,146.36,0
ITEM_4160,1.4,186.0,4.59,13,5,0,37.86,0
ITEM_4161,0.71,18.0,3.99,9,4,0,234.38,0
ITEM_4162,0.82,91.0,4.53,8,3,0,206.55,0
ITEM_4163,0.71,142.0,4.74,6,1,0,55.34,0
ITEM_4164,0.65,223.0,3.94,7,1,0,151.04,0
ITEM_4165,1.02,180.0,4.8,5,1,0,240.57,0
ITEM_4166,0.91,391.0,3.62,12,2,0,232.82,0
ITEM_4167,1.09,878.0,4.29,8,2,0,291.66,0
ITEM_4168,1.16,499.0,3.85,9,1,0,144.35,0
ITEM_4169,0.58,260.0,4.59,9,0,0,249.63,0
ITEM_4170,1.08,209.0,3.76,7,0,1,12.13,1
ITEM_4171,0.77,6.0,4.01,6,2,0,196.35,0
ITEM_4172,1.04,137.0,3.69,10,2,0,90.87,0
ITEM_4173,1.08,196.0,4.72,7,1,0,55.33,0
ITEM_4174,0.94,96.0,3.7,12,2,0,224.09,0
ITEM_4175,1.33,87.0,4.58,6,1,0,117.63,0
ITEM_4176,0.64,141.0,4.56,4,1,0,188.03,0
ITEM_4177,0.72,427.0,3.71,9,2,0,250.85,0
ITEM_4178,1.06,54.0,4.35,5,2,0,165.9,0
ITEM_4179,1.53,92.0,4.25,8,2,0,137.51,0
ITEM_4180,0.76,191.0,4.39,8,3,0,190.08,0
ITEM_4181,0.98,37.0,4.91,2,0,0,298.86,0
ITEM_4182,1.3,324.0,3.62,6,2,0,46.79,1
ITEM_4183,1.23,197.0,4.73,9,2,0,88.64,0
ITEM_4184,1.15,78.0,4.79,9,1,0,280.93,0
ITEM_4185,0.82,231.0,3.69,8,4,0,298.5,0
ITEM_4186,0.99,59.0,4.48,4,0,0,171.76,0
ITEM_4187,1.01,268.0,4.55,7,3,0,15.02,1
ITEM_4188,1.26,13.0,4.32,8,1,0,250.77,0
ITEM_4189,0.97,100.0,4.25,7,1,0,192.89,0
ITEM_4190,1.34,55.0,3.98,7,1,0,162.37,0
ITEM_4191,0.99,305.0,4.53,7,3,0,290.0,0
ITEM_4192,1.03,252.0,3.93,6,4,0,48.62,0
ITEM_4193,0.97,332.0,4.19,6,1,0,109.96,0
ITEM_4194,0.96,190.0,4.79,7,0,0,191.63,0
ITEM_4195,0.98,286.0,3.63,10,3,0,11.35,0
ITEM_4196,1.01,104.0,4.29,9,1,0,260.94,0
ITEM_4197,0.59,204.0,4.23,4,0,0,231.02,0
ITEM_4198,0.93,6.0,4.07,10,3,0,78.12,0
ITEM_4199,1.42,383.0,4.4,10,1,0,99.31,0
ITEM_4200,0.55,208.0,3.52,5,1,0,98.61,0
ITEM_4201,0.94,362.0,4.24,6,1,0,259.73,0
ITEM_4202,0.86,265.0,4.23,6,4,0,103.1,0
ITEM_4203,1.08,61.0,4.27,5,1,0,90.98,0
ITEM_4204,1.13,57.0,3.82,8,2,0,224.5,0
ITEM_4205,1.04,289.0,3.81,7,3,0,177.83,0
ITEM_4206,0.5,37.0,4.47,4,3,0,114.2,0
ITEM_4207,0.49,21.0,3.64,4,4,0,177.06,0
ITEM_4208,0.33,3.0,3.96,11,2,0,276.64,1
ITEM_4209,0.97,64.0,4.75,7,2,0,140.66,0
ITEM_4210,0.59,19.0,3.66,9,2,0,11.37,0
ITEM_4211,0.41,291.0,4.2,4,1,0,222.81,0
ITEM_4212,0.77,119.0,4.5,8,1,0,299.49,0
ITEM_4213,0.83,52.0,3.71,12,3,1,25.21,1
ITEM_4214,0.98,166.0,3.97,10,2,0,187.29,0
ITEM_4215,1.0,13.0,4.34,6,3,0,125.57,0
ITEM_4216,1.02,233.0,3.99,10,1,0,173.71,0
ITEM_4217,1.2,125.0,3.66,6,1,0,99.27,0
ITEM_4218,0.93,1.0,3.85,7,6,0,228.45,0
ITEM_4219,1.19,69.0,3.66,2,1,0,37.05,0
ITEM_4220,0.91,250.0,4.98,9,1,0,36.07,0
ITEM_4221,0.9,38.0,3.85,4,2,0,166.66,0
ITEM_4222,0.86,588.0,4.3,7,2,1,103.08,1
ITEM_4223,0.99,408.0,4.14,2,2,0,277.7,0
ITEM_4224,1.16,271.0,4.35,4,2,0,65.79,0
ITEM_4225,1.16,15.0,4.25,3,3,0,234.98,0
ITEM_4226,1.15,79.0,4.59,12,3,0,292.64,0
ITEM_4227,1.08,64.0,4.81,12,1,0,104.75,0
ITEM_4228,0.71,27.0,3.93,13,1,0,276.08,0
ITEM_4229,1.69,1417.0,3.78,7,1,0,101.91,0
ITEM_4230,0.67,29.0,4.98,16,2,0,170.7,1
ITEM_4231,1.03,68.0,4.8,8,0,0,10.1,0
ITEM_4232,1.75,382.0,4.05,8,2,0,86.63,0
ITEM_4233,1.22,28.0,4.84,9,3,0,25.26,0
ITEM_4234,0.82,114.0,4.51,7,4,0,18.66,0
ITEM_4235,1.3,669.0,4.16,6,4,1,298.74,1
ITEM_4236,1.05,51.0,4.81,8,3,1,231.82,1
ITEM_4237,0.8,219.0,4.51,13,2,0,107.57,0
ITEM_4238,1.05,15.0,4.74,5,0,0,207.51,0
ITEM_4239,0.91,165.0,4.13,8,1,0,162.82,0
ITEM_4240,0.95,75.0,4.7,7,3,0,276.19,0
ITEM_4241,1.01,216.0,4.05,6,2,0,82.21,0
ITEM_4242,1.17,102.0,4.6,6,5,0,158.61,0
ITEM_4243,1.23,64.0,4.15,6,1,0,11.88,0
ITEM_4244,0.82,142.0,4.11,7,4,0,220.96,0
ITEM_4245,1.09,27.0,4.69,15,6,0,177.64,0
ITEM_4246,0.93,303.0,3.69,4,3,1,190.75,1
ITEM_4247,1.19,250.0,4.89,4,2,0,220.49,0
ITEM_4248,0.74,142.0,4.26,9,2,0,120.6,0
ITEM_4249,0.99,82.0,4.45,8,0,0,55.35,0
ITEM_4250,0.54,444.0,4.11,4,0,0,63.41,0
ITEM_4251,1.18,181.0,4.47,7,1,0,222.26,0
ITEM_4252,1.45,60.0,4.56,9,2,0,298.31,0
ITEM_4253,1.39,296.0,4.8,8,2,0,140.29,0
ITEM_4254,1.21,181.0,4.78,11,0,0,59.83,0
ITEM_4255,1.14,24.0,4.04,12,0,0,30.22,0
ITEM_4256,1.52,22.0,4.42,9,3,0,149.59,0
ITEM_4257,0.86,501.0,4.67,13,1,0,217.7,0
ITEM_4258,0.94,61.0,4.65,8,1,0,184.62,0
ITEM_4259,1.35,196.0,4.84,8,1,0,94.54,0
ITEM_4260,0.97,7.0,4.75,11,0,0,182.39,0
ITEM_4261,0.77,146.0,4.58,8,4,0,167.56,0
ITEM_4262,0.62,47.0,4.62,4,2,0,72.88,0
ITEM_4263,0.79,27.0,4.71,8,3,0,128.67,0
ITEM_4264,1.44,267.0,4.76,9,4,0,263.89,0
ITEM_4265,0.97,298.0,4.03,10,2,0,228.23,0
ITEM_4266,0.81,226.0,4.67,7,2,0,279.58,0
ITEM_4267,0.98,2.0,4.92,9,4,0,268.68,0
ITEM_4268,1.08,60.0,3.85,10,3,0,81.74,0
ITEM_4269,0.54,81.0,3.57,6,2,0,260.02,0
ITEM_4270,0.78,211.0,3.61,10,1,0,188.37,0
ITEM_4271,0.63,254.0,3.83,5,3,0,289.02,0
ITEM_4272,1.37,178.0,4.88,7,2,0,66.8,0
ITEM_4273,0.97,280.0,3.69,5,4,0,109.71,0
ITEM_4274,0.96,100.0,4.62,13,2,0,126.18,1
ITEM_4275,0.95,140.0,4.8,9,1,0,16.88,0
ITEM_4276,0.72,12.0,4.82,6,1,0,149.1,0
ITEM_4277,1.13,100.0,4.13,8,1,0,283.7,0
ITEM_4278,1.46,102.0,4.24,7,4,0,246.44,0
ITEM_4279,0.85,170.0,3.98,15,1,0,67.78,0
ITEM_4280,1.22,85.0,3.72,9,2,0,91.9,0
ITEM_4281,0.97,49.0,3.82,7,0,0,293.09,0
ITEM_4282,0.81,49.0,3.7,3,1,0,27.35,0
ITEM_4283,1.23,26.0,4.11,6,1,0,141.67,0
ITEM_4284,0.59,217.0,3.76,6,3,0,267.23,0
ITEM_4285,0.64,175.0,4.11,19,3,0,212.24,0
ITEM_4286,1.44,156.0,4.78,6,3,1,294.88,1
ITEM_4287,0.9,136.0,4.48,5,2,0,292.79,0
ITEM_4288,1.3,82.0,4.49,6,3,0,228.16,0
ITEM_4289,0.97,264.0,4.72,5,2,0,151.05,0
ITEM_4290,0.37,459.0,3.56,5,1,0,190.96,0
ITEM_4291,1.17,104.0,4.69,8,2,0,240.22,0
ITEM_4292,1.09,95.0,3.79,12,3,0,94.93,0
ITEM_4293,0.81,32.0,4.02,4,2,0,142.95,0
ITEM_4294,1.27,200.0,3.96,9,1,0,203.52,0
ITEM_4295,1.23,147.0,3.66,7,2,0,88.7,0
ITEM_4296,0.81,796.0,3.76,10,2,0,200.57,0
ITEM_4297,1.27,158.0,4.93,6,2,0,52.34,0
ITEM_4298,1.05,61.0,4.4,10,2,0,131.65,0
ITEM_4299,1.02,149.0,4.21,4,2,0,39.56,0
ITEM_4300,0.82,752.0,4.64,4,0,0,254.64,0
ITEM_4301,0.77,231.0,4.72,8,3,0,97.77,0
ITEM_4302,1.35,25.0,3.67,6,3,0,278.61,0
ITEM_4303,1.1,76.0,4.61,10,4,0,238.51,0
ITEM_4304,1.24,64.0,4.9,9,4,0,101.44,0
ITEM_4305,0.88,350.0,4.38,10,2,0,185.02,0
ITEM_4306,1.13,170.0,4.42,7,1,0,137.79,0
ITEM_4307,0.91,299.0,4.81,5,2,0,243.75,0
ITEM_4308,1.17,35.0,4.52,6,2,0,209.03,0
ITEM_4309,0.65,430.0,4.99,7,1,0,199.6,0
ITEM_4310,0.65,11.0,3.92,8,1,0,220.63,0
ITEM_4311,0.72,85.0,4.77,10,1,0,132.16,0
ITEM_4312,1.0,3.0,4.42,7,3,0,130.02,0
ITEM_4313,0.45,37.0,4.05,9,3,0,111.87,0
ITEM_4314,1.12,590.0,4.82,6,1,0,56.48,0
ITEM_4315,1.15,15.0,4.99,8,1,0,115.1,0
ITEM_4316,0.56,28.0,3.59,15,2,0,193.22,0
ITEM_4317,0.9,466.0,4.89,6,2,0,101.13,0
ITEM_4318,1.46,223.0,3.8,8,3,0,66.18,0
ITEM_4319,0.89,94.0,3.81,6,0,0,287.63,0
ITEM_4320,0.75,13.0,3.56,7,4,0,178.76,0
ITEM_4321,0.91,277.0,4.88,6,3,0,19.35,0
ITEM_4322,1.29,122.0,4.64,9,1,0,236.63,0
ITEM_4323,0.71,70.0,3.58,10,1,0,205.65,0
ITEM_4324,1.14,81.0,4.45,12,2,0,122.81,0
ITEM_4325,1.11,127.0,3.68,9,0,0,212.22,0
ITEM_4326,1.0,144.0,4.63,4,1,0,275.18,0
ITEM_4327,0.91,307.0,4.11,9,3,0,72.54,0
ITEM_4328,1.23,266.0,3.58,6,5,0,163.23,0
ITEM_4329,0.72,262.0,4.74,6,3,0,233.75,0
ITEM_4330,1.1,235.0,4.36,4,2,0,34.13,0
ITEM_4331,0.61,255.0,4.66,7,2,0,228.02,1
ITEM_4332,1.24,204.0,4.51,8,2,1,231.52,1
ITEM_4333,1.19,365.0,4.15,9,1,0,170.31,0
ITEM_4334,0.9,147.0,4.55,12,0,0,237.58,0
ITEM_4335,0.94,132.0,3.52,3,0,0,204.41,0
ITEM_4336,1.12,217.0,4.01,5,2,0,104.06,0
ITEM_4337,0.66,33.0,4.67,8,2,0,52.42,0
ITEM_4338,0.93,270.0,4.64,13,2,0,289.05,0
ITEM_4339,1.0,495.0,4.83,9,1,0,176.95,0
ITEM_4340,0.57,63.0,4.42,1,3,0,216.6,0
ITEM_4341,1.22,170.0,4.91,7,4,0,166.85,0
ITEM_4342,1.52,6.0,4.34,5,2,0,225.52,0
ITEM_4343,1.6,261.0,4.25,7,3,0,54.32,0
ITEM_4344,0.51,148.0,3.8,7,1,0,74.26,0
ITEM_4345,1.29,202.0,4.67,4,1,0,257.58,0
ITEM_4346,0.84,28.0,4.54,6,3,0,25.85,0
ITEM_4347,0.97,298.0,4.19,7,1,0,142.34,0
ITEM_4348,0.75,53.0,3.63,6,1,0,65.36,0
ITEM_4349,1.15,208.0,3.69,9,2,1,175.09,1
ITEM_4350,0.37,162.0,3.67,7,1,0,145.03,0
ITEM_4351,0.7,191.0,4.06,6,0,0,224.15,0
ITEM_4352,0.44,9.0,3.74,9,1,0,99.47,0
ITEM_4353,0.86,244.0,4.79,7,5,0,132.2,0
ITEM_4354,0.92,285.0,4.85,9,2,0,77.98,0
ITEM_4355,0.61,116.0,4.79,7,2,0,39.82,0
ITEM_4356,1.13,95.0,4.41,9,2,0,75.77,0
ITEM_4357,1.11,75.0,4.39,7,3,0,270.55,0
ITEM_4358,1.22,473.0,4.84,5,1,0,150.22,0
ITEM_4359,1.35,253.0,4.11,6,1,0,165.89,0
ITEM_4360,0.93,216.0,3.59,9,3,0,224.84,0
ITEM_4361,1.06,468.0,4.21,9,2,0,260.63,0
ITEM_4362,0.74,77.0,4.33,8,2,0,16.71,0
ITEM_4363,1.02,179.0,4.32,8,1,1,46.12,1
ITEM_4364,1.03,209.0,3.74,5,2,1,133.94,1
ITEM_4365,1.38,1004.0,4.68,15,5,1,67.84,1
ITEM_4366,1.13,100.0,4.6,12,4,0,147.59,0
ITEM_4367,1.14,92.0,3.84,13,3,0,188.26,0
ITEM_4368,0.92,16.0,4.33,9,4,0,152.15,0
ITEM_4369,0.18,19.0,4.69,9,4,0,207.01,0
ITEM_4370,1.01,129.0,3.51,11,1,0,15.56,0
ITEM_4371,0.88,34.0,3.91,15,4,0,167.09,1
ITEM_4372,0.72,14.0,4.21,9,3,0,218.78,0
ITEM_4373,1.19,603.0,4.77,10,4,0,299.03,0
ITEM_4374,1.25,544.0,4.7,6,4,0,40.51,0
ITEM_4375,0.75,71.0,3.73,6,1,0,13.37,0
ITEM_4376,1.01,281.0,4.19,16,4,0,94.3,0
ITEM_4377,0.97,371.0,3.96,8,2,0,105.35,0
ITEM_4378,1.28,113.0,4.1,8,1,0,244.37,0
ITEM_4379,1.11,46.0,4.31,8,0,1,82.96,1
ITEM_4380,1.18,25.0,4.25,9,1,0,81.42,0
ITEM_4381,0.91,27.0,3.71,1,3,0,262.43,0
ITEM_4382,1.1,287.0,3.68,8,4,0,134.45,0
ITEM_4383,1.22,87.0,3.7,9,1,0,200.81,0
ITEM_4384,1.58,213.0,4.76,6,2,0,70.33,0
ITEM_4385,0.86,139.0,3.53,10,2,0,184.63,0
ITEM_4386,0.91,90.0,3.8,7,2,0,269.42,0
ITEM_4387,0.82,24.0,4.93,8,3,0,222.09,0
ITEM_4388,0.89,73.0,3.6,7,3,0,50.47,0
ITEM_4389,1.35,330.0,3.55,9,2,0,48.18,0
ITEM_4390,0.79,300.0,4.08,5,4,0,39.53,0
ITEM_4391,1.1,5.0,3.73,6,0,0,276.51,0
ITEM_4392,1.25,27.0,4.35,10,1,0,186.84,0
ITEM_4393,1.3,254.0,4.01,5,4,0,15.04,0
ITEM_4394,1.36,74.0,3.81,6,2,0,253.19,0
ITEM_4395,1.12,186.0,5.0,6,1,0,104.69,0
ITEM_4396,1.09,149.0,4.01,11,0,0,206.12,0
ITEM_4397,0.86,190.0,4.46,4,0,0,257.04,0
ITEM_4398,0.51,10.0,4.81,8,2,1,228.63,1
ITEM_4399,0.85,482.0,4.88,5,1,0,248.27,0
ITEM_4400,1.04,4.0,4.12,10,2,0,243.24,0
ITEM_4401,1.25,1.0,4.96,9,4,0,53.24,1
ITEM_4402,1.38,46.0,4.59,10,1,1,122.42,1
ITEM_4403,1.0,906.0,4.37,10,3,0,275.15,0
ITEM_4404,1.28,14.0,4.54,8,1,0,37.2,0
ITEM_4405,1.04,374.0,4.04,8,3,0,293.17,0
ITEM_4406,1.05,31.0,4.14,5,2,0,75.68,0
ITEM_4407,0.93,21.0,4.38,7,1,0,189.22,0
ITEM_4408,0.88,272.0,3.99,8,4,0,104.85,0
ITEM_4409,0.85,338.0,4.65,11,2,0,295.0,0
ITEM_4410,0.86,283.0,3.88,8,3,0,162.12,0
ITEM_4411,0.83,50.0,4.7,10,0,0,53.36,0
ITEM_4412,1.21,381.0,3.73,6,3,0,255.56,0
ITEM_4413,1.32,13.0,3.83,9,0,0,126.45,0
ITEM_4414,0.81,75.0,4.63,6,1,0,257.07,0
ITEM_4415,0.78,112.0,3.89,6,3,0,138.62,0
ITEM_4416,0.95,13.0,4.69,11,3,0,280.57,0
ITEM_4417,0.78,156.0,4.68,10,4,0,26.09,0
ITEM_4418,0.75,148.0,3.89,3,3,0,295.19,0
ITEM_4419,0.91,873.0,3.61,4,1,0,144.55,0
ITEM_4420,1.06,175.0,3.75,10,0,1,117.05,1
ITEM_4421,1.06,91.0,4.63,16,1,0,22.1,0
ITEM_4422,0.92,281.0,4.77,9,2,0,76.1,0
ITEM_4423,0.87,73.0,4.07,8,2,0,100.65,0
ITEM_4424,1.15,137.0,3.75,7,0,0,221.17,0
ITEM_4425,1.1,10.0,3.61,9,2,0,212.24,0
ITEM_4426,1.04,70.0,3.82,8,6,0,266.79,0
ITEM_4427,0.86,135.0,4.97,5,2,0,282.52,0
ITEM_4428,1.33,218.0,3.76,9,1,0,220.76,0
ITEM_4429,0.67,19.0,3.63,11,3,1,210.23,1
ITEM_4430,0.86,287.0,4.68,5,4,0,270.85,0
ITEM_4431,0.75,415.0,4.42,10,1,0,47.97,0
ITEM_4432,1.0,59.0,4.3,6,2,0,32.44,0
ITEM_4433,0.83,261.0,4.17,9,2,0,215.23,0
ITEM_4434,1.02,36.0,4.55,6,3,0,99.81,0
ITEM_4435,1.13,133.0,4.55,11,2,0,133.02,0
ITEM_4436,1.32,288.0,4.14,9,2,0,186.27,0
ITEM_4437,1.05,88.0,3.85,3,4,0,285.72,0
ITEM_4438,1.05,5.0,4.76,9,2,0,263.3,0
ITEM_4439,1.11,140.0,3.75,8,1,0,222.86,0
ITEM_4440,0.43,335.0,4.3,9,1,0,134.91,0
ITEM_4441,1.01,21.0,4.54,8,2,0,239.88,0
ITEM_4442,0.72,5.0,4.46,6,4,0,62.15,0
ITEM_4443,0.84,298.0,4.43,4,4,0,244.21,0
ITEM_4444,0.97,56.0,4.49,6,1,0,147.82,0
ITEM_4445,1.24,82.0,4.81,4,0,0,85.85,0
ITEM_4446,0.56,16.0,4.05,5,2,0,144.47,0
ITEM_4447,1.06,18.0,4.44,7,0,0,238.72,0
ITEM_4448,1.03,172.0,4.55,11,2,0,200.65,0
ITEM_4449,1.11,145.0,4.39,12,1,0,49.72,0
ITEM_4450,1.56,62.0,4.85,8,0,0,210.53,0
ITEM_4451,1.39,109.0,4.48,8,1,0,251.59,0
ITEM_4452,1.07,88.0,4.14,7,1,1,53.69,1
ITEM_4453,1.14,214.0,4.77,3,2,0,27.87,0
ITEM_4454,0.99,357.0,4.23,7,2,0,26.44,0
ITEM_4455,1.19,261.0,4.3,8,6,0,16.46,0
ITEM_4456,1.01,1.0,4.37,4,2,0,15.19,0
ITEM_4457,1.11,19.0,3.98,10,3,0,243.43,0
ITEM_4458,0.83,101.0,4.58,17,0,0,224.24,0
ITEM_4459,1.06,344.0,3.65,9,0,0,283.05,0
ITEM_4460,1.34,49.0,4.8,11,3,0,113.19,0
ITEM_4461,1.14,380.0,4.63,8,4,0,215.58,0
ITEM_4462,1.03,21.0,4.03,9,3,0,129.15,0
ITEM_4463,0.27,14.0,3.84,9,3,0,172.49,0
ITEM_4464,1.1,440.0,4.08,6,3,0,137.29,0
ITEM_4465,0.98,32.0,4.71,7,0,0,130.42,0
ITEM_4466,0.73,112.0,3.55,10,2,0,81.17,0
ITEM_4467,0.98,71.0,4.2,7,2,0,178.5,0
ITEM_4468,0.98,29.0,3.88,8,1,0,85.78,0
ITEM_4469,1.0,180.0,4.81,10,4,0,50.65,0
ITEM_4470,1.19,597.0,4.12,6,2,1,227.41,1
ITEM_4471,0.95,193.0,4.55,3,1,0,197.28,0
ITEM_4472,0.94,79.0,4.04,10,1,0,95.01,0
ITEM_4473,0.91,224.0,3.99,10,2,0,192.82,0
ITEM_4474,1.06,28.0,3.99,10,0,0,17.68,0
ITEM_4475,1.14,156.0,4.52,14,2,0,296.62,0
ITEM_4476,1.32,114.0,4.95,17,4,0,60.35,0
ITEM_4477,1.13,80.0,3.81,9,6,0,283.07,0
ITEM_4478,1.27,242.0,4.47,11,2,0,29.8,0
ITEM_4479,1.21,23.0,3.9,9,5,0,215.38,0
ITEM_4480,1.04,137.0,4.32,8,1,0,74.42,0
ITEM_4481,0.82,347.0,4.31,9,3,0,289.93,0
ITEM_4482,1.1,41.0,4.18,5,0,0,101.41,0
ITEM_4483,1.39,55.0,4.25,10,0,0,21.48,0
ITEM_4484,1.27,195.0,4.82,11,3,0,19.72,0
ITEM_4485,1.32,267.0,3.63,6,2,0,258.11,0
ITEM_4486,0.54,60.0,4.75,6,1,0,30.21,0
ITEM_4487,0.51,80.0,4.19,10,5,0,250.11,0
ITEM_4488,0.88,242.0,4.0,9,3,0,53.53,0
ITEM_4489,1.12,60.0,3.77,7,1,0,90.11,0
ITEM_4490,0.91,198.0,4.72,10,5,0,294.56,0
ITEM_4491,0.95,31.0,4.39,8,1,0,220.24,0
ITEM_4492,0.63,95.0,4.59,6,0,0,52.33,0
ITEM_4493,0.85,210.0,3.97,9,1,0,88.42,0
ITEM_4494,0.78,111.0,4.09,9,3,0,147.97,0
ITEM_4495,0.79,3.0,4.87,9,2,0,266.67,0
ITEM_4496,0.82,94.0,4.94,10,2,0,216.2,1
ITEM_4497,0.73,61.0,4.61,6,5,0,211.57,0
ITEM_4498,0.4,19.0,4.62,5,3,0,114.4,0
ITEM_4499,1.35,2.0,4.54,10,1,0,199.73,0
ITEM_4500,0.97,8.0,4.38,9,2,0,60.14,0
ITEM_4501,0.83,537.0,4.39,9,1,0,175.08,0
ITEM_4502,0.96,249.0,4.95,6,0,0,172.46,0
ITEM_4503,1.08,506.0,4.63,9,2,0,209.47,0
ITEM_4504,1.03,22.0,4.48,9,2,0,80.38,0
ITEM_4505,0.82,152.0,3.78,3,1,0,43.87,0
ITEM_4506,1.25,16.0,4.97,7,0,0,290.52,0
ITEM_4507,0.85,5.0,4.28,6,1,0,54.43,0
ITEM_4508,0.94,113.0,4.92,5,2,1,107.77,1
ITEM_4509,1.43,187.0,4.57,11,1,0,262.62,0
ITEM_4510,1.51,12.0,3.56,8,3,0,182.36,0
ITEM_4511,1.29,82.0,4.31,9,1,1,72.43,1
ITEM_4512,0.83,17.0,4.84,12,1,0,149.14,0
ITEM_4513,0.89,81.0,3.58,11,1,0,253.85,0
ITEM_4514,0.81,115.0,4.8,9,2,0,296.88,0
ITEM_4515,0.94,74.0,4.42,9,4,0,196.5,0
ITEM_4516,1.13,155.0,3.57,13,0,0,83.53,0
ITEM_4517,0.53,158.0,4.06,15,0,0,245.63,0
ITEM_4518,0.74,73.0,3.55,11,0,0,244.53,0
ITEM_4519,1.03,89.0,3.5,5,0,0,267.87,0
ITEM_4520,0.98,105.0,4.84,11,1,0,49.51,0
ITEM_4521,0.89,85.0,4.62,10,2,0,115.88,0
ITEM_4522,0.65,257.0,3.93,6,2,0,77.73,1
ITEM_4523,0.85,27.0,3.67,6,1,0,72.72,0
ITEM_4524,0.88,350.0,3.58,5,3,0,115.95,0
ITEM_4525,0.67,72.0,4.88,8,1,0,23.79,0
ITEM_4526,0.79,232.0,4.44,8,3,0,255.92,0
ITEM_4527,0.95,387.0,3.74,8,1,0,257.03,0
ITEM_4528,1.12,393.0,4.52,7,3,0,283.57,0
ITEM_4529,1.23,108.0,5.0,10,2,0,30.39,0
ITEM_4530,0.74,53.0,4.68,5,3,0,175.68,0
ITEM_4531,0.91,168.0,4.17,7,1,0,11.88,0
ITEM_4532,0.94,37.0,4.72,6,1,0,181.03,0
ITEM_4533,0.95,281.0,4.62,9,3,0,38.27,0
ITEM_4534,0.93,224.0,3.63,13,1,0,122.0,0
ITEM_4535,0.71,286.0,4.89,6,2,0,103.91,0
ITEM_4536,1.12,102.0,4.83,6,4,0,105.95,0
ITEM_4537,0.92,147.0,4.39,9,0,0,65.62,0
ITEM_4538,1.01,20.0,4.26,7,1,0,40.36,0
ITEM_4539,1.02,209.0,3.84,10,3,0,14.7,0
ITEM_4540,0.85,120.0,4.75,10,1,0,227.78,0
ITEM_4541,1.19,128.0,4.15,6,2,0,275.68,0
ITEM_4542,0.89,338.0,4.37,5,2,1,269.49,1
ITEM_4543,1.04,266.0,3.76,4,3,0,193.67,0
ITEM_4544,1.02,138.0,3.82,7,2,0,45.13,0
ITEM_4545,1.06,79.0,4.98,11,3,0,174.7,0
ITEM_4546,1.27,106.0,4.24,8,1,0,38.45,0
ITEM_4547,0.82,78.0,4.72,6,1,0,158.72,0
ITEM_4548,1.0,30.0,4.74,9,1,0,258.71,0
ITEM_4549,0.99,187.0,4.97,11,3,0,67.76,0
ITEM_4550,0.93,212.0,4.97,11,2,0,280.58,0
ITEM_4551,1.12,639.0,4.19,8,2,0,122.0,0
ITEM_4552,0.71,109.0,4.93,7,4,1,73.27,1
ITEM_4553,1.35,1064.0,4.05,7,0,0,155.45,0
ITEM_4554,1.36,37.0,4.41,4,2,1,262.09,1
ITEM_4555,0.84,192.0,4.73,10,1,0,88.46,0
ITEM_4556,0.98,946.0,4.87,8,2,0,59.97,0
ITEM_4557,0.55,184.0,4.29,5,2,0,195.48,0
ITEM_4558,0.84,108.0,4.13,9,0,0,210.75,0
ITEM_4559,1.58,130.0,4.59,9,2,0,30.89,0
ITEM_4560,1.15,336.0,4.18,9,2,0,83.32,0
ITEM_4561,1.17,504.0,4.51,6,1,0,44.63,1
ITEM_4562,0.88,109.0,4.71,7,2,0,216.1,0
ITEM_4563,0.97,266.0,4.76,8,3,0,163.3,0
ITEM_4564,0.99,488.0,3.88,12,2,0,269.6,0
ITEM_4565,0.65,60.0,4.36,9,3,0,206.25,0
ITEM_4566,1.03,122.0,3.54,4,1,1,89.16,1
ITEM_4567,1.19,969.0,4.7,6,3,0,108.09,0
ITEM_4568,1.44,79.0,3.69,4,4,0,131.65,0
ITEM_4569,1.06,174.0,4.81,12,2,0,38.52,0
ITEM_4570,0.97,193.0,4.11,9,0,0,277.19,0
ITEM_4571,0.97,30.0,3.75,15,0,0,212.69,0
ITEM_4572,1.09,296.0,4.69,4,0,0,220.31,0
ITEM_4573,1.19,96.0,3.8,12,4,0,201.29,0
ITEM_4574,1.27,125.0,4.09,4,1,0,138.51,0
ITEM_4575,0.47,185.0,4.35,7,7,0,120.04,0
ITEM_4576,1.27,95.0,4.04,9,1,0,169.47,0
ITEM_4577,0.7,71.0,3.77,10,0,0,223.93,0
ITEM_4578,0.75,142.0,4.11,9,2,0,113.26,0
ITEM_4579,0.95,77.0,3.72,12,4,0,153.0,0
ITEM_4580,1.13,102.0,4.58,8,2,0,199.21,0
ITEM_4581,0.67,21.0,3.76,1,7,0,90.28,1
ITEM_4582,0.85,335.0,4.22,5,4,0,251.63,0
ITEM_4583,1.07,95.0,4.34,4,3,0,71.91,0
ITEM_4584,1.12,16.0,4.92,10,3,0,260.15,0
ITEM_4585,1.11,281.0,3.62,7,1,0,11.37,0
ITEM_4586,1.24,4.0,4.9,8,4,0,196.67,0
ITEM_4587,1.29,165.0,3.81,10,2,0,147.35,0
ITEM_4588,1.03,218.0,4.76,3,3,1,81.66,1
ITEM_4589,0.98,38.0,3.64,4,3,0,285.12,0
ITEM_4590,0.8,25.0,4.98,5,0,0,71.83,0
ITEM_4591,0.86,22.0,4.71,8,2,0,152.54,0
ITEM_4592,0.66,902.0,3.59,6,3,0,172.02,0
ITEM_4593,1.35,253.0,3.82,11,2,0,287.01,0
ITEM_4594,0.98,67.0,4.32,5,4,0,194.95,0
ITEM_4595,1.19,74.0,4.29,15,4,0,30.98,1
ITEM_4596,1.67,188.0,4.44,7,0,0,130.73,0
ITEM_4597,1.56,110.0,4.2,10,1,0,260.98,0
ITEM_4598,1.28,57.0,4.6,5,3,0,230.67,0
ITEM_4599,0.91,11.0,4.02,8,1,0,24.84,0
ITEM_4600,1.2,276.0,3.76,6,2,0,179.18,0
ITEM_4601,1.0,394.0,3.55,5,3,0,43.38,0
ITEM_4602,0.76,42.0,3.99,9,1,0,38.54,0
ITEM_4603,0.77,12.0,4.14,7,4,0,289.03,0
ITEM_4604,1.21,23.0,4.49,6,4,0,212.88,0
ITEM_4605,1.18,96.0,4.71,11,1,0,41.58,0
ITEM_4606,1.31,64.0,3.86,10,2,0,108.09,0
ITEM_4607,0.94,14.0,4.24,5,0,0,207.03,0
ITEM_4608,0.89,109.0,3.85,6,2,0,272.6,0
ITEM_4609,0.73,41.0,4.93,6,1,0,29.39,0
ITEM_4610,0.59,12.0,4.47,6,3,0,34.14,0
ITEM_4611,0.79,193.0,4.52,5,2,0,42.39,0
ITEM_4612,0.84,153.0,4.3,6,2,0,167.95,0
ITEM_4613,0.72,315.0,3.92,8,3,0,144.57,0
ITEM_4614,0.87,65.0,3.8,5,1,0,57.66,0
ITEM_4615,1.47,26.0,4.48,4,2,1,165.38,1
ITEM_4616,0.83,80.0,4.88,9,1,0,109.3,0
ITEM_4617,0.54,271.0,3.82,6,2,0,58.62,0
ITEM_4618,1.04,50.0,4.36,11,1,0,19.6,0
ITEM_4619,1.16,53.0,4.29,7,2,0,38.81,0
ITEM_4620,0.78,29.0,4.46,7,2,0,122.34,0
ITEM_4621,1.19,775.0,4.38,10,3,0,159.08,0
ITEM_4622,1.45,616.0,3.91,5,1,0,75.03,0
ITEM_4623,0.94,193.0,4.54,11,1,0,236.32,0
ITEM_4624,1.19,44.0,3.91,3,1,0,175.3,0
ITEM_4625,1.23,262.0,4.48,7,2,0,233.0,0
ITEM_4626,1.1,158.0,3.95,12,1,1,125.35,1
ITEM_4627,1.23,249.0,3.62,8,1,0,268.29,0
ITEM_4628,1.13,354.0,3.69,12,1,0,242.11,0
ITEM_4629,0.76,69.0,4.75,9,4,0,170.43,0
ITEM_4630,0.44,441.0,3.68,9,3,0,208.03,0
ITEM_4631,1.05,412.0,4.0,8,1,0,52.78,0
ITEM_4632,0.94,143.0,3.93,6,1,0,233.96,0
ITEM_4633,0.59,208.0,3.59,5,3,0,186.06,0
ITEM_4634,0.95,95.0,4.4,8,3,0,67.78,0
ITEM_4635,0.97,192.0,4.7,9,2,0,89.12,0
ITEM_4636,1.07,143.0,4.99,8,3,0,275.73,0
ITEM_4637,1.28,70.0,4.9,11,0,0,66.52,0
ITEM_4638,0.8,70.0,3.57,9,3,1,136.3,1
ITEM_4639,0.48,190.0,3.89,13,3,0,253.78,0
ITEM_4640,0.9,565.0,4.12,7,5,0,101.21,0
ITEM_4641,1.2,41.0,4.81,12,2,0,57.41,0
ITEM_4642,1.33,90.0,4.04,13,0,0,153.2,0
ITEM_4643,0.85,295.0,4.36,10,2,0,65.31,0
ITEM_4644,1.15,24.0,4.49,13,2,0,295.27,0
ITEM_4645,0.73,926.0,3.95,4,5,0,199.02,0
ITEM_4646,1.0,204.0,4.37,8,6,0,156.64,0
ITEM_4647,0.29,435.0,3.58,8,0,0,137.19,0
ITEM_4648,0.92,328.0,4.22,4,2,0,189.01,0
ITEM_4649,1.08,270.0,4.07,9,3,0,113.67,0
ITEM_4650,0.89,6.0,4.03,7,3,0,72.91,0
ITEM_4651,0.65,94.0,3.85,2,3,0,85.04,0
ITEM_4652,1.02,41.0,4.73,6,1,0,41.48,0
ITEM_4653,1.45,369.0,4.82,5,1,0,269.74,0
ITEM_4654,0.79,205.0,4.83,3,3,0,285.2,0
ITEM_4655,0.82,20.0,4.09,10,2,0,80.59,0
ITEM_4656,0.94,80.0,3.89,6,2,0,293.64,0
ITEM_4657,1.42,13.0,3.65,11,1,1,169.83,1
ITEM_4658,0.67,242.0,4.51,10,1,0,79.88,0
ITEM_4659,0.81,98.0,4.0,6,0,0,156.64,0
ITEM_4660,1.17,48.0,3.91,7,3,0,32.31,0
ITEM_4661,0.69,131.0,4.06,11,1,0,50.76,0
ITEM_4662,0.79,8.0,4.33,9,1,0,74.59,0
ITEM_4663,1.44,54.0,3.74,9,0,0,274.79,0
ITEM_4664,1.44,35.0,4.94,8,3,0,285.25,0
ITEM_4665,1.15,480.0,4.6,10,4,0,128.67,0
ITEM_4666,1.08,85.0,3.57,8,1,0,80.18,0
ITEM_4667,0.85,158.0,3.96,8,5,0,103.91,0
ITEM_4668,1.0,126.0,3.58,6,1,0,106.33,0
ITEM_4669,0.81,194.0,3.84,8,2,0,170.35,0
ITEM_4670,1.38,59.0,3.93,6,0,0,59.15,0
ITEM_4671,1.04,23.0,4.58,9,4,0,177.38,0
ITEM_4672,0.96,15.0,4.58,5,1,0,117.39,0
ITEM_4673,1.01,39.0,3.57,8,3,0,191.25,0
ITEM_4674,0.84,119.0,4.38,8,0,0,174.02,0
ITEM_4675,1.13,48.0,4.94,10,3,0,143.3,0
ITEM_4676,0.94,102.0,4.44,4,2,0,44.56,0
ITEM_4677,1.73,5.0,4.94,9,1,0,55.62,0
ITEM_4678,0.89,178.0,4.07,8,2,0,110.46,0
ITEM_4679,1.21,379.0,4.19,7,2,0,224.7,0
ITEM_4680,1.46,9.0,4.24,9,2,0,107.12,0
ITEM_4681,0.3,44.0,4.89,7,1,0,91.1,0
ITEM_4682,0.89,69.0,4.07,7,1,0,240.23,0
ITEM_4683,1.38,61.0,4.98,13,0,0,262.98,0
ITEM_4684,0.44,7.0,4.31,11,3,0,220.02,0
ITEM_4685,1.3,20.0,3.83,4,2,0,139.88,0
ITEM_4686,1.08,438.0,3.66,4,1,0,71.6,0
ITEM_4687,1.39,224.0,3.76,9,4,0,298.51,0
ITEM_4688,0.93,573.0,3.56,9,2,0,108.05,0
ITEM_4689,1.07,105.0,4.54,8,0,0,135.48,0
ITEM_4690,0.71,380.0,4.28,7,1,0,161.42,0
ITEM_4691,0.94,305.0,4.61,5,3,0,173.73,0
ITEM_4692,0.81,374.0,4.67,6,5,0,15.89,0
ITEM_4693,0.85,7.0,4.9,7,1,0,270.2,0
ITEM_4694,1.04,190.0,3.68,7,1,0,265.3,0
ITEM_4695,0.8,151.0,3.78,3,4,1,46.16,1
ITEM_4696,0.44,142.0,4.32,13,4,0,256.22,0
ITEM_4697,1.06,126.0,3.69,3,4,0,55.5,0
ITEM_4698,1.05,286.0,3.64,6,0,0,80.41,0
ITEM_4699,1.19,620.0,4.5,5,1,0,160.55,0
ITEM_4700,1.0,318.0,4.59,11,4,0,293.27,0
ITEM_4701,0.73,368.0,4.77,7,1,0,149.64,0
ITEM_4702,1.38,119.0,4.87,8,3,0,121.67,0
ITEM_4703,0.92,211.0,4.16,10,1,0,160.36,0
ITEM_4704,0.76,97.0,4.97,10,3,0,77.56,0
ITEM_4705,1.36,80.0,3.56,11,3,0,280.24,0
ITEM_4706,1.43,406.0,4.81,7,2,0,281.21,0
ITEM_4707,0.31,424.0,3.98,10,0,0,206.09,0
ITEM_4708,0.77,206.0,4.88,8,5,1,54.87,1
ITEM_4709,0.95,327.0,3.83,10,5,0,150.83,0
ITEM_4710,1.07,80.0,4.61,6,0,0,120.81,0
ITEM_4711,1.16,102.0,4.14,9,1,1,298.8,1
ITEM_4712,1.63,310.0,4.07,7,5,0,25.11,0
ITEM_4713,0.73,91.0,3.59,7,2,0,84.9,0
ITEM_4714,1.04,7.0,4.56,10,2,0,152.59,0
ITEM_4715,0.63,78.0,3.76,7,2,0,249.28,0
ITEM_4716,1.06,91.0,4.19,7,0,0,221.43,0
ITEM_4717,1.41,30.0,3.71,7,3,0,287.29,0
ITEM_4718,0.3,76.0,4.41,11,2,0,71.07,0
ITEM_4719,0.64,490.0,3.85,12,2,0,39.86,0
ITEM_4720,1.2,352.0,4.39,5,4,0,181.09,0
ITEM_4721,1.2,106.0,4.92,9,2,0,135.45,0
ITEM_4722,0.79,223.0,4.88,12,0,0,106.22,0
ITEM_4723,1.2,30.0,3.8,13,1,0,234.84,0
ITEM_4724,1.33,251.0,3.65,8,1,0,169.17,0
ITEM_4725,1.14,116.0,3.56,5,1,0,103.28,0
ITEM_4726,1.37,231.0,4.74,8,1,0,165.96,0
ITEM_4727,1.08,186.0,3.87,7,0,0,280.45,0
ITEM_4728,0.93,48.0,3.93,8,1,0,85.96,0
ITEM_4729,1.07,324.0,3.84,4,2,0,141.08,0
ITEM_4730,1.21,153.0,4.76,1,1,0,93.46,0
ITEM_4731,0.6,276.0,4.97,9,2,0,176.89,0
ITEM_4732,1.07,18.0,4.63,4,0,0,271.56,0
ITEM_4733,0.97,172.0,4.74,5,4,0,199.24,0
ITEM_4734,0.87,62.0,4.43,7,2,0,66.38,0
ITEM_4735,0.72,355.0,4.29,8,2,0,47.46,0
ITEM_4736,0.53,537.0,4.58,10,4,0,20.18,0
ITEM_4737,0.87,10.0,3.55,7,1,0,253.79,0
ITEM_4738,0.85,232.0,3.59,7,1,0,146.76,0
ITEM_4739,1.24,20.0,4.53,8,3,0,132.6,0
ITEM_4740,1.28,351.0,4.0,8,5,0,86.59,0
ITEM_4741,0.79,24.0,4.23,6,3,0,134.73,0
ITEM_4742,0.78,39.0,4.67,6,4,0,112.2,0
ITEM_4743,0.86,52.0,4.37,7,1,1,225.68,1
ITEM_4744,1.28,234.0,4.71,7,2,0,215.01,0
ITEM_4745,0.83,62.0,4.13,11,2,0,139.35,0
ITEM_4746,1.49,163.0,3.93,3,0,0,199.59,0
ITEM_4747,1.03,153.0,3.85,9,3,0,180.91,0
ITEM_4748,1.11,93.0,3.7,7,1,0,195.9,0
ITEM_4749,0.88,140.0,3.56,9,2,0,230.22,0
ITEM_4750,1.4,23.0,3.58,5,3,0,36.66,0
ITEM_4751,1.11,376.0,3.91,8,2,0,251.24,0
ITEM_4752,0.88,42.0,3.92,11,0,0,91.98,0
ITEM_4753,0.67,382.0,4.07,10,2,0,120.67,0
ITEM_4754,1.17,132.0,4.39,7,4,0,90.2,0
ITEM_4755,0.84,171.0,4.64,13,2,0,249.78,0
ITEM_4756,0.96,54.0,3.8,7,1,0,262.23,0
ITEM_4757,0.77,45.0,4.64,7,1,0,50.74,0
ITEM_4758,0.77,121.0,3.71,4,1,0,161.38,0
ITEM_4759,0.85,56.0,4.98,11,3,0,120.72,0
ITEM_4760,0.98,99.0,3.93,7,1,0,62.78,0
ITEM_4761,0.7,104.0,4.76,8,1,0,171.42,0
ITEM_4762,0.94,57.0,3.79,7,2,0,116.02,0
ITEM_4763,0.82,62.0,4.93,10,2,0,217.52,0
ITEM_4764,0.97,650.0,4.74,6,2,0,252.51,0
ITEM_4765,1.23,159.0,4.04,9,1,0,13.92,0
ITEM_4766,1.05,321.0,4.13,8,0,0,168.83,0
ITEM_4767,0.85,8.0,3.51,7,2,0,178.45,0
ITEM_4768,0.99,0.0,3.88,9,1,0,102.25,0
ITEM_4769,1.15,132.0,3.93,9,3,0,242.8,0
ITEM_4770,1.18,316.0,4.18,7,2,1,273.78,1
ITEM_4771,1.05,170.0,3.71,13,2,0,231.62,0
ITEM_4772,1.45,174.0,4.22,7,1,0,162.94,0
ITEM_4773,0.78,27.0,4.5,8,1,0,13.25,0
ITEM_4774,1.13,692.0,4.06,7,1,0,132.34,0
ITEM_4775,0.98,136.0,3.85,4,1,0,211.19,0
ITEM_4776,1.25,19.0,4.32,3,2,0,56.23,0
ITEM_4777,1.0,96.0,3.54,8,1,0,234.98,0
ITEM_4778,1.52,13.0,4.01,7,1,0,187.92,0
ITEM_4779,1.02,97.0,4.29,11,0,0,106.17,0
ITEM_4780,1.18,224.0,4.0,10,1,0,256.07,0
ITEM_4781,0.95,70.0,4.02,9,3,0,196.5,0
ITEM_4782,1.09,68.0,4.77,6,1,0,98.01,0
ITEM_4783,0.85,130.0,4.9,7,2,1,67.22,1
ITEM_4784,1.11,124.0,4.74,7,0,0,55.51,0
ITEM_4785,0.51,113.0,3.65,8,1,0,296.15,0
ITEM_4786,0.87,131.0,3.93,8,2,0,261.99,0
ITEM_4787,0.83,9.0,4.57,7,2,0,209.56,0
ITEM_4788,1.48,116.0,4.96,10,0,0,146.47,0
ITEM_4789,0.82,869.0,3.86,5,3,0,255.96,0
ITEM_4790,0.88,260.0,4.85,7,3,0,213.93,0
ITEM_4791,0.81,61.0,4.61,5,2,0,171.6,0
ITEM_4792,1.1,204.0,4.98,7,1,0,236.17,0
ITEM_4793,0.92,72.0,3.64,4,2,0,44.58,0
ITEM_4794,0.89,38.0,4.09,14,2,0,263.58,0
ITEM_4795,1.53,267.0,4.22,7,3,0,47.08,0
ITEM_4796,1.04,42.0,4.51,8,2,0,272.25,0
ITEM_4797,1.17,352.0,4.48,5,1,0,73.75,0
ITEM_4798,1.1,86.0,4.86,9,3,0,122.61,0
ITEM_4799,0.79,255.0,4.76,7,5,0,230.44,0
ITEM_4800,0.86,54.0,3.58,8,1,0,42.96,0
ITEM_4801,0.72,190.0,4.23,4,2,0,292.67,0
ITEM_4802,0.69,43.0,4.11,4,1,1,227.24,1
ITEM_4803,1.01,4.0,5.0,4,0,0,85.55,0
ITEM_4804,1.03,303.0,4.14,6,3,0,267.41,0
ITEM_4805,0.97,349.0,4.52,4,1,0,22.02,0
ITEM_4806,1.09,383.0,3.93,6,0,0,13.15,0
ITEM_4807,0.96,7.0,4.42,4,0,0,103.87,0
ITEM_4808,1.31,258.0,3.81,9,4,0,39.45,0
ITEM_4809,0.87,325.0,4.41,9,7,0,247.78,0
ITEM_4810,1.25,67.0,4.8,5,1,0,121.51,0
ITEM_4811,1.19,114.0,3.53,15,1,0,189.68,0
ITEM_4812,0.36,94.0,4.26,10,1,0,248.64,0
ITEM_4813,0.62,104.0,4.97,5,1,0,54.37,0
ITEM_4814,0.57,338.0,3.74,10,2,0,292.37,0
ITEM_4815,1.08,97.0,3.78,9,1,0,198.95,0
ITEM_4816,0.73,65.0,4.21,11,0,0,28.97,0
ITEM_4817,1.26,25.0,4.81,8,1,0,166.69,0
ITEM_4818,0.73,202.0,4.34,5,2,0,262.55,0
ITEM_4819,1.04,16.0,4.26,7,2,0,270.39,0
ITEM_4820,0.75,11.0,3.63,10,0,0,226.87,0
ITEM_4821,1.14,206.0,4.94,8,3,0,291.95,0
ITEM_4822,0.92,213.0,4.02,7,3,0,154.72,0
ITEM_4823,0.89,40.0,3.88,10,2,0,126.89,0
ITEM_4824,0.83,567.0,4.12,9,0,0,74.06,0
ITEM_4825,0.72,279.0,4.12,6,1,0,142.68,0
ITEM_4826,1.09,209.0,4.19,7,0,0,258.63,0
ITEM_4827,0.83,253.0,4.53,4,12,0,25.79,0
ITEM_4828,1.6,96.0,4.8,5,6,0,74.97,0
ITEM_4829,1.4,109.0,3.59,9,2,0,291.76,0
ITEM_4830,0.93,368.0,4.24,11,3,0,239.22,0
ITEM_4831,0.9,5.0,4.12,6,2,0,90.74,0
ITEM_4832,0.95,292.0,3.52,11,1,0,253.12,0
ITEM_4833,1.37,107.0,4.72,3,2,0,51.85,0
ITEM_4834,1.53,112.0,3.66,10,4,0,203.37,0
ITEM_4835,0.51,71.0,3.67,9,5,0,67.79,0
ITEM_4836,1.33,168.0,3.57,8,1,1,164.0,1
ITEM_4837,0.93,203.0,3.8,5,4,0,193.26,0
ITEM_4838,0.79,32.0,3.77,8,0,0,222.75,0
ITEM_4839,1.28,150.0,4.02,3,1,0,272.97,0
ITEM_4840,1.02,113.0,4.49,5,2,0,240.1,0
ITEM_4841,1.34,274.0,3.58,10,3,0,96.47,0
ITEM_4842,1.24,142.0,4.79,7,0,0,254.49,0
ITEM_4843,1.08,101.0,3.99,11,3,0,28.19,0
ITEM_4844,1.41,135.0,4.41,5,2,0,223.57,0
ITEM_4845,0.96,121.0,3.52,8,3,0,150.16,0
ITEM_4846,0.73,492.0,4.05,5,1,0,137.49,0
ITEM_4847,1.48,67.0,3.5,9,1,0,213.15,0
ITEM_4848,0.94,7.0,3.75,7,1,0,27.58,0
ITEM_4849,1.04,195.0,4.17,9,3,0,263.16,0
ITEM_4850,0.86,167.0,4.3,12,0,0,85.1,0
ITEM_4851,1.03,433.0,3.73,9,3,0,246.12,0
ITEM_4852,1.08,22.0,4.62,9,2,0,103.6,1
ITEM_4853,0.72,133.0,3.78,4,1,0,222.87,0
ITEM_4854,0.73,29.0,3.67,9,2,1,276.61,1
ITEM_4855,0.78,109.0,4.0,13,1,0,210.47,0
ITEM_4856,0.97,289.0,4.33,8,2,0,78.1,0
ITEM_4857,1.11,351.0,4.98,8,1,0,212.98,0
ITEM_4858,1.32,323.0,4.13,8,4,0,213.01,0
ITEM_4859,1.61,143.0,4.14,7,1,1,278.08,1
ITEM_4860,1.04,181.0,3.59,7,6,0,84.33,0
ITEM_4861,0.89,144.0,4.65,7,4,0,291.11,0
ITEM_4862,0.4,148.0,3.77,9,2,0,208.7,0
ITEM_4863,1.06,390.0,4.62,5,2,0,102.32,0
ITEM_4864,0.96,42.0,4.87,7,2,0,157.83,0
ITEM_4865,0.91,104.0,4.65,6,0,0,230.92,0
ITEM_4866,0.84,170.0,4.46,7,2,0,23.76,0
ITEM_4867,0.84,261.0,4.41,9,2,0,107.51,0
ITEM_4868,1.08,258.0,4.18,5,2,0,267.21,0
ITEM_4869,1.16,22.0,3.72,9,3,0,41.01,0
ITEM_4870,0.99,45.0,4.67,5,0,0,163.12,0
ITEM_4871,1.2,436.0,4.22,9,2,0,176.91,0
ITEM_4872,1.32,80.0,4.44,8,1,0,93.23,0
ITEM_4873,0.98,0.0,4.06,8,4,0,127.26,0
ITEM_4874,1.31,40.0,3.8,6,5,0,273.96,0
ITEM_4875,0.76,629.0,4.71,7,3,0,27.51,0
ITEM_4876,1.07,67.0,4.01,8,1,0,56.81,0
ITEM_4877,0.9,171.0,4.8,3,2,0,271.34,0
ITEM_4878,1.12,233.0,4.95,8,4,0,62.0,0
ITEM_4879,0.46,187.0,4.74,12,3,0,60.54,0
ITEM_4880,1.29,85.0,3.69,10,3,0,179.49,0
ITEM_4881,0.99,101.0,4.78,7,2,0,295.47,0
ITEM_4882,1.11,328.0,4.28,5,0,0,139.62,0
ITEM_4883,0.8,196.0,3.86,9,1,0,161.5,0
ITEM_4884,1.42,4.0,3.64,10,3,0,249.66,0
ITEM_4885,1.09,41.0,3.92,10,2,0,211.94,0
ITEM_4886,0.91,61.0,3.71,8,0,0,298.84,1
ITEM_4887,0.48,82.0,3.54,14,3,0,187.68,0
ITEM_4888,0.91,155.0,4.98,8,1,0,131.7,0
ITEM_4889,0.42,82.0,4.75,9,1,0,106.74,0
ITEM_4890,1.03,314.0,4.61,8,1,0,296.36,0
ITEM_4891,1.15,116.0,3.79,6,0,0,244.44,0
ITEM_4892,1.18,126.0,3.54,7,5,0,247.73,0
ITEM_4893,0.79,100.0,4.23,11,3,0,66.38,0
ITEM_4894,0.84,67.0,4.61,9,2,0,143.51,0
ITEM_4895,0.98,232.0,4.94,5,1,0,16.59,0
ITEM_4896,0.86,47.0,4.77,7,2,0,164.98,0
ITEM_4897,0.59,211.0,4.84,8,2,0,31.4,1
ITEM_4898,0.84,136.0,3.86,13,3,0,67.12,0
ITEM_4899,1.1,19.0,3.73,8,4,0,91.78,0
ITEM_4900,0.89,3.0,3.87,12,2,0,246.99,0
ITEM_4901,0.94,33.0,3.71,8,3,0,39.71,0
ITEM_4902,0.87,258.0,4.7,6,5,0,273.16,0
ITEM_4903,1.59,87.0,4.85,9,3,0,174.23,0
ITEM_4904,1.03,294.0,3.96,5,2,0,41.53,0
ITEM_4905,1.06,125.0,4.82,12,0,0,296.21,0
ITEM_4906,0.86,6.0,3.58,10,3,0,10.6,0
ITEM_4907,1.12,337.0,4.52,9,7,1,57.26,1
ITEM_4908,1.02,496.0,4.29,8,2,0,63.32,1
ITEM_4909,0.56,14.0,3.92,10,2,0,261.78,0
ITEM_4910,1.37,42.0,4.65,8,1,0,110.87,0
ITEM_4911,0.97,226.0,3.82,14,1,0,252.11,0
ITEM_4912,1.13,1056.0,4.12,15,4,0,22.22,0
ITEM_4913,0.84,376.0,4.56,5,3,0,288.0,0
ITEM_4914,1.11,19.0,4.01,11,3,0,257.57,0
ITEM_4915,1.17,168.0,4.78,8,2,0,148.01,0
ITEM_4916,0.63,197.0,4.8,7,2,0,54.33,0
ITEM_4917,1.13,179.0,3.8,4,1,0,74.87,0
ITEM_4918,0.97,151.0,4.16,9,1,0,76.06,0
ITEM_4919,0.74,62.0,4.15,7,4,0,213.81,0
ITEM_4920,1.42,199.0,4.12,14,1,0,118.71,0
ITEM_4921,0.77,235.0,4.25,5,1,0,10.9,0
ITEM_4922,1.06,154.0,3.61,14,2,0,121.4,0
ITEM_4923,0.69,124.0,4.81,8,1,0,175.84,0
ITEM_4924,0.72,44.0,3.93,6,6,0,25.61,0
ITEM_4925,1.26,142.0,3.5,12,1,0,169.84,0
ITEM_4926,0.91,25.0,4.53,9,2,0,235.3,0
ITEM_4927,1.36,14.0,4.48,5,4,0,173.62,0
ITEM_4928,0.9,271.0,4.97,14,2,0,106.11,0
ITEM_4929,0.89,203.0,4.58,9,4,0,114.73,0
ITEM_4930,0.81,188.0,4.0,13,2,1,134.82,1
ITEM_4931,0.88,474.0,4.93,11,2,0,255.79,0
ITEM_4932,1.15,86.0,4.05,11,4,0,19.2,0
ITEM_4933,1.02,92.0,4.73,4,2,0,112.77,0
ITEM_4934,0.92,96.0,4.0,5,3,0,288.23,0
ITEM_4935,1.17,113.0,3.57,12,0,0,251.04,0
ITEM_4936,1.14,129.0,4.6,9,3,0,49.11,0
ITEM_4937,0.93,271.0,4.03,9,1,0,112.91,0
ITEM_4938,1.38,44.0,4.01,9,1,0,15.22,0
ITEM_4939,0.61,102.0,4.57,7,2,0,221.58,0
ITEM_4940,1.1,127.0,3.98,7,2,0,40.03,0
ITEM_4941,0.97,33.0,3.68,5,1,0,121.92,0
ITEM_4942,1.13,218.0,4.11,9,4,0,271.88,0
ITEM_4943,1.03,10.0,4.74,8,1,0,49.65,0
ITEM_4944,1.07,159.0,3.7,10,0,0,104.45,0
ITEM_4945,0.55,41.0,4.33,5,2,0,246.52,0
ITEM_4946,1.06,2.0,3.7,9,2,0,193.35,0
ITEM_4947,1.26,68.0,3.57,6,1,0,230.15,0
ITEM_4948,0.85,101.0,4.07,12,2,0,288.1,0
ITEM_4949,1.25,306.0,4.49,4,2,0,274.87,0
ITEM_4950,0.91,94.0,3.91,21,3,0,93.11,0
ITEM_4951,0.85,445.0,4.17,10,1,0,96.68,0
ITEM_4952,0.86,333.0,4.24,8,1,0,35.05,0
ITEM_4953,0.74,39.0,4.76,4,0,0,118.87,0
ITEM_4954,1.02,30.0,4.73,12,3,0,234.59,0
ITEM_4955,0.84,50.0,3.5,8,3,0,84.94,0
ITEM_4956,0.86,80.0,4.12,10,6,0,250.13,0
ITEM_4957,0.83,158.0,4.48,14,2,0,176.22,0
ITEM_4958,1.08,24.0,4.78,11,2,0,114.45,0
ITEM_4959,0.68,137.0,3.57,6,1,0,131.29,0
ITEM_4960,1.15,156.0,4.44,8,0,0,233.58,0
ITEM_4961,1.13,195.0,4.76,9,3,0,101.69,0
ITEM_4962,1.13,144.0,3.88,3,2,0,217.82,0
ITEM_4963,0.75,314.0,3.81,7,1,0,130.93,0
ITEM_4964,1.06,185.0,4.2,6,5,0,246.59,0
ITEM_4965,1.33,465.0,4.94,8,1,0,71.4,0
ITEM_4966,0.7,217.0,4.54,10,0,0,99.52,0
ITEM_4967,1.05,103.0,4.14,11,0,0,154.27,0
ITEM_4968,0.72,42.0,3.53,7,2,0,227.19,0
ITEM_4969,0.93,2.0,4.34,15,2,0,55.71,1
ITEM_4970,0.99,17.0,4.02,13,2,0,271.97,0
ITEM_4971,0.84,38.0,3.78,10,3,0,15.17,0
ITEM_4972,0.81,44.0,4.25,5,2,0,17.66,0
ITEM_4973,1.06,244.0,4.01,8,3,0,140.2,0
ITEM_4974,0.75,88.0,3.56,4,0,0,250.32,0
ITEM_4975,1.13,71.0,4.59,12,1,0,48.19,0
ITEM_4976,1.44,10.0,4.6,7,3,0,150.77,0
ITEM_4977,0.68,139.0,4.43,8,4,0,134.38,0
ITEM_4978,0.67,171.0,4.76,7,1,0,226.0,0
ITEM_4979,0.62,378.0,3.8,8,4,0,72.0,0
ITEM_4980,0.88,126.0,3.93,12,4,0,182.27,0
ITEM_4981,1.21,1.0,4.19,3,5,0,276.69,0
ITEM_4982,1.24,12.0,3.59,11,3,0,26.0,0
ITEM_4983,1.11,57.0,4.83,7,0,0,266.49,0
ITEM_4984,1.05,27.0,4.24,7,3,0,70.58,0
ITEM_4985,1.32,265.0,3.99,6,1,0,33.94,0
ITEM_4986,0.88,21.0,4.22,4,4,0,102.56,0
ITEM_4987,1.14,32.0,3.99,7,2,0,157.95,0
ITEM_4988,1.5,198.0,3.93,8,4,0,113.56,0
ITEM_4989,1.31,49.0,4.17,8,2,0,48.45,0
ITEM_4990,0.72,626.0,4.22,5,2,0,148.23,0
ITEM_4991,0.86,358.0,4.15,7,3,0,10.59,0
ITEM_4992,1.51,246.0,4.32,3,2,0,12.76,0
ITEM_4993,0.86,76.0,4.68,4,2,0,251.07,0
ITEM_4994,1.4,11.0,3.59,3,2,0,174.81,0
ITEM_4995,0.89,74.0,4.72,8,2,0,115.42,0
ITEM_4996,0.95,85.0,3.84,6,1,0,126.85,0
ITEM_4997,0.77,25.0,3.88,11,1,0,142.29,0
ITEM_4998,0.81,23.0,4.4,9,0,0,78.37,1
ITEM_4999,0.95,199.0,4.96,7,3,0,220.8,0
