student_id,attendance,internal_quiz,lms_logins,library_hours,lab_sessions_pct,assignment_delay,study_hours,engagement_score,predicted_gpa,risk_level
STU1000,84.3,74.0,11,4.6,98.2,0.1,1.3,3.2,6.45,Moderate Risk
STU1001,81.5,58.6,14,16.2,85.3,1.5,2.3,9.2,6.58,Moderate Risk
STU1002,80.2,59.8,10,1.6,69.4,1.0,6.4,7.0,5.25,High Risk
STU1003,69.1,79.2,9,2.2,66.0,0.5,3.0,7.0,5.82,Moderate Risk
STU1004,97.1,78.5,5,2.3,81.3,5.3,3.7,8.8,6.66,Moderate Risk
STU1005,67.5,59.8,13,9.8,78.1,0.1,2.6,5.2,6.55,Moderate Risk
STU1006,89.0,73.9,4,0.6,79.7,4.4,6.7,7.9,6.39,Moderate Risk
STU1007,74.7,87.6,16,3.6,90.7,0.3,2.2,7.3,5.98,Moderate Risk
STU1008,79.9,68.6,8,3.3,86.6,0.7,3.4,8.2,7.02,On Track
STU1009,91.2,72.8,12,0.5,90.0,0.8,5.1,7.3,7.43,On Track
STU1010,94.4,66.4,15,3.2,73.2,2.0,1.9,2.6,5.59,Moderate Risk
STU1011,66.2,81.5,14,4.3,94.1,0.4,1.2,4.3,6.29,Moderate Risk
STU1012,82.2,65.1,14,0.4,81.0,6.4,0.7,9.5,6.67,Moderate Risk
STU1013,83.0,39.8,17,4.3,96.4,2.1,4.6,3.8,6.82,Moderate Risk
STU1014,61.7,91.5,7,19.2,50.3,2.3,1.6,5.8,6.97,Moderate Risk
STU1015,86.1,56.3,9,23.2,72.1,0.2,4.2,4.9,7.87,On Track
STU1016,66.2,48.7,11,4.6,96.1,1.0,4.0,2.7,5.94,Moderate Risk
STU1017,75.3,77.9,7,4.3,72.3,4.4,1.5,3.4,6.43,Moderate Risk
STU1018,78.4,52.0,10,2.0,58.1,0.5,3.6,4.3,4.92,High Risk
STU1019,79.3,88.5,15,35.1,80.2,0.2,9.2,5.7,9.54,High Achiever
STU1020,68.7,65.4,12,1.9,91.1,1.0,4.7,9.0,6.68,Moderate Risk
STU1021,88.8,89.3,10,3.6,75.9,4.0,13.2,6.1,6.7,Moderate Risk
STU1022,58.8,48.0,15,0.0,56.1,1.0,2.4,7.2,4.62,High Risk
STU1023,84.0,68.7,10,2.6,72.2,0.8,3.7,5.4,5.7,Moderate Risk
STU1024,73.8,83.3,10,0.4,55.4,1.6,1.9,9.0,4.95,High Risk
STU1025,81.3,75.3,8,8.2,51.0,4.1,7.7,7.3,5.68,Moderate Risk
STU1026,81.4,52.8,15,4.9,76.6,0.1,2.7,2.7,5.78,Moderate Risk
STU1027,68.0,77.3,8,5.1,90.2,0.2,1.5,5.8,6.52,Moderate Risk
STU1028,79.7,85.9,15,2.0,84.0,0.2,3.7,8.6,6.93,Moderate Risk
STU1029,78.6,57.6,9,10.1,87.4,0.1,2.3,7.9,6.84,Moderate Risk
STU1030,75.5,65.2,11,0.0,65.0,0.5,4.1,9.2,5.52,Moderate Risk
STU1031,73.6,54.9,14,2.4,86.8,0.4,3.0,3.8,5.68,Moderate Risk
STU1032,82.4,79.3,9,6.5,84.2,1.2,4.8,9.8,6.95,Moderate Risk
STU1033,63.5,76.9,8,14.3,63.9,0.6,0.7,4.3,5.59,Moderate Risk
STU1034,48.3,74.5,6,1.6,78.6,0.8,3.3,2.4,4.31,High Risk
STU1035,74.8,76.3,15,4.7,50.3,4.3,1.8,6.0,5.7,Moderate Risk
STU1036,78.0,68.6,21,4.6,80.9,0.3,5.9,2.9,6.84,Moderate Risk
STU1037,96.2,64.1,12,12.4,50.7,0.7,7.3,7.5,7.02,On Track
STU1038,81.0,76.0,12,0.3,75.7,0.4,2.2,9.2,6.49,Moderate Risk
STU1039,66.0,60.6,11,3.3,93.8,1.2,0.2,9.4,5.17,High Risk
STU1040,49.9,84.0,15,1.2,88.7,2.0,4.1,6.9,5.88,High Risk
STU1041,79.0,86.2,13,0.1,95.5,2.5,1.7,6.3,6.13,Moderate Risk
STU1042,94.4,76.8,8,1.0,83.8,1.1,3.9,10.0,6.52,Moderate Risk
STU1043,63.4,71.8,17,22.5,87.4,2.9,1.8,6.6,7.2,On Track
STU1044,71.8,47.1,9,1.5,52.9,2.3,4.0,9.4,5.13,High Risk
STU1045,79.6,49.8,12,16.4,81.9,0.3,1.2,9.3,5.5,High Risk
STU1046,71.8,72.8,10,1.4,80.9,0.4,4.4,4.3,7.28,On Track
STU1047,89.2,67.1,5,16.1,57.3,1.7,8.1,2.1,6.1,Moderate Risk
STU1048,84.4,87.3,12,6.4,73.1,5.5,1.2,5.5,5.32,High Risk
STU1049,60.5,87.1,17,0.7,77.3,0.7,4.2,8.9,6.56,Moderate Risk
STU1050,80.8,95.2,14,5.2,85.7,0.4,0.9,8.7,6.7,Moderate Risk
STU1051,87.4,90.5,11,2.3,66.4,3.1,3.1,6.8,7.65,On Track
STU1052,75.1,45.4,12,2.9,95.2,0.3,3.0,3.3,6.05,Moderate Risk
STU1053,60.7,61.1,12,3.5,94.1,1.8,3.0,2.9,5.58,Moderate Risk
STU1054,91.4,85.3,15,3.3,81.9,0.1,1.1,9.6,7.28,On Track
STU1055,64.3,55.1,13,6.5,88.7,0.0,0.4,5.4,5.64,Moderate Risk
STU1056,68.8,64.4,19,8.8,81.7,0.9,3.2,7.2,6.48,Moderate Risk
STU1057,83.5,67.3,13,2.4,77.8,1.6,3.1,9.2,7.0,Moderate Risk
STU1058,92.6,62.6,10,15.5,92.7,0.2,0.7,9.0,7.46,On Track
STU1059,93.3,72.8,16,16.7,90.7,2.2,0.8,6.5,7.51,On Track
STU1060,71.2,60.2,14,0.2,83.9,0.2,3.6,5.9,5.79,Moderate Risk
STU1061,92.1,55.1,12,0.1,88.4,1.1,5.6,7.9,6.61,Moderate Risk
STU1062,74.2,43.1,9,3.3,99.3,0.6,3.5,4.8,5.29,High Risk
STU1063,77.0,68.2,11,5.4,92.1,2.1,3.7,7.0,6.73,Moderate Risk
STU1064,71.5,81.0,11,2.0,85.2,2.4,2.0,2.2,6.09,Moderate Risk
STU1065,90.9,33.1,14,1.8,49.5,0.1,2.9,8.6,5.91,Moderate Risk
STU1066,47.2,61.4,15,6.8,93.6,0.3,1.2,10.0,6.18,High Risk
STU1067,72.1,79.1,11,5.5,67.1,3.3,4.3,9.6,5.7,Moderate Risk
STU1068,91.6,55.3,14,1.1,85.9,0.8,1.7,4.9,6.67,Moderate Risk
STU1069,83.3,82.4,7,13.0,79.7,1.0,1.3,6.2,6.92,Moderate Risk
STU1070,96.6,84.2,20,6.8,89.5,0.3,3.2,3.9,8.97,High Achiever
STU1071,89.5,81.1,12,2.7,90.7,7.9,5.9,4.4,7.08,On Track
STU1072,72.6,81.2,14,6.9,77.6,3.8,3.5,5.7,6.45,Moderate Risk
STU1073,89.1,72.4,15,0.7,77.1,0.0,5.9,8.0,7.38,On Track
STU1074,90.9,83.4,8,3.8,92.1,1.2,2.3,2.1,6.29,Moderate Risk
STU1075,60.1,50.0,6,1.1,83.7,3.1,3.7,5.2,4.75,High Risk
STU1076,71.4,74.6,16,0.3,73.9,0.8,2.7,6.5,7.01,On Track
STU1077,68.4,63.7,7,2.5,49.7,0.9,4.6,3.7,4.86,High Risk
STU1078,93.0,53.4,11,1.0,59.2,0.7,4.0,2.6,6.06,Moderate Risk
STU1079,96.6,39.9,9,6.0,73.4,0.0,1.9,6.3,6.89,Moderate Risk
STU1080,96.4,50.7,12,6.7,83.0,2.3,8.3,7.1,7.07,On Track
STU1081,65.5,46.9,17,1.0,72.6,0.9,1.3,7.1,4.72,High Risk
STU1082,84.9,75.5,9,0.1,84.0,1.1,3.4,4.9,6.32,Moderate Risk
STU1083,95.7,69.7,15,9.4,51.7,0.4,1.7,3.9,6.13,Moderate Risk
STU1084,71.1,87.8,12,0.0,90.6,2.3,3.1,3.8,6.11,Moderate Risk
STU1085,88.3,72.3,12,2.5,92.6,2.4,1.7,2.3,6.98,Moderate Risk
STU1086,63.5,83.5,10,4.1,84.6,1.2,3.1,3.5,7.27,On Track
STU1087,81.6,61.9,19,10.2,85.0,3.5,3.6,8.5,6.27,Moderate Risk
STU1088,82.0,83.0,15,10.9,85.9,0.2,4.6,2.0,8.42,On Track
STU1089,78.4,72.6,8,7.7,92.9,2.3,0.9,2.4,6.31,Moderate Risk
STU1090,85.2,62.4,15,1.7,71.2,1.2,2.3,3.0,5.46,High Risk
STU1091,75.4,83.1,16,7.6,73.3,0.4,5.0,5.4,8.06,On Track
STU1092,86.3,64.9,14,1.7,97.5,0.2,6.7,4.7,6.96,Moderate Risk
STU1093,83.4,82.4,15,1.4,87.7,0.5,3.9,3.4,7.32,On Track
STU1094,43.9,56.3,13,4.8,66.3,2.9,10.7,2.9,5.59,High Risk
STU1095,77.7,93.3,8,6.8,77.7,2.3,2.2,9.5,6.83,Moderate Risk
STU1096,89.8,50.7,6,0.3,86.6,1.6,0.4,9.3,5.87,Moderate Risk
STU1097,86.5,57.1,16,0.4,70.7,0.1,8.4,8.2,6.44,Moderate Risk
STU1098,88.2,61.9,5,9.2,64.8,4.6,4.8,4.0,6.7,Moderate Risk
STU1099,87.0,31.1,15,11.8,77.5,0.5,6.4,4.6,6.27,Moderate Risk
STU1100,73.6,85.7,9,5.6,78.0,1.4,1.9,7.3,6.81,Moderate Risk
STU1101,89.3,59.9,11,3.4,80.1,2.4,3.9,4.3,6.7,Moderate Risk
STU1102,78.0,40.3,10,11.2,86.0,0.2,3.5,6.2,5.88,Moderate Risk
STU1103,86.2,50.7,13,7.8,94.4,1.6,2.4,7.2,5.92,Moderate Risk
STU1104,83.4,64.3,13,5.2,92.0,0.0,5.8,6.2,7.68,On Track
STU1105,90.3,82.6,19,2.3,90.1,0.2,3.0,5.3,7.28,On Track
STU1106,74.0,82.2,14,1.3,84.3,1.9,4.8,4.8,6.82,Moderate Risk
STU1107,81.2,58.7,12,3.3,91.3,0.3,1.2,8.2,5.46,High Risk
STU1108,73.7,67.2,8,2.0,51.8,0.9,3.6,7.9,5.59,Moderate Risk
STU1109,94.2,83.7,13,2.5,75.3,0.4,5.1,7.6,7.28,On Track
STU1110,94.5,81.4,12,4.3,68.5,0.8,2.1,5.0,7.61,On Track
STU1111,70.3,74.6,13,1.1,52.6,0.1,2.9,8.2,5.56,Moderate Risk
STU1112,58.2,76.5,11,9.8,51.8,2.1,3.1,9.7,6.22,High Risk
STU1113,65.9,73.2,6,0.9,69.9,0.1,3.1,7.5,4.81,High Risk
STU1114,41.7,72.5,11,3.9,89.5,2.7,1.6,5.3,4.83,High Risk
STU1115,90.0,87.3,7,8.2,80.4,1.6,5.2,8.4,7.07,On Track
STU1116,43.5,93.8,13,4.0,76.2,0.8,2.6,6.9,5.3,High Risk
STU1117,62.5,79.6,12,2.7,84.0,3.0,4.5,9.0,5.94,Moderate Risk
STU1118,79.4,61.5,15,3.9,58.4,0.3,3.4,7.7,5.81,Moderate Risk
STU1119,68.1,73.2,11,11.3,82.2,0.5,1.7,8.2,6.84,Moderate Risk
STU1120,74.2,58.2,11,27.9,67.0,0.2,3.8,7.3,6.6,Moderate Risk
STU1121,46.7,63.0,14,6.0,67.1,0.7,2.1,2.7,5.06,High Risk
STU1122,86.4,77.5,8,9.5,82.2,6.5,2.5,5.9,6.16,Moderate Risk
STU1123,72.6,75.9,18,0.1,89.5,0.3,1.0,2.5,5.17,High Risk
STU1124,67.2,89.8,22,12.7,85.0,2.7,5.1,5.6,8.08,On Track
STU1125,97.3,88.2,17,18.5,80.7,1.6,1.2,7.7,8.79,High Achiever
STU1126,68.4,92.8,9,5.1,79.2,0.0,5.2,5.4,6.93,Moderate Risk
STU1127,96.4,63.7,24,8.4,90.4,4.3,3.0,2.0,7.46,On Track
STU1128,66.5,76.7,12,4.3,68.4,5.3,3.4,5.0,5.43,High Risk
STU1129,62.8,88.2,15,2.0,86.8,3.9,2.3,2.5,5.54,Moderate Risk
STU1130,91.4,85.9,9,11.5,64.0,1.0,1.2,8.2,6.74,Moderate Risk
STU1131,66.8,79.9,12,5.5,58.4,0.4,6.1,8.3,5.75,Moderate Risk
STU1132,86.5,59.3,12,5.2,45.9,0.7,1.9,8.5,5.42,High Risk
STU1133,90.7,80.8,13,6.5,80.3,1.4,7.0,2.2,7.7,On Track
STU1134,88.5,60.4,7,11.6,86.5,0.7,8.1,2.3,6.98,Moderate Risk
STU1135,71.9,83.7,8,7.9,52.4,1.8,4.4,9.2,6.01,Moderate Risk
STU1136,82.0,66.6,13,1.4,76.6,2.4,2.8,3.0,4.79,High Risk
STU1137,84.0,45.2,9,3.8,85.2,0.4,1.3,7.4,4.91,High Risk
STU1138,45.7,82.7,21,23.6,80.0,0.8,4.8,8.4,6.13,High Risk
STU1139,79.7,55.0,17,4.9,69.4,4.7,6.2,5.6,5.09,High Risk
STU1140,89.9,93.7,7,16.7,45.8,0.4,3.2,6.4,7.27,On Track
STU1141,92.1,65.4,19,10.1,76.4,0.6,3.2,3.8,6.84,Moderate Risk
STU1142,89.2,71.7,16,6.6,42.9,0.1,4.1,9.4,5.71,Moderate Risk
STU1143,79.6,85.7,13,2.6,73.0,0.6,2.0,4.4,6.26,Moderate Risk
STU1144,89.8,58.5,18,2.2,61.6,0.7,1.0,3.7,5.86,Moderate Risk
STU1145,75.1,47.0,13,6.2,72.8,0.2,3.7,6.2,4.96,High Risk
STU1146,95.6,79.7,9,3.4,68.6,0.0,1.1,3.5,6.32,Moderate Risk
STU1147,89.6,79.3,6,9.6,88.1,1.3,2.9,7.5,7.68,On Track
STU1148,76.0,41.3,14,8.6,43.7,0.5,2.1,6.1,5.12,High Risk
STU1149,77.5,72.1,12,2.2,86.1,0.0,2.5,3.2,6.0,Moderate Risk
STU1150,81.7,59.2,7,7.3,58.5,2.9,2.6,2.5,5.4,High Risk
STU1151,83.1,74.7,14,4.1,94.5,1.3,4.2,3.1,7.34,On Track
STU1152,90.3,88.3,13,2.3,58.8,0.3,2.3,3.1,7.33,On Track
STU1153,96.2,77.0,13,3.2,86.1,3.0,3.3,4.5,7.37,On Track
STU1154,72.1,85.4,8,13.5,74.9,0.4,1.5,8.7,6.6,Moderate Risk
STU1155,77.1,67.0,7,2.7,83.8,0.4,1.8,2.5,5.62,Moderate Risk
STU1156,67.1,51.5,13,2.0,91.6,3.4,4.3,3.0,5.35,High Risk
STU1157,68.3,68.1,11,2.6,82.4,0.3,2.3,4.4,7.3,On Track
STU1158,81.5,82.2,15,1.4,53.7,3.2,1.6,6.4,6.72,Moderate Risk
STU1159,73.7,68.1,11,4.7,95.1,2.4,3.3,8.1,6.73,Moderate Risk
STU1160,74.6,63.4,12,1.0,79.1,0.6,3.0,9.4,5.3,High Risk
STU1161,74.5,28.9,5,10.2,84.6,0.1,6.6,5.3,5.8,Moderate Risk
STU1162,71.7,60.1,17,1.5,84.0,0.1,4.0,2.8,5.97,Moderate Risk
STU1163,64.8,49.3,15,5.5,70.1,0.2,1.6,3.7,5.49,High Risk
STU1164,97.1,91.7,10,0.8,53.5,3.3,1.0,4.3,7.54,On Track
STU1165,72.2,90.8,10,23.0,85.6,0.8,3.0,8.3,8.04,On Track
STU1166,80.1,81.4,10,3.6,82.0,0.0,5.1,7.5,8.19,On Track
STU1167,86.1,61.9,11,10.4,77.1,1.2,2.9,3.7,6.56,Moderate Risk
STU1168,79.3,84.4,14,8.8,81.4,0.3,3.0,8.7,7.39,On Track
STU1169,92.7,87.3,16,7.5,84.7,0.4,1.3,8.9,6.68,Moderate Risk
STU1170,72.8,66.9,9,10.5,95.9,0.3,2.1,9.1,7.18,On Track
STU1171,61.9,67.9,8,0.6,68.2,2.2,0.8,4.2,4.7,High Risk
STU1172,80.2,66.5,8,6.8,79.5,0.0,4.1,3.1,5.77,Moderate Risk
STU1173,61.0,66.0,13,1.9,90.8,0.9,3.6,2.8,5.46,High Risk
STU1174,66.9,56.7,16,9.2,85.5,0.1,3.2,5.2,7.65,On Track
STU1175,98.0,72.3,18,18.9,60.9,1.2,1.8,5.4,7.48,On Track
STU1176,84.6,66.6,12,13.9,74.9,0.6,1.5,8.9,6.93,Moderate Risk
STU1177,69.7,77.9,15,0.7,72.3,0.0,3.6,4.1,7.43,On Track
STU1178,91.2,75.6,14,2.8,90.6,0.9,3.5,7.0,6.83,Moderate Risk
STU1179,62.9,66.2,15,2.7,96.6,1.3,4.6,8.3,6.34,Moderate Risk
STU1180,88.8,67.3,11,0.8,80.6,0.4,3.5,4.2,6.15,Moderate Risk
STU1181,78.5,79.3,12,0.6,91.3,2.2,4.4,4.1,6.76,Moderate Risk
STU1182,87.1,58.7,11,2.9,84.4,0.7,3.6,7.4,5.66,Moderate Risk
STU1183,89.3,86.8,12,29.0,72.1,2.1,5.6,7.8,8.45,On Track
STU1184,86.8,79.8,12,5.0,99.1,1.3,2.4,9.7,7.02,On Track
STU1185,74.0,81.2,10,5.8,98.9,3.1,3.5,8.8,6.7,Moderate Risk
STU1186,68.6,93.5,8,3.8,57.6,1.2,4.2,8.6,6.98,Moderate Risk
STU1187,77.9,76.7,13,6.5,63.2,0.3,3.1,7.5,5.58,Moderate Risk
STU1188,43.8,72.0,12,18.8,88.5,2.6,0.6,2.9,5.82,High Risk
STU1189,77.9,51.4,11,5.3,86.2,2.3,4.1,8.5,6.74,Moderate Risk
STU1190,79.5,76.7,11,0.4,68.8,5.4,2.0,9.5,6.93,Moderate Risk
STU1191,79.8,83.9,7,4.1,70.4,0.1,1.7,5.1,5.62,Moderate Risk
STU1192,74.7,72.9,17,29.6,80.1,1.3,1.3,4.5,6.04,Moderate Risk
STU1193,85.9,69.8,15,2.9,79.6,1.0,4.7,6.2,6.32,Moderate Risk
STU1194,60.3,62.4,11,5.4,87.6,1.7,3.2,9.7,5.16,High Risk
STU1195,79.1,92.0,7,0.7,77.0,5.9,1.4,2.4,5.56,Moderate Risk
STU1196,79.4,81.6,16,0.9,78.6,1.1,1.6,7.7,5.62,Moderate Risk
STU1197,85.3,74.3,12,12.5,78.4,1.7,3.0,8.5,6.48,Moderate Risk
STU1198,82.2,53.7,16,2.1,61.8,0.6,1.4,8.3,5.34,High Risk
STU1199,79.9,86.1,14,2.2,95.0,0.5,3.2,6.5,6.27,Moderate Risk
STU1200,73.5,65.8,9,2.9,77.4,0.6,5.2,9.4,5.94,Moderate Risk
STU1201,78.5,53.1,15,20.4,87.3,0.1,5.7,3.1,7.92,On Track
STU1202,96.5,78.7,4,0.5,91.9,0.5,4.7,4.0,7.04,On Track
STU1203,98.1,69.6,8,10.2,52.9,0.3,6.9,4.5,6.96,Moderate Risk
STU1204,91.9,78.4,14,2.5,76.0,0.9,3.4,2.1,7.45,On Track
STU1205,81.0,16.6,17,11.4,84.0,0.9,8.8,5.0,6.74,Moderate Risk
STU1206,77.1,47.8,11,28.8,85.3,2.2,7.8,3.3,8.3,On Track
STU1207,62.4,73.4,17,2.6,94.7,1.0,3.5,7.8,6.55,Moderate Risk
STU1208,85.4,52.8,11,0.8,88.9,0.9,2.4,5.3,6.61,Moderate Risk
STU1209,71.5,52.3,10,0.9,95.0,0.4,2.5,7.6,5.1,High Risk
STU1210,56.8,54.6,11,8.5,86.2,2.9,0.9,4.3,4.81,High Risk
STU1211,79.8,72.7,10,0.9,59.8,0.1,2.4,3.1,5.42,High Risk
STU1212,97.5,63.8,11,1.8,68.0,6.1,1.1,3.1,6.08,Moderate Risk
STU1213,61.5,63.2,15,1.4,90.0,1.0,5.0,3.6,5.61,Moderate Risk
STU1214,83.3,65.8,18,2.6,71.4,0.3,1.0,2.9,6.07,Moderate Risk
STU1215,84.0,56.2,14,0.5,86.6,0.7,4.0,3.8,4.73,High Risk
STU1216,80.4,96.3,16,11.7,71.0,0.0,2.3,6.6,7.57,On Track
STU1217,87.4,65.1,14,11.8,54.6,0.3,4.9,4.1,7.5,On Track
STU1218,65.8,79.0,5,3.2,87.3,0.6,2.5,4.7,6.21,Moderate Risk
STU1219,75.5,68.3,13,5.7,89.4,1.2,4.1,2.4,6.51,Moderate Risk
STU1220,81.8,84.9,4,6.2,91.8,0.2,4.0,9.1,7.03,On Track
STU1221,67.1,90.1,12,8.3,94.3,1.7,2.3,3.1,7.06,On Track
STU1222,68.2,81.5,8,4.4,74.4,2.8,3.5,4.8,5.15,High Risk
STU1223,79.2,35.5,13,4.3,56.0,1.3,4.2,5.0,4.63,High Risk
STU1224,73.7,89.5,12,6.0,87.4,0.5,5.0,8.2,7.52,On Track
STU1225,77.6,68.9,18,7.3,76.4,0.2,0.7,5.9,7.02,On Track
STU1226,92.0,55.1,6,2.6,94.3,0.0,1.1,5.1,5.41,High Risk
STU1227,85.8,84.4,13,2.4,78.7,2.0,4.4,7.6,6.63,Moderate Risk
STU1228,72.9,69.1,10,1.9,72.0,1.5,2.3,6.8,5.86,Moderate Risk
STU1229,82.3,79.0,7,4.8,87.1,1.0,3.2,2.6,7.23,On Track
STU1230,60.4,60.8,17,2.7,64.6,0.2,0.8,4.5,5.02,High Risk
STU1231,51.6,79.9,16,4.7,71.2,0.3,8.8,9.8,6.28,High Risk
STU1232,77.9,56.5,11,3.1,69.0,2.5,1.6,5.9,5.48,High Risk
STU1233,83.9,72.5,9,10.9,61.2,1.0,3.6,5.4,6.72,Moderate Risk
STU1234,90.1,54.6,12,0.5,81.5,4.9,1.8,3.2,5.19,High Risk
STU1235,90.5,86.1,11,5.1,71.9,15.7,5.8,8.7,6.53,Moderate Risk
STU1236,90.4,92.8,11,5.1,62.0,2.4,5.0,3.1,6.88,Moderate Risk
STU1237,89.8,77.6,10,2.9,74.2,0.4,5.3,2.8,7.24,On Track
STU1238,75.0,51.7,22,3.3,78.4,0.4,4.0,5.5,5.85,Moderate Risk
STU1239,68.9,80.5,14,9.7,68.0,0.4,4.7,5.5,7.15,On Track
STU1240,73.5,71.8,9,2.0,67.2,6.5,2.2,9.9,5.33,High Risk
STU1241,74.9,56.7,9,12.3,69.0,0.6,6.1,3.0,7.18,On Track
STU1242,82.8,62.6,13,13.6,93.0,1.8,2.8,5.9,6.56,Moderate Risk
STU1243,58.1,43.4,15,6.3,76.5,4.8,1.6,3.6,4.53,High Risk
STU1244,91.4,88.4,13,8.9,78.8,2.6,2.8,7.6,7.93,On Track
STU1245,67.0,62.1,17,5.7,78.8,1.4,2.5,5.1,6.17,Moderate Risk
STU1246,68.8,82.1,12,4.5,89.8,0.3,3.0,7.2,6.97,Moderate Risk
STU1247,81.1,92.7,10,20.4,78.7,0.3,1.6,4.7,7.94,On Track
STU1248,77.7,88.1,12,2.0,88.3,1.0,4.8,6.5,7.4,On Track
STU1249,88.2,60.5,9,1.0,50.3,4.6,1.9,5.8,5.17,High Risk
STU1250,55.8,68.3,12,2.0,92.6,3.5,3.5,5.0,5.6,High Risk
STU1251,73.3,60.7,8,5.7,88.2,0.3,4.0,6.3,6.17,Moderate Risk
STU1252,93.6,84.7,20,1.2,77.5,0.5,3.9,5.1,7.68,On Track
STU1253,61.5,85.4,14,14.4,61.7,1.3,4.0,8.4,6.38,Moderate Risk
STU1254,70.1,55.9,13,3.2,64.6,1.0,1.6,6.0,5.96,Moderate Risk
STU1255,78.9,89.5,12,11.4,94.0,0.2,4.4,9.2,6.53,Moderate Risk
STU1256,80.4,56.8,9,1.7,54.4,0.7,1.4,3.8,5.36,High Risk
STU1257,77.0,79.0,12,2.3,93.2,4.6,1.0,2.9,6.09,Moderate Risk
STU1258,86.4,42.3,10,0.4,86.4,4.5,3.1,5.0,4.97,High Risk
STU1259,80.6,75.4,10,1.8,72.6,1.2,2.3,3.5,5.95,Moderate Risk
STU1260,57.3,52.8,11,4.0,98.4,1.5,4.2,5.1,5.25,High Risk
STU1261,61.2,56.0,12,17.5,73.1,0.4,6.1,3.7,6.2,Moderate Risk
STU1262,81.3,79.2,12,3.0,95.2,2.0,4.4,8.9,7.31,On Track
STU1263,74.3,44.4,20,6.1,81.0,0.1,1.7,6.5,6.29,Moderate Risk
STU1264,88.4,79.0,9,3.3,66.1,0.4,1.8,6.0,6.36,Moderate Risk
STU1265,70.7,32.3,8,0.3,74.5,0.0,1.7,8.3,3.92,High Risk
STU1266,88.0,58.0,15,4.2,68.0,0.7,4.5,3.0,6.12,Moderate Risk
STU1267,84.3,75.8,12,0.4,86.7,2.8,2.9,8.9,6.56,Moderate Risk
STU1268,94.5,84.0,17,12.9,73.9,6.1,3.7,5.9,7.29,On Track
STU1269,77.6,59.7,11,8.4,74.2,1.7,1.4,3.1,5.24,High Risk
STU1270,87.4,51.1,12,2.9,54.7,2.0,3.7,8.6,5.92,Moderate Risk
STU1271,73.7,68.7,9,6.1,96.9,0.5,2.4,5.7,6.4,Moderate Risk
STU1272,47.7,81.9,15,0.7,92.4,1.1,7.2,6.8,6.82,High Risk
STU1273,76.5,69.6,11,7.3,72.6,2.0,1.4,9.1,6.77,Moderate Risk
STU1274,67.7,69.6,13,10.4,77.9,1.0,1.2,9.1,6.81,Moderate Risk
STU1275,72.3,91.0,12,10.3,72.3,0.1,2.7,9.1,6.94,Moderate Risk
STU1276,49.2,64.6,12,2.0,79.4,2.0,2.5,5.3,4.45,High Risk
STU1277,88.2,71.9,12,1.8,44.5,0.4,5.9,8.0,6.98,Moderate Risk
STU1278,96.1,67.8,10,4.4,86.2,0.2,6.6,3.9,7.16,On Track
STU1279,98.5,81.6,17,20.6,84.1,1.0,2.2,8.6,8.87,High Achiever
STU1280,79.6,67.3,13,15.2,84.2,0.1,8.6,4.7,7.9,On Track
STU1281,73.6,93.0,9,2.7,82.4,1.5,2.8,5.7,7.4,On Track
STU1282,92.1,88.9,11,9.1,76.2,1.5,1.7,9.1,7.37,On Track
STU1283,78.2,69.6,14,15.3,59.5,0.4,2.3,8.4,6.24,Moderate Risk
STU1284,86.6,43.5,15,1.8,78.0,5.0,4.3,9.6,5.32,High Risk
STU1285,76.8,86.1,17,10.6,91.9,2.6,3.9,4.9,7.44,On Track
STU1286,67.8,81.1,16,1.9,91.3,0.2,6.8,3.2,7.59,On Track
STU1287,77.6,46.2,19,2.5,51.7,2.1,1.1,9.3,4.33,High Risk
STU1288,87.6,83.6,6,1.3,86.5,0.7,2.3,5.9,7.4,On Track
STU1289,77.9,35.9,12,4.2,70.6,2.1,10.9,9.1,5.89,Moderate Risk
STU1290,84.7,49.3,15,11.1,70.8,2.4,1.9,7.9,6.02,Moderate Risk
STU1291,86.3,63.5,10,4.5,80.5,0.2,5.5,9.0,6.69,Moderate Risk
STU1292,82.1,98.2,13,0.8,81.0,1.6,0.5,7.2,6.98,Moderate Risk
STU1293,88.7,64.5,10,1.7,72.6,3.0,1.9,8.5,6.86,Moderate Risk
STU1294,84.2,86.4,11,5.0,52.7,0.6,3.9,3.0,6.25,Moderate Risk
STU1295,78.7,93.4,10,5.3,93.4,0.1,4.0,9.7,7.28,On Track
STU1296,95.1,57.5,17,5.2,69.7,0.0,3.6,3.4,7.23,On Track
STU1297,54.2,80.7,11,0.5,89.6,0.2,3.8,2.2,6.11,High Risk
STU1298,68.0,86.5,11,8.4,85.9,0.0,5.4,6.2,7.75,On Track
STU1299,85.9,82.8,12,14.4,89.8,0.6,2.9,7.7,7.3,On Track
STU1300,96.1,50.2,10,4.3,78.7,0.5,6.6,7.7,6.5,Moderate Risk
STU1301,73.0,47.3,8,7.6,81.1,0.2,3.1,4.7,6.11,Moderate Risk
STU1302,79.8,33.4,18,14.7,53.4,1.6,2.9,8.0,6.99,Moderate Risk
STU1303,64.2,75.7,16,6.2,80.9,7.2,0.9,8.7,5.41,High Risk
STU1304,87.7,85.7,17,6.7,59.6,3.5,5.9,6.9,7.18,On Track
STU1305,89.5,54.9,5,7.7,87.1,0.4,1.1,5.1,5.33,High Risk
STU1306,86.3,75.3,10,1.8,74.8,2.2,5.1,6.9,6.33,Moderate Risk
STU1307,81.9,94.7,10,5.2,82.1,4.1,4.3,8.9,6.78,Moderate Risk
STU1308,91.6,68.3,9,11.1,90.3,3.6,6.5,9.2,6.7,Moderate Risk
STU1309,81.7,62.9,9,2.1,81.2,3.2,0.8,2.3,5.29,High Risk
STU1310,81.9,74.1,16,13.6,84.9,2.3,7.4,3.0,7.52,On Track
STU1311,80.1,77.6,17,5.8,78.3,0.5,2.3,2.0,6.46,Moderate Risk
STU1312,82.2,50.8,8,3.3,78.8,0.1,2.0,5.9,6.63,Moderate Risk
STU1313,70.1,50.0,13,5.9,75.5,1.0,1.4,5.5,5.68,Moderate Risk
STU1314,67.2,85.9,14,3.1,91.7,0.1,2.7,6.4,6.19,Moderate Risk
STU1315,55.6,49.9,14,10.9,56.9,9.7,3.5,7.5,3.77,High Risk
STU1316,64.0,71.8,11,4.0,87.3,0.7,4.0,4.9,5.92,Moderate Risk
STU1317,81.5,90.3,14,13.9,53.0,4.8,2.2,3.7,6.53,Moderate Risk
STU1318,80.9,57.8,14,4.3,81.4,2.2,1.9,5.2,5.5,Moderate Risk
STU1319,53.1,68.4,8,6.5,75.6,0.8,7.7,2.1,6.27,High Risk
STU1320,64.8,61.2,8,36.6,54.0,0.2,3.6,8.6,6.38,Moderate Risk
STU1321,68.1,60.9,11,1.0,55.2,0.4,4.1,5.1,6.07,Moderate Risk
STU1322,72.2,71.9,10,8.0,76.3,1.7,5.1,7.0,6.82,Moderate Risk
STU1323,61.4,56.0,15,0.9,80.5,2.7,3.8,4.6,5.35,High Risk
STU1324,68.0,81.4,10,11.0,74.3,5.8,2.1,6.9,5.49,High Risk
STU1325,75.2,78.7,10,5.4,78.3,0.2,1.4,6.3,5.79,Moderate Risk
STU1326,88.2,63.0,10,16.7,62.2,0.3,4.5,3.7,7.13,On Track
STU1327,58.9,52.9,13,12.1,86.9,0.1,4.2,7.0,7.08,High Risk
STU1328,82.9,84.7,10,0.5,89.5,0.5,4.0,2.9,6.32,Moderate Risk
STU1329,44.1,78.1,11,0.9,94.4,2.6,3.2,5.8,5.27,High Risk
STU1330,74.6,44.0,12,5.5,80.8,0.3,3.1,7.8,5.7,Moderate Risk
STU1331,93.0,47.8,10,4.4,86.3,1.2,1.5,6.4,5.24,High Risk
STU1332,43.9,73.5,11,1.1,86.9,0.9,0.8,8.0,4.86,High Risk
STU1333,74.3,55.8,15,0.8,95.8,0.6,5.3,4.2,6.22,Moderate Risk
STU1334,89.5,55.9,11,5.0,57.0,1.4,7.0,2.4,5.48,High Risk
STU1335,89.7,65.1,12,0.3,58.7,1.0,4.3,2.4,5.24,High Risk
STU1336,57.1,54.7,10,12.4,87.9,0.6,1.3,4.1,5.88,High Risk
STU1337,83.0,76.1,10,9.9,62.4,1.8,3.1,5.3,5.68,Moderate Risk
STU1338,77.2,63.9,16,9.2,55.7,0.5,1.8,6.3,5.55,Moderate Risk
STU1339,62.2,76.8,17,0.1,87.8,1.5,2.5,8.1,5.84,Moderate Risk
STU1340,63.8,73.3,10,0.3,89.7,4.7,1.5,8.7,5.01,High Risk
STU1341,73.9,80.6,10,4.8,90.9,2.0,3.3,7.5,6.38,Moderate Risk
STU1342,84.1,79.6,16,31.1,87.2,0.8,4.9,5.7,7.42,On Track
STU1343,81.0,75.0,13,2.5,78.0,2.1,3.9,4.1,6.84,Moderate Risk
STU1344,60.6,68.7,8,2.5,62.3,2.5,2.4,5.4,4.21,High Risk
STU1345,43.1,75.4,13,0.9,72.0,0.6,3.5,4.2,5.63,High Risk
STU1346,78.9,80.1,15,6.7,87.9,1.8,1.0,7.0,7.03,On Track
STU1347,82.0,78.5,7,6.2,61.2,0.9,4.8,8.5,5.77,Moderate Risk
STU1348,92.2,96.0,6,0.6,77.0,2.6,4.4,6.1,6.53,Moderate Risk
STU1349,50.0,61.8,11,3.8,78.0,0.5,3.9,2.4,3.98,High Risk
STU1350,63.3,36.6,15,6.6,83.7,4.2,6.0,9.5,5.34,High Risk
STU1351,88.7,62.6,14,4.1,88.9,1.3,3.8,4.4,6.56,Moderate Risk
STU1352,88.7,74.1,10,6.7,79.8,0.7,2.5,9.3,6.51,Moderate Risk
STU1353,95.3,75.9,14,10.2,81.6,0.8,2.4,8.5,6.86,Moderate Risk
STU1354,55.4,63.4,13,6.9,83.9,0.6,2.6,5.3,5.69,High Risk
STU1355,84.1,49.9,11,5.7,70.6,0.2,3.9,2.5,6.22,Moderate Risk
STU1356,82.3,74.7,10,11.5,88.3,0.1,1.7,9.6,6.71,Moderate Risk
STU1357,94.3,50.5,13,13.9,75.6,0.6,1.9,7.3,6.45,Moderate Risk
STU1358,56.4,87.6,16,3.0,70.6,0.9,1.4,4.0,5.67,High Risk
STU1359,76.6,64.5,14,1.1,56.9,0.7,1.7,6.3,5.44,High Risk
STU1360,84.7,78.8,9,10.2,54.8,0.0,2.9,7.1,6.95,Moderate Risk
STU1361,84.7,68.3,13,1.4,89.5,1.3,7.6,3.8,7.12,On Track
STU1362,72.8,39.7,7,15.9,89.0,0.2,1.4,2.7,6.06,Moderate Risk
STU1363,91.1,54.4,10,0.1,87.2,0.4,5.8,4.1,7.86,On Track
STU1364,55.1,68.5,12,15.3,61.7,0.2,2.0,2.4,5.7,High Risk
STU1365,51.1,45.1,13,5.3,60.8,1.1,5.5,2.6,4.99,High Risk
STU1366,81.7,89.5,7,8.9,71.0,0.1,2.5,3.3,6.42,Moderate Risk
STU1367,77.7,70.1,9,3.0,84.2,0.4,3.7,3.3,6.03,Moderate Risk
STU1368,87.8,76.4,12,28.8,90.0,0.9,3.8,4.0,7.97,On Track
STU1369,80.3,85.3,9,1.5,91.0,0.3,2.8,9.5,7.14,On Track
STU1370,69.0,68.4,15,1.8,87.7,0.9,2.7,6.6,5.96,Moderate Risk
STU1371,93.3,78.8,11,0.3,77.2,0.6,6.9,5.4,6.9,Moderate Risk
STU1372,78.4,40.6,12,16.9,80.6,3.0,3.3,6.5,6.33,Moderate Risk
STU1373,73.6,82.8,9,3.7,79.5,2.4,2.5,2.0,6.81,Moderate Risk
STU1374,97.2,46.8,7,6.7,73.6,7.4,9.3,9.2,6.27,Moderate Risk
STU1375,60.9,63.0,6,7.0,70.9,1.1,9.7,6.3,6.56,Moderate Risk
STU1376,76.7,75.8,13,12.5,87.8,1.3,12.1,5.6,7.22,On Track
STU1377,85.4,82.9,10,6.6,72.3,4.4,1.2,9.5,5.78,Moderate Risk
STU1378,75.9,77.4,10,5.0,90.3,0.8,0.6,7.8,5.62,Moderate Risk
STU1379,67.5,77.6,12,7.4,89.5,1.2,3.7,4.7,7.3,On Track
STU1380,88.6,70.2,12,8.3,96.4,0.7,7.1,9.5,8.03,On Track
STU1381,71.2,78.7,12,1.2,71.3,1.2,3.1,8.8,6.02,Moderate Risk
STU1382,89.6,75.3,13,0.7,73.6,0.1,6.5,9.6,7.24,On Track
STU1383,65.0,55.1,14,0.5,73.2,2.3,6.7,2.8,6.14,Moderate Risk
STU1384,82.4,78.7,13,2.8,85.5,6.3,2.0,9.6,5.84,Moderate Risk
STU1385,68.9,53.8,11,4.1,65.0,0.1,2.8,6.3,5.13,High Risk
STU1386,84.4,72.0,17,5.7,93.8,2.4,0.9,7.4,7.23,On Track
STU1387,91.2,88.7,9,19.0,65.0,0.4,1.4,3.7,8.12,On Track
STU1388,77.8,79.4,14,2.4,62.0,0.3,1.7,3.1,5.7,Moderate Risk
STU1389,78.3,73.7,10,8.6,55.0,1.8,1.2,2.6,6.05,Moderate Risk
STU1390,46.6,72.6,13,4.5,94.9,0.1,3.6,5.4,6.42,High Risk
STU1391,56.8,64.8,6,1.5,67.0,0.9,1.1,3.8,4.87,High Risk
STU1392,83.2,33.8,15,5.7,68.3,0.0,5.7,2.7,6.67,Moderate Risk
STU1393,80.4,75.7,8,20.5,91.2,1.2,7.1,9.6,8.21,On Track
STU1394,93.9,79.8,9,0.8,74.6,0.9,6.5,7.9,7.07,On Track
STU1395,87.3,47.4,10,4.2,77.8,3.7,4.5,6.1,6.68,Moderate Risk
STU1396,68.7,75.2,9,0.3,84.4,1.9,0.3,7.9,4.3,High Risk
STU1397,72.4,81.4,11,2.3,96.1,0.2,5.2,6.9,6.49,Moderate Risk
STU1398,79.2,45.4,9,5.8,75.0,0.7,5.5,3.4,6.57,Moderate Risk
STU1399,72.2,82.7,14,11.0,76.5,4.0,1.7,7.1,6.84,Moderate Risk
STU1400,93.5,48.7,13,7.9,52.9,1.9,4.8,7.4,5.91,Moderate Risk
STU1401,67.4,56.6,10,3.7,81.2,1.4,3.9,3.9,4.82,High Risk
STU1402,86.7,61.0,11,14.4,50.0,1.2,2.5,4.6,5.35,High Risk
STU1403,87.9,72.5,17,2.2,86.5,0.8,3.9,5.1,6.84,Moderate Risk
STU1404,66.5,69.7,9,8.4,70.5,1.3,6.4,6.8,6.06,Moderate Risk
STU1405,66.3,79.5,11,3.9,76.3,2.2,2.1,3.0,4.89,High Risk
STU1406,78.3,77.2,17,13.7,85.9,0.2,2.0,7.9,7.33,On Track
STU1407,75.7,92.1,11,9.6,91.5,5.3,3.9,4.8,6.89,Moderate Risk
STU1408,82.1,62.9,20,13.9,91.9,0.4,2.5,7.5,7.59,On Track
STU1409,63.2,60.7,20,1.4,48.9,0.9,1.5,9.5,5.76,Moderate Risk
STU1410,57.2,27.8,8,6.6,54.7,0.0,5.6,9.0,4.66,High Risk
STU1411,77.1,52.0,6,8.0,91.3,1.2,4.0,7.9,5.88,Moderate Risk
STU1412,84.8,80.8,11,8.1,74.8,0.7,0.7,3.5,7.08,On Track
STU1413,83.7,87.3,11,4.2,78.0,0.4,5.0,7.9,7.34,On Track
STU1414,73.8,76.0,8,0.1,67.1,6.4,4.7,7.1,5.29,High Risk
STU1415,49.0,91.0,11,1.8,85.6,0.8,3.7,8.2,5.37,High Risk
STU1416,67.4,54.7,8,2.3,86.1,0.8,2.7,9.0,6.74,Moderate Risk
STU1417,86.1,63.6,12,11.5,99.7,0.9,2.6,4.5,7.02,On Track
STU1418,91.7,58.5,12,11.0,66.7,0.2,4.6,7.2,7.15,On Track
STU1419,52.6,82.7,14,0.7,62.7,0.7,1.2,4.2,4.88,High Risk
STU1420,93.1,77.9,14,18.0,84.4,0.6,4.1,4.8,7.88,On Track
STU1421,89.2,59.4,7,1.2,79.2,0.9,4.6,6.2,6.54,Moderate Risk
STU1422,90.9,95.2,19,3.2,80.5,2.9,5.5,5.5,7.96,On Track
STU1423,77.5,74.0,22,1.5,57.3,0.3,2.0,6.8,6.17,Moderate Risk
STU1424,79.8,45.3,12,11.8,87.9,1.4,2.3,8.1,6.38,Moderate Risk
STU1425,91.0,53.4,13,8.3,86.1,0.1,4.5,6.8,7.64,On Track
STU1426,70.9,77.3,8,2.6,96.7,0.6,2.0,9.8,5.51,Moderate Risk
STU1427,94.2,26.7,15,6.9,67.5,1.0,1.2,7.9,5.62,Moderate Risk
STU1428,79.8,94.5,16,1.2,73.2,0.1,2.8,9.9,7.52,On Track
STU1429,90.6,74.6,25,2.9,80.6,1.2,8.2,7.9,8.16,On Track
STU1430,90.1,75.1,7,2.8,70.1,0.6,3.3,6.1,6.56,Moderate Risk
STU1431,45.0,60.0,10,1.6,90.2,7.4,0.8,5.3,4.07,High Risk
STU1432,86.1,68.5,8,12.5,80.1,1.5,3.6,7.9,5.95,Moderate Risk
STU1433,73.0,64.9,9,6.8,60.1,0.4,2.7,7.5,4.97,High Risk
STU1434,58.0,87.1,9,2.0,85.1,0.2,1.5,7.4,6.0,High Risk
STU1435,76.7,58.7,13,1.7,66.9,0.1,2.3,7.8,5.41,High Risk
STU1436,92.5,46.2,11,0.1,74.3,0.1,7.1,9.0,6.2,Moderate Risk
STU1437,73.5,60.3,16,2.6,40.1,1.7,1.6,3.8,4.83,High Risk
STU1438,87.1,75.9,15,4.5,74.9,2.9,7.6,6.5,7.42,On Track
STU1439,81.6,60.4,10,2.0,69.9,0.3,3.2,6.8,5.99,Moderate Risk
STU1440,63.4,51.6,9,7.2,77.5,0.8,2.5,4.3,5.19,High Risk
STU1441,98.6,47.9,10,3.2,84.2,0.7,2.6,9.9,6.23,Moderate Risk
STU1442,84.0,69.0,13,2.3,78.1,1.6,2.7,8.3,5.89,Moderate Risk
STU1443,95.8,68.6,8,16.8,77.1,0.3,7.4,4.6,7.6,On Track
STU1444,64.9,57.4,11,1.8,82.0,4.6,0.6,4.9,4.45,High Risk
STU1445,62.6,81.2,7,3.0,82.3,2.0,2.5,7.7,5.06,High Risk
STU1446,88.1,48.8,13,2.9,71.7,4.7,2.7,2.1,6.6,Moderate Risk
STU1447,87.7,77.8,15,1.7,84.9,0.5,4.6,5.7,7.7,On Track
STU1448,78.2,84.6,11,1.5,80.6,1.3,3.1,4.7,6.41,Moderate Risk
STU1449,90.1,66.2,8,2.2,85.2,2.0,3.3,8.8,6.17,Moderate Risk
STU1450,71.5,43.4,14,12.0,86.8,1.9,7.8,8.3,6.28,Moderate Risk
STU1451,58.4,65.3,7,8.7,61.1,0.0,3.3,4.7,5.62,High Risk
STU1452,59.9,71.4,13,6.9,88.2,9.6,2.4,8.9,4.96,High Risk
STU1453,86.0,79.5,8,3.7,81.1,3.9,3.3,9.3,6.15,Moderate Risk
STU1454,59.4,47.0,15,4.3,77.9,0.2,3.4,6.4,5.4,High Risk
STU1455,94.4,84.0,13,1.9,80.0,1.2,9.8,3.3,6.88,Moderate Risk
STU1456,85.5,91.1,19,0.5,81.3,0.6,1.2,8.2,6.67,Moderate Risk
STU1457,89.5,46.4,15,2.4,63.7,3.2,5.9,4.6,6.41,Moderate Risk
STU1458,94.4,52.3,12,4.1,90.1,1.8,4.1,6.2,6.12,Moderate Risk
STU1459,78.6,62.0,12,0.4,60.4,0.4,1.7,2.4,5.35,High Risk
STU1460,69.3,53.4,11,0.6,92.3,0.1,4.0,6.0,5.94,Moderate Risk
STU1461,60.3,55.7,13,1.8,54.5,0.5,1.1,5.0,5.25,High Risk
STU1462,83.0,80.7,16,2.7,76.5,0.1,4.3,7.5,7.05,On Track
STU1463,66.4,46.3,10,3.0,77.1,0.2,4.8,2.3,5.16,High Risk
STU1464,61.4,87.1,11,0.8,89.5,1.5,9.0,7.0,6.56,Moderate Risk
STU1465,65.2,55.3,16,1.5,82.9,2.1,1.7,8.2,5.29,High Risk
STU1466,84.1,80.1,13,1.8,75.0,0.9,3.3,2.1,6.2,Moderate Risk
STU1467,75.4,39.7,11,0.4,84.1,1.4,3.0,8.0,4.8,High Risk
STU1468,72.7,72.3,21,2.4,92.9,0.3,2.1,3.0,7.14,On Track
STU1469,61.6,92.1,14,0.4,73.5,0.6,1.8,7.6,6.91,Moderate Risk
STU1470,68.7,69.6,15,7.3,83.8,1.9,2.9,5.6,5.66,Moderate Risk
STU1471,87.1,46.1,12,2.9,85.3,0.7,3.4,6.4,5.74,Moderate Risk
STU1472,54.6,47.8,7,2.4,78.0,0.6,2.3,4.7,5.63,High Risk
STU1473,83.6,51.4,6,0.8,81.0,0.3,3.9,4.0,6.01,Moderate Risk
STU1474,92.2,93.2,12,1.5,98.4,1.4,3.1,2.6,7.77,On Track
STU1475,83.2,95.4,14,1.6,83.1,2.5,1.7,8.9,6.11,Moderate Risk
STU1476,66.3,63.4,17,25.3,90.7,1.0,5.1,6.9,7.24,On Track
STU1477,84.7,58.3,13,10.8,69.3,0.2,4.9,9.9,6.65,Moderate Risk
STU1478,67.7,55.8,10,0.1,65.2,2.7,2.9,8.8,5.83,Moderate Risk
STU1479,73.1,69.7,12,5.8,81.2,0.1,0.5,9.0,6.86,Moderate Risk
STU1480,78.7,76.1,14,1.8,93.8,1.0,1.1,6.8,6.43,Moderate Risk
STU1481,78.4,94.3,10,0.7,80.8,0.5,6.0,2.6,6.72,Moderate Risk
STU1482,85.6,64.0,8,7.3,70.9,4.1,7.9,9.3,6.13,Moderate Risk
STU1483,70.0,82.4,8,0.8,72.5,2.0,5.7,2.9,6.69,Moderate Risk
STU1484,66.6,65.4,15,3.5,72.0,1.3,1.9,6.1,6.03,Moderate Risk
STU1485,92.0,75.2,20,6.0,87.9,1.7,4.9,8.9,8.14,On Track
STU1486,81.9,55.4,11,4.9,82.3,1.1,4.6,5.8,6.48,Moderate Risk
STU1487,88.5,69.3,11,22.8,81.7,0.2,4.7,3.3,7.13,On Track
STU1488,90.2,77.6,11,9.2,69.3,1.9,3.0,5.0,7.66,On Track
STU1489,57.0,80.2,12,8.9,86.4,1.0,3.4,9.9,6.26,High Risk
STU1490,88.8,81.5,10,2.6,89.3,1.5,1.1,10.0,6.35,Moderate Risk
STU1491,78.0,80.0,11,0.1,72.7,0.1,10.6,7.7,6.47,Moderate Risk
STU1492,93.3,69.4,16,8.0,86.9,0.2,1.1,9.1,6.17,Moderate Risk
STU1493,69.1,79.6,14,49.3,92.3,1.3,2.3,2.4,7.61,On Track
STU1494,99.4,65.6,20,3.1,80.8,0.9,9.6,4.2,7.04,On Track
STU1495,78.0,76.0,13,25.4,79.5,0.4,2.6,5.0,7.88,On Track
STU1496,69.7,70.9,11,0.9,87.1,0.4,2.9,2.1,5.66,Moderate Risk
STU1497,85.8,76.2,18,2.1,67.3,1.5,3.1,5.0,6.81,Moderate Risk
STU1498,69.6,76.0,8,1.1,76.2,0.1,3.4,2.7,5.39,High Risk
STU1499,57.8,55.3,14,3.9,89.6,0.9,1.5,6.1,5.21,High Risk
STU1500,91.2,71.9,12,9.6,70.9,1.1,4.5,2.0,6.65,Moderate Risk
STU1501,85.9,78.6,11,2.5,74.9,0.6,4.4,4.2,7.71,On Track
STU1502,70.1,53.4,11,14.2,70.1,2.6,2.9,8.9,5.83,Moderate Risk
STU1503,94.5,76.4,9,4.7,86.2,0.1,4.2,3.7,7.47,On Track
STU1504,87.1,85.1,6,3.8,85.3,3.0,1.8,2.5,5.85,Moderate Risk
STU1505,61.5,76.6,13,9.3,70.1,1.9,7.1,4.0,6.61,Moderate Risk
STU1506,89.2,51.9,11,0.6,73.1,0.9,12.3,8.6,7.56,On Track
STU1507,85.3,56.6,10,8.9,70.2,3.9,2.4,6.7,5.84,Moderate Risk
STU1508,93.0,70.0,10,1.7,71.5,1.8,3.3,6.7,6.53,Moderate Risk
STU1509,75.4,96.3,15,2.0,87.2,4.0,1.5,2.0,7.23,On Track
STU1510,74.7,73.3,13,5.5,68.6,1.0,4.7,5.8,6.05,Moderate Risk
STU1511,79.1,64.4,10,13.9,83.1,0.9,2.4,4.1,6.3,Moderate Risk
STU1512,73.6,77.3,12,5.2,94.8,1.1,2.4,4.7,5.59,Moderate Risk
STU1513,78.2,66.6,17,6.3,82.4,0.1,4.6,6.8,6.78,Moderate Risk
STU1514,75.5,64.8,12,9.0,82.4,3.6,3.6,9.0,5.99,Moderate Risk
STU1515,79.1,68.1,6,1.8,97.2,1.7,1.9,3.5,5.38,High Risk
STU1516,82.1,71.7,15,10.5,82.6,1.4,0.6,8.1,6.82,Moderate Risk
STU1517,69.5,91.6,14,3.2,74.3,3.9,2.5,2.4,6.14,Moderate Risk
STU1518,96.6,77.5,11,1.2,66.5,7.6,1.1,4.6,6.26,Moderate Risk
STU1519,91.5,48.4,11,2.6,89.8,0.3,5.1,3.8,7.19,On Track
STU1520,80.6,79.0,13,1.7,90.3,2.1,2.8,9.3,6.52,Moderate Risk
STU1521,56.1,93.6,12,1.6,93.1,1.3,2.3,3.4,6.3,High Risk
STU1522,88.9,85.6,8,2.0,64.2,0.9,1.9,6.6,6.71,Moderate Risk
STU1523,68.2,72.7,14,1.2,67.9,5.7,3.7,3.3,5.12,High Risk
STU1524,97.2,43.4,14,6.6,85.2,2.8,2.7,5.8,7.92,On Track
STU1525,78.0,86.9,10,5.2,71.4,1.8,5.1,5.3,6.48,Moderate Risk
STU1526,67.1,82.1,15,6.3,81.3,0.7,2.8,2.3,7.16,On Track
STU1527,71.7,32.2,13,2.5,68.5,1.6,5.0,8.6,5.27,High Risk
STU1528,79.4,81.5,9,8.8,95.3,1.1,2.3,8.2,7.6,On Track
STU1529,79.6,54.5,13,0.8,72.5,0.4,3.6,4.2,6.06,Moderate Risk
STU1530,67.8,50.7,15,5.1,88.9,0.9,1.3,6.9,6.36,Moderate Risk
STU1531,83.0,68.4,15,1.9,67.2,0.4,3.0,4.9,6.64,Moderate Risk
STU1532,83.9,73.4,14,4.5,63.1,1.0,7.3,8.2,7.23,On Track
STU1533,56.2,60.8,19,2.3,88.9,1.9,1.4,7.5,5.5,High Risk
STU1534,87.2,88.2,14,9.4,84.6,0.1,4.3,2.7,8.0,On Track
STU1535,73.4,77.6,8,13.3,96.8,2.2,7.4,8.8,6.74,Moderate Risk
STU1536,68.5,58.9,15,8.1,75.4,0.0,2.0,3.4,5.55,Moderate Risk
STU1537,77.9,84.4,14,1.2,77.5,1.1,2.6,3.4,6.91,Moderate Risk
STU1538,83.0,39.5,13,1.9,98.2,1.3,2.0,7.9,6.07,Moderate Risk
STU1539,49.3,60.9,16,15.1,83.9,2.1,4.9,3.5,6.36,High Risk
STU1540,94.8,76.9,13,3.4,99.3,2.1,5.2,3.0,7.21,On Track
STU1541,63.6,67.1,16,17.0,92.7,0.8,6.4,4.7,7.82,On Track
STU1542,78.3,73.2,18,3.0,76.2,0.1,7.8,8.7,6.76,Moderate Risk
STU1543,75.8,59.5,13,18.2,75.1,1.8,1.2,3.4,6.36,Moderate Risk
STU1544,86.1,53.5,9,15.6,77.9,1.1,5.1,4.7,6.92,Moderate Risk
STU1545,87.2,82.2,12,6.5,61.2,0.6,6.6,4.3,7.69,On Track
STU1546,82.5,72.9,14,0.1,95.7,0.4,6.0,4.8,6.94,Moderate Risk
STU1547,44.0,81.5,9,3.1,85.3,0.2,1.8,7.7,5.03,High Risk
STU1548,55.9,80.9,7,14.5,87.0,0.5,5.0,5.2,6.82,High Risk
STU1549,83.2,92.8,8,13.0,70.8,0.9,5.0,8.1,7.23,On Track
STU1550,75.4,66.7,15,1.2,81.4,1.0,2.6,7.1,6.5,Moderate Risk
STU1551,80.7,52.2,9,3.1,81.0,1.3,3.7,4.9,6.09,Moderate Risk
STU1552,83.5,72.1,11,10.8,92.7,0.7,0.6,5.5,7.17,On Track
STU1553,87.0,39.1,15,5.2,81.6,3.8,4.2,7.6,5.24,High Risk
STU1554,88.8,79.0,15,11.3,84.5,1.0,3.0,6.3,6.91,Moderate Risk
STU1555,73.9,82.9,15,10.5,91.3,0.8,3.3,8.9,7.5,On Track
STU1556,74.3,55.3,12,14.3,65.2,0.1,3.1,9.5,6.8,Moderate Risk
STU1557,73.4,87.5,19,0.7,91.7,1.4,2.9,7.7,7.1,On Track
STU1558,80.3,42.1,14,0.9,45.4,1.4,1.4,9.9,3.09,High Risk
STU1559,87.0,73.1,13,0.5,94.4,1.3,2.2,6.8,6.57,Moderate Risk
STU1560,85.4,74.0,14,16.4,92.0,3.3,4.2,2.3,5.98,Moderate Risk
STU1561,96.4,94.5,13,3.9,68.4,2.2,6.2,6.0,7.5,On Track
STU1562,73.0,64.5,8,0.4,91.7,3.0,1.8,3.8,4.52,High Risk
STU1563,96.6,48.9,10,2.3,86.1,0.1,3.8,4.7,6.11,Moderate Risk
STU1564,62.1,88.1,12,2.6,81.3,0.6,3.2,5.9,6.65,Moderate Risk
STU1565,70.2,81.4,9,10.0,92.0,0.6,6.0,4.4,7.36,On Track
STU1566,49.0,87.8,7,8.0,72.1,1.6,3.0,4.5,5.1,High Risk
STU1567,66.6,77.0,11,7.0,67.3,0.9,7.2,5.2,5.87,Moderate Risk
STU1568,86.7,65.2,7,0.1,66.6,2.3,2.8,4.3,5.67,Moderate Risk
STU1569,76.8,50.3,15,14.5,79.3,0.7,2.7,3.4,5.78,Moderate Risk
STU1570,87.6,69.6,8,1.5,70.9,0.4,2.0,8.1,5.87,Moderate Risk
STU1571,80.8,55.8,13,6.0,63.3,0.5,4.8,5.2,6.58,Moderate Risk
STU1572,57.1,86.7,13,0.4,95.0,0.3,6.8,8.7,6.53,High Risk
STU1573,75.7,94.7,14,0.5,73.9,0.3,2.4,9.1,6.93,Moderate Risk
STU1574,92.1,87.7,10,0.1,97.6,0.4,2.7,8.0,7.38,On Track
STU1575,82.2,77.7,11,5.0,98.7,0.0,1.9,5.2,7.53,On Track
STU1576,79.2,76.7,13,6.0,90.3,1.9,1.1,7.8,7.37,On Track
STU1577,83.4,74.9,13,0.3,88.9,0.8,2.1,3.2,7.37,On Track
STU1578,58.9,69.4,11,2.1,62.2,0.0,2.6,7.3,5.33,High Risk
STU1579,71.3,51.3,16,11.4,52.0,0.7,5.8,5.2,6.54,Moderate Risk
STU1580,78.1,60.1,17,0.6,37.3,3.5,2.0,7.2,5.83,Moderate Risk
STU1581,69.1,81.2,14,1.5,55.2,1.1,2.7,8.0,5.35,High Risk
STU1582,72.2,39.3,12,3.3,73.5,6.5,3.5,6.5,4.42,High Risk
STU1583,90.9,70.4,18,11.1,93.4,1.2,1.6,7.1,7.26,On Track
STU1584,56.2,45.2,9,1.8,90.6,4.9,4.5,3.7,5.33,High Risk
STU1585,93.5,94.6,9,35.1,45.0,0.3,2.7,6.7,8.23,On Track
STU1586,93.1,71.2,13,2.6,81.8,0.5,2.3,5.7,7.37,On Track
STU1587,91.1,90.2,13,2.9,82.2,1.8,6.6,5.4,7.27,On Track
STU1588,45.6,84.1,9,0.8,79.9,6.5,7.0,5.3,6.0,High Risk
STU1589,69.5,73.0,20,6.8,75.6,2.6,1.8,4.5,7.24,On Track
STU1590,90.9,65.6,7,1.7,94.7,1.2,5.0,4.4,7.0,On Track
STU1591,89.9,62.1,16,5.9,79.4,0.1,8.3,7.6,6.63,Moderate Risk
STU1592,83.8,66.5,10,1.5,61.9,0.7,2.9,6.5,5.52,Moderate Risk
STU1593,73.1,82.4,10,2.9,82.4,0.1,3.7,2.2,6.69,Moderate Risk
STU1594,75.8,73.2,12,11.7,83.3,0.6,3.2,2.4,5.98,Moderate Risk
STU1595,77.0,94.1,15,8.1,92.0,0.4,5.1,6.6,7.47,On Track
STU1596,60.3,78.4,19,1.0,83.9,0.7,2.0,8.8,6.42,Moderate Risk
STU1597,80.4,37.0,9,5.6,88.2,2.7,2.0,2.4,5.55,Moderate Risk
STU1598,78.1,37.1,12,5.9,89.6,0.2,2.1,6.1,6.31,Moderate Risk
STU1599,80.4,65.7,12,0.6,89.4,0.5,1.8,8.8,5.78,Moderate Risk
STU1600,95.3,52.3,11,3.8,55.4,0.5,1.8,2.0,4.81,High Risk
STU1601,77.2,64.6,8,1.8,65.2,0.5,3.0,4.2,5.71,Moderate Risk
STU1602,79.8,72.9,10,3.8,90.3,0.7,2.5,9.4,6.85,Moderate Risk
STU1603,80.9,70.0,7,9.0,93.4,0.4,3.9,2.7,7.31,On Track
STU1604,69.0,98.6,10,1.0,67.1,4.3,2.1,6.9,5.38,High Risk
STU1605,90.3,69.9,11,0.8,82.1,0.8,3.9,6.1,6.33,Moderate Risk
STU1606,85.9,82.0,19,1.9,59.4,0.2,3.2,3.2,6.47,Moderate Risk
STU1607,93.4,69.0,13,18.3,89.0,0.9,8.3,2.3,8.54,High Achiever
STU1608,83.3,72.0,12,8.3,79.5,0.3,3.1,6.0,7.35,On Track
STU1609,97.8,65.9,8,0.1,57.7,0.4,4.1,7.9,6.85,Moderate Risk
STU1610,96.5,82.0,16,3.1,78.3,0.5,1.6,3.4,6.78,Moderate Risk
STU1611,83.7,75.3,10,1.8,96.1,0.2,1.8,7.5,6.65,Moderate Risk
STU1612,96.1,83.5,16,6.1,56.9,1.9,7.5,6.4,7.45,On Track
STU1613,80.5,53.7,5,3.7,75.1,2.4,4.5,4.9,6.04,Moderate Risk
STU1614,69.1,60.7,11,20.0,95.0,0.8,4.1,7.3,5.93,Moderate Risk
STU1615,56.1,83.0,10,1.5,84.9,1.8,3.0,3.5,5.61,High Risk
STU1616,89.7,88.6,6,5.3,83.7,0.7,3.3,5.7,7.16,On Track
STU1617,86.0,63.9,12,7.2,84.3,0.3,2.9,6.4,6.26,Moderate Risk
STU1618,92.8,88.3,11,10.5,80.8,0.8,4.4,5.7,7.61,On Track
STU1619,88.1,53.8,9,3.1,74.7,1.2,3.2,5.2,6.21,Moderate Risk
STU1620,54.7,68.1,10,7.0,87.9,0.1,4.9,7.9,6.6,High Risk
STU1621,68.2,84.0,13,2.2,68.1,1.6,1.9,7.2,6.47,Moderate Risk
STU1622,86.6,87.9,11,3.4,63.8,2.0,3.1,7.1,6.33,Moderate Risk
STU1623,97.9,77.2,17,13.6,92.5,2.9,1.4,9.1,6.55,Moderate Risk
STU1624,98.0,38.1,12,18.0,74.3,0.2,5.7,9.9,7.4,On Track
STU1625,84.6,59.3,12,7.6,90.3,0.0,4.2,6.5,8.06,On Track
STU1626,79.0,74.8,13,2.8,74.0,0.1,1.1,4.8,6.42,Moderate Risk
STU1627,60.0,76.0,12,10.3,83.6,3.9,4.0,8.2,5.23,High Risk
STU1628,81.8,73.7,17,0.2,88.1,2.2,2.9,3.1,6.05,Moderate Risk
STU1629,72.5,71.3,11,0.7,69.4,2.7,5.8,6.1,5.14,High Risk
STU1630,95.8,85.1,14,6.5,86.7,1.1,5.5,6.2,8.33,On Track
STU1631,68.2,85.1,12,2.1,88.5,1.1,6.7,9.9,6.96,Moderate Risk
STU1632,74.4,82.5,13,18.1,90.3,0.5,5.0,9.9,7.02,On Track
STU1633,94.3,74.2,8,3.4,86.9,2.8,3.0,8.4,7.51,On Track
STU1634,59.0,66.4,10,3.4,93.3,2.7,3.7,5.8,6.03,High Risk
STU1635,87.2,64.2,8,6.8,51.1,0.7,2.3,6.4,6.68,Moderate Risk
STU1636,74.8,64.3,12,8.8,62.1,0.6,2.7,4.6,5.78,Moderate Risk
STU1637,87.2,70.7,19,3.9,43.9,2.0,4.6,8.6,6.82,Moderate Risk
STU1638,93.7,73.9,11,1.4,57.9,0.0,1.4,8.0,6.15,Moderate Risk
STU1639,77.0,83.1,11,8.9,73.6,2.9,4.0,8.2,6.25,Moderate Risk
STU1640,70.3,78.6,10,2.3,59.0,0.9,4.4,3.1,5.62,Moderate Risk
STU1641,55.2,67.5,8,1.2,73.6,0.9,4.8,5.2,4.92,High Risk
STU1642,89.3,51.2,4,6.0,94.9,1.7,2.2,6.3,6.39,Moderate Risk
STU1643,65.0,49.8,9,0.6,84.9,1.6,7.3,3.0,5.13,High Risk
STU1644,95.7,60.3,10,21.3,90.6,0.5,4.4,4.9,7.61,On Track
STU1645,74.0,64.2,14,6.0,97.3,4.3,5.6,2.7,7.37,On Track
STU1646,85.3,87.0,13,25.6,80.0,6.4,1.4,9.7,7.13,On Track
STU1647,52.9,62.5,9,2.5,82.8,1.1,1.0,8.0,4.34,High Risk
STU1648,79.0,61.1,8,21.3,91.7,1.2,1.3,7.0,6.21,Moderate Risk
STU1649,89.7,40.5,13,0.9,62.6,1.2,3.4,3.6,5.48,High Risk
STU1650,73.1,77.5,7,0.2,91.3,1.0,4.9,4.7,5.78,Moderate Risk
STU1651,71.2,58.9,11,0.2,71.1,4.4,2.6,3.2,4.95,High Risk
STU1652,74.1,76.4,12,3.8,80.9,0.4,2.7,6.3,7.01,On Track
STU1653,73.5,72.8,11,0.5,76.3,0.2,0.7,8.6,6.1,Moderate Risk
STU1654,82.3,80.3,12,4.3,65.0,4.0,2.7,2.2,5.85,Moderate Risk
STU1655,79.2,85.8,9,2.4,89.3,0.4,2.7,2.8,6.48,Moderate Risk
STU1656,41.6,66.4,12,2.5,84.5,2.1,1.9,3.8,5.12,High Risk
STU1657,87.6,79.3,16,6.1,79.1,0.3,2.3,7.7,7.03,On Track
STU1658,79.0,74.0,8,1.1,65.6,4.8,6.7,9.2,6.26,Moderate Risk
STU1659,83.6,88.2,11,8.7,84.8,2.3,3.5,8.0,7.78,On Track
STU1660,75.6,48.4,9,5.2,75.1,3.8,3.2,6.2,5.47,High Risk
STU1661,90.4,70.9,10,14.8,74.9,4.5,2.3,2.8,6.16,Moderate Risk
STU1662,53.3,81.1,14,2.7,52.2,0.1,3.9,8.0,5.69,High Risk
STU1663,94.9,77.6,14,24.3,55.0,0.9,10.2,2.8,8.11,On Track
STU1664,85.6,65.0,16,5.1,81.8,1.6,4.7,4.8,6.68,Moderate Risk
STU1665,69.8,75.3,14,21.8,73.1,2.4,2.6,4.5,7.07,On Track
STU1666,73.6,75.0,14,0.2,46.3,0.4,2.9,4.9,5.5,Moderate Risk
STU1667,82.6,61.0,13,7.8,55.9,3.7,5.3,4.6,6.13,Moderate Risk
STU1668,89.2,56.9,11,10.2,82.9,0.4,9.4,8.2,6.77,Moderate Risk
STU1669,80.1,79.5,13,0.3,70.7,3.0,1.3,3.4,5.99,Moderate Risk
STU1670,94.1,81.1,11,5.2,95.4,1.1,3.1,8.8,7.32,On Track
STU1671,80.4,71.2,11,9.7,80.1,1.1,2.8,8.9,6.38,Moderate Risk
STU1672,80.0,87.7,12,4.9,59.1,0.7,5.3,5.9,6.66,Moderate Risk
STU1673,56.3,67.8,12,0.4,94.9,0.2,3.1,2.8,5.27,High Risk
STU1674,93.9,82.4,12,7.1,74.1,0.6,5.7,6.6,7.74,On Track
STU1675,84.9,48.0,18,0.4,95.4,0.8,1.1,8.6,6.09,Moderate Risk
STU1676,79.2,79.3,20,10.2,86.0,1.0,4.2,4.3,6.28,Moderate Risk
STU1677,72.6,67.9,12,0.3,58.6,2.0,5.3,8.7,6.22,Moderate Risk
STU1678,58.7,67.2,12,0.9,91.4,0.7,1.0,7.4,6.2,High Risk
STU1679,88.7,49.0,16,1.9,81.4,0.8,4.2,9.9,6.69,Moderate Risk
STU1680,82.0,61.7,12,6.0,76.9,3.5,1.5,8.6,5.67,Moderate Risk
STU1681,68.0,57.0,10,22.5,73.0,2.1,2.9,3.6,6.53,Moderate Risk
STU1682,74.7,77.6,14,0.8,79.9,0.0,2.7,5.6,6.34,Moderate Risk
STU1683,72.9,71.4,13,0.9,85.5,2.5,1.5,2.8,6.1,Moderate Risk
STU1684,84.0,82.8,11,2.8,81.2,6.9,3.4,2.6,5.04,High Risk
STU1685,87.8,68.5,14,10.9,97.7,4.2,2.7,7.6,7.54,On Track
STU1686,72.6,85.9,8,3.8,90.4,2.7,2.3,9.3,6.53,Moderate Risk
STU1687,77.4,58.4,9,2.3,92.3,1.5,7.9,9.8,6.39,Moderate Risk
STU1688,93.8,99.1,10,4.9,90.0,0.5,5.3,4.2,8.94,High Achiever
STU1689,74.0,59.3,8,1.8,95.3,1.6,3.9,3.6,5.9,Moderate Risk
STU1690,58.6,87.3,10,3.1,62.5,1.8,2.6,6.5,5.84,High Risk
STU1691,72.9,88.1,12,2.4,89.4,0.5,1.1,3.6,6.31,Moderate Risk
STU1692,58.0,80.7,14,9.8,52.9,0.4,2.0,4.4,5.83,High Risk
STU1693,93.9,50.2,14,15.5,83.3,0.8,2.1,8.7,6.89,Moderate Risk
STU1694,63.7,56.6,13,8.6,97.6,1.5,7.4,8.5,6.7,Moderate Risk
STU1695,96.9,90.4,14,3.5,87.4,0.5,1.0,9.2,7.05,On Track
STU1696,55.9,67.5,9,4.2,61.6,1.2,2.5,5.9,5.13,High Risk
STU1697,81.8,69.2,11,0.8,89.2,3.4,4.2,6.5,6.98,Moderate Risk
STU1698,80.6,86.8,11,8.2,79.9,0.5,3.5,8.2,6.68,Moderate Risk
STU1699,85.5,37.5,9,5.4,89.9,5.1,2.6,3.9,5.36,High Risk
STU1700,82.0,77.1,14,14.0,69.7,1.0,1.8,8.6,6.31,Moderate Risk
STU1701,76.3,84.4,14,1.3,89.1,0.2,4.1,2.1,7.52,On Track
STU1702,74.9,68.2,13,8.6,95.6,0.1,2.8,8.4,6.18,Moderate Risk
STU1703,88.5,60.4,12,6.9,89.0,0.6,7.4,8.2,7.06,On Track
STU1704,85.6,64.7,10,1.9,94.3,0.4,3.2,4.4,6.9,Moderate Risk
STU1705,75.2,62.9,5,6.6,96.1,2.8,8.0,7.8,6.42,Moderate Risk
STU1706,91.6,82.8,11,15.5,64.0,2.0,3.6,3.7,7.43,On Track
STU1707,81.1,73.8,13,15.0,82.8,3.2,2.4,6.6,6.35,Moderate Risk
STU1708,75.1,23.6,12,7.6,86.5,1.3,2.3,7.6,5.6,Moderate Risk
STU1709,90.7,68.7,10,0.3,97.8,0.9,3.1,7.7,6.68,Moderate Risk
STU1710,86.8,59.6,12,12.3,95.6,0.5,1.9,9.9,6.67,Moderate Risk
STU1711,78.1,82.7,14,6.4,82.0,1.3,1.8,3.5,6.59,Moderate Risk
STU1712,61.4,71.6,11,2.2,80.3,1.4,5.2,5.8,6.47,Moderate Risk
STU1713,85.2,71.5,14,1.2,87.8,0.7,4.0,9.0,6.67,Moderate Risk
STU1714,53.4,68.9,14,0.7,93.7,4.1,1.7,6.5,4.76,High Risk
STU1715,71.1,82.4,9,0.3,79.1,1.5,4.5,9.0,6.13,Moderate Risk
STU1716,79.4,56.7,16,8.4,84.8,2.7,2.7,5.5,5.62,Moderate Risk
STU1717,86.9,74.9,12,1.6,78.2,1.5,4.0,8.4,7.51,On Track
STU1718,78.7,85.4,10,0.1,72.6,0.6,4.2,9.0,6.35,Moderate Risk
STU1719,96.4,77.3,16,3.0,74.5,2.0,2.1,8.8,6.76,Moderate Risk
STU1720,59.1,61.9,12,4.0,75.1,0.4,8.6,9.0,4.88,High Risk
STU1721,63.2,69.9,7,1.1,77.8,1.4,2.2,3.8,5.21,High Risk
STU1722,72.9,68.9,13,0.3,72.3,0.8,4.2,5.5,6.32,Moderate Risk
STU1723,75.2,76.4,9,1.3,66.4,0.2,2.0,3.4,5.54,Moderate Risk
STU1724,79.0,97.2,14,6.8,94.4,0.8,2.8,3.4,7.09,On Track
STU1725,98.7,58.0,6,0.5,90.1,0.6,2.9,5.9,7.11,On Track
STU1726,72.8,46.6,5,4.9,72.7,0.2,5.2,9.7,4.85,High Risk
STU1727,52.7,65.0,13,0.9,62.9,2.6,3.6,6.7,4.05,High Risk
STU1728,78.3,66.7,14,1.3,64.9,1.0,4.7,8.8,6.47,Moderate Risk
STU1729,70.3,77.3,7,3.0,92.1,0.6,3.4,9.5,5.41,High Risk
STU1730,93.5,84.9,15,0.6,82.6,1.1,6.0,2.7,7.32,On Track
STU1731,75.6,84.1,9,1.1,70.5,2.1,4.3,3.3,5.9,Moderate Risk
STU1732,64.6,36.2,14,2.6,95.3,0.0,3.7,4.3,5.67,Moderate Risk
STU1733,61.9,57.9,8,2.4,51.5,1.2,4.0,6.9,4.8,High Risk
STU1734,80.0,47.1,7,8.3,82.0,1.0,1.2,2.5,5.49,High Risk
STU1735,76.1,87.9,13,0.5,97.3,3.4,1.6,8.3,5.34,High Risk
STU1736,77.7,55.6,7,11.8,49.7,1.2,0.9,2.5,5.42,High Risk
STU1737,66.0,84.5,15,10.2,77.8,0.2,3.7,3.3,7.23,On Track
STU1738,83.1,89.2,6,8.7,77.2,0.7,3.3,5.1,6.17,Moderate Risk
STU1739,93.0,52.3,12,2.2,93.7,1.5,5.6,6.5,7.28,On Track
STU1740,50.5,64.7,13,10.4,93.3,0.1,0.5,9.1,5.94,High Risk
STU1741,62.8,69.0,7,1.2,62.3,3.2,3.2,9.7,5.08,High Risk
STU1742,74.1,86.7,14,0.8,83.4,0.1,1.3,9.1,6.04,Moderate Risk
STU1743,92.1,50.5,13,0.3,81.6,0.0,3.7,2.9,5.92,Moderate Risk
STU1744,94.5,86.3,15,16.8,53.5,0.0,3.9,7.0,8.43,On Track
STU1745,66.5,64.6,10,2.2,68.4,1.7,4.6,5.5,5.6,Moderate Risk
STU1746,95.6,75.4,13,15.0,95.4,0.9,1.7,3.0,6.92,Moderate Risk
STU1747,95.6,93.5,13,1.9,84.0,0.2,1.1,6.4,7.91,On Track
STU1748,86.8,74.9,9,14.3,91.2,2.9,4.4,4.9,7.17,On Track
STU1749,78.2,59.2,8,14.1,73.5,0.3,2.1,4.8,5.96,Moderate Risk
STU1750,77.3,73.3,7,15.4,87.4,0.6,2.0,2.8,7.01,On Track
STU1751,76.1,70.6,8,4.1,75.5,0.3,3.2,9.8,6.71,Moderate Risk
STU1752,63.9,68.7,12,12.1,91.7,3.9,1.4,7.8,5.59,Moderate Risk
STU1753,67.5,82.7,13,18.1,85.0,2.1,4.3,4.2,7.57,On Track
STU1754,68.7,79.2,6,2.4,89.2,1.9,1.6,9.3,5.48,High Risk
STU1755,68.2,77.7,11,3.3,84.8,0.1,1.8,9.6,6.48,Moderate Risk
STU1756,55.7,52.5,11,7.6,83.8,1.1,2.5,8.5,4.87,High Risk
STU1757,94.9,91.1,9,2.1,67.3,1.3,1.7,7.3,7.28,On Track
STU1758,74.6,72.8,11,8.4,78.2,0.7,5.0,5.0,7.88,On Track
STU1759,61.9,83.0,9,0.5,64.7,0.6,4.8,5.5,5.62,Moderate Risk
STU1760,48.8,53.2,16,4.4,58.2,2.9,3.4,5.6,4.08,High Risk
STU1761,88.4,92.6,17,0.8,91.9,0.0,2.0,9.6,7.26,On Track
STU1762,68.7,67.9,12,2.1,76.0,1.5,1.8,8.1,5.07,High Risk
STU1763,78.5,87.6,13,1.8,70.2,0.8,3.7,4.3,7.47,On Track
STU1764,62.3,74.2,14,11.0,91.2,1.6,1.8,7.0,6.22,Moderate Risk
STU1765,84.1,53.8,10,1.3,79.8,0.3,2.2,6.8,5.93,Moderate Risk
STU1766,80.4,83.2,14,9.9,94.3,0.4,1.2,8.5,6.86,Moderate Risk
STU1767,44.6,48.2,12,9.5,65.9,1.3,3.2,2.8,5.06,High Risk
STU1768,88.1,73.9,18,4.1,81.8,5.9,1.8,7.6,6.76,Moderate Risk
STU1769,90.4,86.8,4,1.6,82.7,5.5,2.8,4.6,6.55,Moderate Risk
STU1770,76.2,48.5,6,1.5,63.5,0.4,1.9,3.0,5.29,High Risk
STU1771,70.4,62.6,12,3.8,86.6,0.2,4.9,7.9,6.09,Moderate Risk
STU1772,89.3,92.4,9,0.1,82.8,1.3,3.7,4.7,7.12,On Track
STU1773,81.4,67.4,10,4.5,85.0,0.8,1.4,7.8,5.65,Moderate Risk
STU1774,77.2,83.1,17,18.3,92.3,2.2,5.2,3.3,7.67,On Track
STU1775,71.6,83.9,14,1.0,91.9,1.1,2.6,9.9,6.69,Moderate Risk
STU1776,79.2,91.9,5,5.1,64.0,1.1,5.3,8.4,6.81,Moderate Risk
STU1777,93.6,74.1,17,19.6,52.2,1.6,3.4,4.3,8.13,On Track
STU1778,83.4,76.1,6,11.8,80.5,0.2,2.6,7.9,6.71,Moderate Risk
STU1779,60.1,55.8,14,11.4,84.7,1.7,1.2,3.1,5.04,High Risk
STU1780,76.6,87.2,10,10.4,80.4,1.0,1.3,7.2,6.78,Moderate Risk
STU1781,79.1,85.5,11,2.2,64.7,2.6,5.9,2.5,6.06,Moderate Risk
STU1782,77.6,69.2,7,13.3,92.4,0.2,1.8,4.7,6.72,Moderate Risk
STU1783,73.7,84.9,12,17.0,82.0,0.5,5.0,9.8,7.91,On Track
STU1784,75.7,88.9,15,4.1,86.3,4.5,5.3,3.0,6.7,Moderate Risk
STU1785,49.2,74.9,9,2.6,66.0,1.2,4.2,6.8,5.95,High Risk
STU1786,80.1,77.4,12,3.2,54.3,4.0,1.2,2.6,4.67,High Risk
STU1787,66.5,68.2,6,2.4,66.4,1.8,2.1,7.4,5.58,Moderate Risk
STU1788,56.8,76.1,5,1.4,71.2,3.9,7.7,4.2,5.71,High Risk
STU1789,88.4,41.8,10,5.8,82.7,0.6,6.7,4.5,5.96,Moderate Risk
STU1790,89.6,72.4,12,5.0,83.0,0.1,1.7,4.7,6.69,Moderate Risk
STU1791,73.0,37.9,12,3.7,75.4,2.4,2.5,3.6,4.81,High Risk
STU1792,95.2,63.8,20,0.6,84.6,2.4,5.0,9.5,7.12,On Track
STU1793,92.2,94.1,19,9.6,90.8,1.4,1.0,9.2,7.18,On Track
STU1794,83.1,66.7,12,1.2,90.8,1.3,4.8,9.0,6.45,Moderate Risk
STU1795,68.1,80.8,6,0.7,86.0,3.7,3.4,2.9,5.1,High Risk
STU1796,78.2,67.9,15,5.9,87.0,0.3,12.1,3.9,6.85,Moderate Risk
STU1797,69.4,82.5,13,3.1,88.3,1.4,5.5,6.9,7.53,On Track
STU1798,85.7,81.2,11,0.4,84.2,0.1,0.9,9.8,6.07,Moderate Risk
STU1799,68.1,83.8,16,2.6,74.3,0.2,4.5,6.8,6.07,Moderate Risk
STU1800,71.8,38.8,9,8.9,90.9,0.9,6.2,4.6,5.88,Moderate Risk
STU1801,82.7,65.2,20,5.7,83.6,2.6,3.9,8.5,7.3,On Track
STU1802,93.9,84.5,16,2.7,91.0,2.0,3.8,3.1,7.58,On Track
STU1803,61.9,51.9,10,1.3,74.4,5.5,3.8,9.1,4.5,High Risk
STU1804,56.4,68.7,14,6.0,79.8,0.1,5.4,9.8,5.57,High Risk
STU1805,74.5,50.5,13,13.1,79.7,0.7,3.7,9.7,6.9,Moderate Risk
STU1806,81.9,83.2,16,6.2,85.6,0.3,3.1,3.2,7.55,On Track
STU1807,84.8,66.7,13,10.1,89.2,0.1,3.9,6.4,5.96,Moderate Risk
STU1808,71.3,18.4,10,4.4,79.8,0.5,1.2,6.7,5.76,Moderate Risk
STU1809,90.5,85.2,11,7.6,65.0,0.4,3.2,3.6,7.33,On Track
STU1810,71.2,91.2,12,13.6,77.4,0.8,2.4,6.4,7.06,On Track
STU1811,61.5,61.3,13,8.9,55.2,0.2,5.5,7.2,6.28,Moderate Risk
STU1812,63.6,78.5,13,14.4,91.1,1.0,1.8,4.6,6.0,Moderate Risk
STU1813,79.6,56.8,6,3.4,94.1,3.8,3.1,4.5,5.66,Moderate Risk
STU1814,76.5,61.4,18,14.1,88.6,2.1,1.9,2.5,6.07,Moderate Risk
STU1815,88.9,79.8,13,5.8,84.7,2.8,3.8,9.7,6.62,Moderate Risk
STU1816,58.9,60.6,10,12.2,86.9,2.5,7.4,8.4,6.65,High Risk
STU1817,67.7,76.8,12,0.2,81.7,0.7,4.5,8.1,6.08,Moderate Risk
STU1818,79.0,48.7,10,6.4,85.0,1.9,4.6,2.2,6.11,Moderate Risk
STU1819,89.4,87.9,12,11.3,83.1,2.1,1.5,7.0,7.58,On Track
STU1820,85.5,63.9,18,1.1,83.3,0.3,3.7,3.4,6.54,Moderate Risk
STU1821,92.8,56.0,10,6.5,71.3,3.0,2.2,7.3,6.07,Moderate Risk
STU1822,64.7,62.0,13,10.5,90.4,0.9,2.8,7.0,5.49,High Risk
STU1823,92.5,68.3,7,2.0,97.8,0.0,2.5,8.8,5.75,Moderate Risk
STU1824,77.3,63.5,10,3.1,70.8,1.5,1.8,4.0,6.06,Moderate Risk
STU1825,79.6,80.1,7,5.1,96.9,1.7,3.5,2.2,6.84,Moderate Risk
STU1826,66.5,77.9,13,4.4,75.5,1.2,3.8,9.3,5.76,Moderate Risk
STU1827,96.1,58.2,8,0.2,85.2,0.4,5.1,9.3,7.47,On Track
STU1828,67.4,66.8,12,0.6,84.7,1.0,5.7,5.6,6.13,Moderate Risk
STU1829,73.8,90.9,14,0.6,66.6,0.8,4.3,2.6,6.49,Moderate Risk
STU1830,72.0,82.7,18,1.8,78.7,5.5,1.5,6.0,5.83,Moderate Risk
STU1831,83.1,41.2,11,1.7,93.9,2.6,2.2,6.2,5.92,Moderate Risk
STU1832,60.6,41.4,11,8.1,75.1,2.2,3.2,8.6,5.62,Moderate Risk
STU1833,92.1,63.2,14,5.1,93.2,0.3,5.6,7.7,7.11,On Track
STU1834,76.3,70.4,14,8.7,97.5,0.6,3.9,2.6,7.01,On Track
STU1835,96.6,61.6,20,0.4,75.8,0.7,5.2,7.6,6.7,Moderate Risk
STU1836,79.8,52.6,10,4.0,81.3,1.0,6.3,3.1,6.73,Moderate Risk
STU1837,84.4,43.7,13,2.3,86.6,0.0,6.0,2.7,7.72,On Track
STU1838,68.8,85.6,12,11.4,79.3,1.3,1.9,5.2,6.8,Moderate Risk
STU1839,91.3,75.5,16,7.4,70.0,0.7,1.6,2.6,6.61,Moderate Risk
STU1840,96.3,79.3,15,12.2,92.5,1.2,4.3,8.6,7.91,On Track
STU1841,31.2,57.3,11,0.3,82.1,0.0,5.4,5.7,5.12,High Risk
STU1842,82.0,91.1,14,7.7,64.0,0.6,1.2,6.7,5.76,Moderate Risk
STU1843,75.6,66.2,10,4.7,90.9,2.2,2.9,6.6,6.02,Moderate Risk
STU1844,68.6,75.7,9,10.5,83.1,1.0,5.3,9.8,6.56,Moderate Risk
STU1845,74.7,65.5,14,4.2,75.6,2.3,1.8,9.3,5.13,High Risk
STU1846,76.0,72.0,15,4.7,96.7,1.8,3.5,8.8,6.45,Moderate Risk
STU1847,72.7,90.5,12,0.3,51.3,2.9,4.0,5.1,6.25,Moderate Risk
STU1848,88.9,74.6,13,6.6,97.7,0.0,1.1,3.2,7.53,On Track
STU1849,80.4,75.7,12,1.9,48.4,0.5,4.8,6.7,6.17,Moderate Risk
STU1850,93.9,55.6,12,0.1,94.4,1.2,5.2,5.5,6.3,Moderate Risk
STU1851,76.9,88.8,14,0.4,62.1,4.2,3.4,3.8,6.76,Moderate Risk
STU1852,85.7,77.5,11,18.9,81.5,1.7,1.0,2.8,6.85,Moderate Risk
STU1853,62.1,60.8,9,2.5,78.3,0.9,2.3,5.5,4.77,High Risk
STU1854,72.7,67.3,6,12.2,59.3,0.2,5.5,7.2,6.96,Moderate Risk
STU1855,60.1,80.0,14,19.3,81.1,1.0,2.0,7.0,6.68,Moderate Risk
STU1856,78.1,85.3,10,17.2,71.9,0.9,6.1,8.2,7.69,On Track
STU1857,84.7,85.8,10,12.8,92.1,2.3,3.0,5.7,6.67,Moderate Risk
STU1858,74.7,56.1,12,13.5,61.0,0.8,4.8,4.6,6.57,Moderate Risk
STU1859,60.0,71.0,15,2.0,91.0,0.6,1.7,6.3,5.27,High Risk
STU1860,73.9,78.6,15,1.0,91.3,0.1,7.4,9.8,6.7,Moderate Risk
STU1861,79.3,59.1,7,6.1,82.2,0.1,2.2,2.4,5.46,High Risk
STU1862,62.3,84.3,19,4.0,80.1,0.9,2.8,6.2,6.39,Moderate Risk
STU1863,77.4,90.9,13,0.6,89.2,0.6,2.7,4.6,6.42,Moderate Risk
STU1864,60.5,63.6,7,6.8,96.2,1.2,0.6,2.8,5.55,Moderate Risk
STU1865,75.5,58.4,8,5.0,90.5,1.9,2.9,5.5,6.05,Moderate Risk
STU1866,79.3,75.7,6,11.9,66.0,0.1,1.9,7.1,7.35,On Track
STU1867,66.8,70.6,11,5.6,73.0,1.0,3.4,6.2,5.8,Moderate Risk
STU1868,86.6,58.6,9,5.1,65.2,3.0,3.9,2.2,5.83,Moderate Risk
STU1869,41.5,65.5,10,3.5,78.1,0.9,2.0,6.6,4.77,High Risk
STU1870,79.9,68.2,12,3.7,89.9,1.1,2.0,3.9,6.8,Moderate Risk
STU1871,74.6,52.1,9,18.5,90.7,1.0,2.2,4.7,6.11,Moderate Risk
STU1872,85.6,72.8,14,0.9,71.1,0.7,3.5,4.5,6.99,Moderate Risk
STU1873,86.5,63.9,13,3.5,70.4,0.2,2.6,8.9,6.68,Moderate Risk
STU1874,84.7,63.5,8,6.4,83.0,0.2,2.0,2.4,4.76,High Risk
STU1875,89.4,53.3,10,3.4,60.2,0.3,2.5,4.8,6.43,Moderate Risk
STU1876,57.0,51.1,10,2.0,70.6,2.4,5.5,5.2,5.2,High Risk
STU1877,68.6,71.5,10,2.0,74.4,0.5,3.4,7.0,5.54,Moderate Risk
STU1878,69.2,91.0,9,1.6,92.0,4.4,2.4,8.3,5.41,High Risk
STU1879,93.8,29.8,12,2.5,80.7,2.5,6.2,7.8,5.85,Moderate Risk
STU1880,84.4,70.1,12,12.3,84.4,1.7,4.2,8.0,6.42,Moderate Risk
STU1881,56.9,71.1,14,4.2,96.0,1.9,1.1,3.5,5.01,High Risk
STU1882,83.5,74.0,10,1.6,72.6,0.1,4.7,9.3,7.2,On Track
STU1883,79.7,59.7,15,2.9,78.4,1.3,7.7,5.3,6.7,Moderate Risk
STU1884,76.7,67.7,9,0.7,84.0,4.2,4.9,2.1,5.82,Moderate Risk
STU1885,56.5,78.5,16,14.1,61.1,0.1,2.2,7.3,6.87,High Risk
STU1886,63.5,83.7,10,3.1,60.8,0.5,3.0,6.8,6.36,Moderate Risk
STU1887,93.6,65.8,13,23.6,71.1,0.1,1.0,3.0,7.83,On Track
STU1888,97.5,82.5,17,2.6,68.0,1.3,4.6,9.7,7.69,On Track
STU1889,75.9,79.1,15,10.9,83.9,0.2,2.8,6.5,6.74,Moderate Risk
STU1890,82.8,78.4,13,1.8,91.8,1.0,2.1,5.8,7.28,On Track
STU1891,80.0,64.0,11,0.5,79.4,1.9,2.9,5.2,6.34,Moderate Risk
STU1892,72.6,51.7,16,0.2,88.7,0.3,1.1,3.7,6.14,Moderate Risk
STU1893,75.0,85.8,13,5.6,66.5,2.1,1.2,9.6,7.08,On Track
STU1894,60.2,53.8,7,2.2,59.5,0.1,1.5,7.6,4.76,High Risk
STU1895,91.5,75.8,7,3.5,75.3,0.2,0.6,6.5,5.58,Moderate Risk
STU1896,55.0,86.2,6,10.2,78.9,0.5,2.3,7.0,5.97,High Risk
STU1897,96.9,66.7,11,1.7,95.2,2.4,1.7,8.7,5.49,High Risk
STU1898,43.5,88.7,13,2.2,66.3,2.8,5.6,7.1,5.37,High Risk
STU1899,94.9,62.6,4,11.2,78.7,0.4,1.6,2.9,6.33,Moderate Risk
STU1900,69.1,78.0,5,4.1,91.8,0.2,4.3,7.6,6.0,Moderate Risk
STU1901,48.3,61.6,12,10.5,77.1,2.8,1.9,6.5,5.8,High Risk
STU1902,89.9,78.2,15,2.8,89.8,1.6,3.5,9.7,6.93,Moderate Risk
STU1903,80.0,55.1,11,3.0,65.9,0.3,6.4,7.9,6.47,Moderate Risk
STU1904,80.4,76.8,11,1.1,92.6,1.2,1.5,4.8,6.78,Moderate Risk
STU1905,83.7,64.6,9,14.9,93.7,3.1,6.9,3.1,6.92,Moderate Risk
STU1906,77.9,78.5,14,13.6,84.9,0.1,4.7,5.9,8.01,On Track
STU1907,60.2,58.0,9,24.9,81.8,0.1,3.9,7.4,5.94,Moderate Risk
STU1908,73.3,83.0,12,3.1,81.0,0.5,3.4,3.4,6.57,Moderate Risk
STU1909,76.8,57.0,7,10.2,71.0,1.6,3.0,7.2,6.38,Moderate Risk
STU1910,52.7,94.3,10,3.2,88.9,0.3,5.3,8.6,7.14,High Risk
STU1911,84.6,70.1,12,3.6,84.3,2.5,3.0,3.3,6.19,Moderate Risk
STU1912,73.3,67.8,11,10.6,75.8,2.1,2.7,7.6,6.79,Moderate Risk
STU1913,43.2,61.4,13,1.2,84.8,1.2,4.4,2.5,5.33,High Risk
STU1914,79.7,70.2,13,1.5,69.7,0.2,1.9,2.1,5.35,High Risk
STU1915,73.8,53.9,11,2.3,86.8,6.7,8.0,2.3,5.85,Moderate Risk
STU1916,60.7,74.6,14,9.3,68.5,1.0,3.8,7.1,6.11,Moderate Risk
STU1917,67.8,71.3,11,2.8,81.7,0.9,2.8,9.8,5.67,Moderate Risk
STU1918,56.2,72.4,13,2.7,84.2,8.1,2.8,8.2,5.03,High Risk
STU1919,65.6,65.0,14,40.4,96.3,3.0,2.6,4.0,5.84,Moderate Risk
STU1920,52.3,82.2,8,2.9,97.4,0.9,4.1,2.6,6.04,High Risk
STU1921,73.2,93.7,10,1.7,44.7,0.8,3.5,6.9,5.66,Moderate Risk
STU1922,69.7,69.7,14,5.9,90.3,0.2,2.9,2.0,6.5,Moderate Risk
STU1923,56.5,77.2,12,9.7,63.2,3.9,6.0,8.3,5.63,High Risk
STU1924,92.8,63.2,14,0.4,71.2,2.8,6.6,3.9,6.95,Moderate Risk
STU1925,66.0,66.0,11,5.8,81.5,0.6,1.6,4.4,5.26,High Risk
STU1926,94.8,71.4,16,0.2,85.9,2.1,2.8,4.8,6.55,Moderate Risk
STU1927,69.5,87.8,13,4.5,66.5,2.2,2.4,8.1,6.17,Moderate Risk
STU1928,90.2,65.6,11,1.8,87.8,0.4,2.2,4.1,7.15,On Track
STU1929,88.7,40.1,17,2.2,80.7,1.4,2.4,4.3,5.77,Moderate Risk
STU1930,91.5,60.3,19,3.8,77.4,0.4,1.6,6.3,6.66,Moderate Risk
STU1931,85.2,96.8,3,15.7,75.4,2.3,4.8,5.7,7.01,On Track
STU1932,72.8,83.7,10,7.4,69.8,0.3,2.8,9.6,6.01,Moderate Risk
STU1933,88.5,47.3,11,16.6,92.3,1.7,3.3,4.1,6.48,Moderate Risk
STU1934,92.5,83.1,12,6.5,71.6,0.6,4.8,2.7,7.6,On Track
STU1935,77.7,56.6,15,0.0,74.7,0.1,1.6,6.3,6.86,Moderate Risk
STU1936,76.1,86.5,9,1.9,60.3,0.2,3.5,3.5,7.09,On Track
STU1937,61.8,82.2,10,14.2,96.5,1.6,1.3,5.3,6.74,Moderate Risk
STU1938,90.4,70.3,12,6.2,70.3,0.4,1.3,3.5,5.78,Moderate Risk
STU1939,41.5,90.1,11,24.0,87.2,1.5,3.1,9.0,6.34,High Risk
STU1940,74.3,70.9,23,1.0,79.2,0.8,3.0,4.6,5.73,Moderate Risk
STU1941,63.6,67.2,15,2.1,36.6,1.8,1.6,8.2,5.28,High Risk
STU1942,81.7,73.8,11,2.7,85.5,1.0,5.6,9.6,6.58,Moderate Risk
STU1943,72.9,78.9,9,2.4,92.7,0.6,0.7,9.5,5.95,Moderate Risk
STU1944,62.9,81.5,8,1.7,87.0,0.2,1.6,6.2,6.13,Moderate Risk
STU1945,74.6,63.7,15,3.5,76.0,0.6,2.4,9.9,6.68,Moderate Risk
STU1946,73.6,54.7,11,6.2,83.3,1.5,2.1,7.2,4.97,High Risk
STU1947,86.7,91.6,6,2.2,89.8,2.0,1.5,3.0,6.0,Moderate Risk
STU1948,84.4,84.3,8,0.5,77.5,0.3,9.0,9.1,7.13,On Track
STU1949,92.7,75.0,16,7.4,80.4,1.6,4.9,5.7,6.85,Moderate Risk
STU1950,70.3,56.0,11,3.7,86.1,0.3,2.7,3.2,5.69,Moderate Risk
STU1951,79.5,74.3,10,4.9,60.8,0.4,5.9,8.3,6.44,Moderate Risk
STU1952,82.3,68.9,9,3.6,69.7,1.1,5.5,7.0,6.24,Moderate Risk
STU1953,61.8,75.9,12,13.3,57.4,0.5,2.1,9.1,6.06,Moderate Risk
STU1954,94.9,69.1,11,4.9,83.6,1.6,2.8,8.6,7.01,On Track
STU1955,80.1,76.5,11,15.4,92.7,4.7,3.1,4.6,6.48,Moderate Risk
STU1956,88.4,73.9,17,4.3,94.0,0.2,4.8,4.1,7.54,On Track
STU1957,81.0,71.9,6,2.1,68.4,1.3,4.0,7.9,5.2,High Risk
STU1958,39.7,70.1,14,2.6,72.9,3.9,2.8,6.6,5.1,High Risk
STU1959,92.2,73.0,15,4.4,95.7,0.3,2.1,2.6,7.14,On Track
STU1960,68.7,62.8,14,4.5,81.5,0.7,3.0,3.5,6.39,Moderate Risk
STU1961,93.8,88.5,21,7.0,80.3,0.2,1.4,3.2,7.8,On Track
STU1962,79.9,80.8,13,1.5,66.3,1.5,1.8,6.7,5.9,Moderate Risk
STU1963,91.4,72.7,15,6.5,90.7,1.7,2.6,2.7,6.58,Moderate Risk
STU1964,98.4,85.0,11,9.0,84.9,1.6,2.9,3.7,7.54,On Track
STU1965,70.8,78.7,13,6.8,69.1,1.2,7.6,6.4,7.24,On Track
STU1966,78.5,68.0,8,3.9,92.3,2.1,1.8,3.1,6.64,Moderate Risk
STU1967,81.0,68.8,20,28.7,78.8,0.1,0.8,4.0,7.81,On Track
STU1968,80.6,72.0,11,3.1,79.5,4.7,2.3,9.3,5.33,High Risk
STU1969,59.0,87.8,12,0.7,88.5,0.4,2.0,7.6,6.5,High Risk
STU1970,83.3,70.4,9,10.3,92.4,0.2,2.6,4.5,5.78,Moderate Risk
STU1971,79.6,79.0,16,1.4,84.2,4.2,2.4,9.0,6.34,Moderate Risk
STU1972,82.6,68.7,9,7.5,66.2,2.7,2.8,4.0,5.83,Moderate Risk
STU1973,93.1,66.9,7,1.2,56.0,2.2,4.8,6.7,6.24,Moderate Risk
STU1974,76.9,62.6,9,0.1,93.7,0.2,3.4,4.9,5.77,Moderate Risk
STU1975,67.9,56.2,11,1.0,83.9,2.5,2.0,8.0,5.26,High Risk
STU1976,99.1,73.5,13,2.8,93.4,1.4,0.8,5.0,6.59,Moderate Risk
STU1977,48.3,76.1,14,0.7,80.8,2.0,4.1,4.0,5.58,High Risk
STU1978,90.3,64.2,12,1.3,89.5,5.7,4.9,6.9,6.68,Moderate Risk
STU1979,82.2,83.8,13,8.7,49.2,0.3,2.3,8.0,6.48,Moderate Risk
STU1980,92.4,64.5,14,8.8,87.6,1.1,7.1,6.3,7.76,On Track
STU1981,91.3,81.0,8,10.2,86.2,2.1,4.0,7.7,7.02,On Track
STU1982,63.6,62.4,15,11.0,82.3,0.9,3.3,5.4,6.95,Moderate Risk
STU1983,83.8,67.6,9,3.3,92.9,0.1,2.8,8.4,6.53,Moderate Risk
STU1984,72.1,88.0,7,12.1,78.2,0.2,5.0,6.7,6.89,Moderate Risk
STU1985,50.5,65.5,11,4.5,63.1,1.4,6.8,3.6,6.25,High Risk
STU1986,64.5,64.4,15,3.8,65.9,0.5,6.6,9.1,6.22,Moderate Risk
STU1987,82.2,62.6,15,7.6,74.0,0.2,3.0,8.7,5.49,High Risk
STU1988,89.4,59.3,10,1.4,88.5,0.6,6.6,9.7,6.47,Moderate Risk
STU1989,84.5,71.2,10,9.3,91.7,0.3,1.9,6.6,7.7,On Track
STU1990,67.7,52.3,10,3.4,72.8,0.0,4.6,7.4,5.76,Moderate Risk
STU1991,59.7,66.3,11,0.8,88.7,0.2,1.8,8.9,4.79,High Risk
STU1992,65.4,77.5,13,0.8,86.0,3.2,4.3,2.4,5.43,High Risk
STU1993,88.3,68.4,9,1.1,80.2,0.0,4.3,9.3,6.95,Moderate Risk
STU1994,96.0,66.3,9,13.3,81.2,2.2,2.3,4.2,6.82,Moderate Risk
STU1995,93.3,75.9,7,28.2,88.0,2.1,2.0,2.5,6.91,Moderate Risk
STU1996,89.6,90.3,7,2.6,76.8,1.2,6.2,3.9,7.2,On Track
STU1997,79.2,85.2,7,2.1,76.8,0.4,1.5,6.7,6.53,Moderate Risk
STU1998,97.4,53.8,6,1.5,42.5,3.2,1.2,2.4,5.85,Moderate Risk
STU1999,57.2,80.8,14,10.4,80.9,1.0,3.8,2.0,6.86,High Risk
STU2000,84.5,55.5,17,1.4,63.5,0.3,3.0,7.1,6.18,Moderate Risk
STU2001,89.0,85.2,8,15.5,37.5,0.8,3.8,5.6,6.17,Moderate Risk
STU2002,58.1,93.1,10,6.6,87.1,0.3,2.1,8.8,5.3,High Risk
STU2003,78.8,78.4,7,13.6,78.9,0.7,2.2,4.1,6.4,Moderate Risk
STU2004,75.4,74.4,13,4.8,70.6,1.0,3.0,4.2,5.72,Moderate Risk
STU2005,77.0,69.6,14,7.0,97.5,0.7,3.1,2.6,7.59,On Track
STU2006,63.2,78.1,18,5.8,73.6,1.6,2.9,6.3,6.2,Moderate Risk
STU2007,94.7,92.7,9,10.7,81.1,4.1,6.8,4.9,9.07,High Achiever
STU2008,77.8,69.5,12,10.8,94.1,0.6,7.1,4.7,7.39,On Track
STU2009,68.3,49.4,10,5.3,64.4,0.7,1.5,5.7,4.54,High Risk
STU2010,72.7,71.2,7,6.0,70.9,2.0,3.8,8.8,5.61,Moderate Risk
STU2011,79.1,74.1,12,15.3,83.6,1.1,1.6,2.8,6.71,Moderate Risk
STU2012,88.8,95.3,16,15.9,84.9,0.8,7.8,6.2,9.3,High Achiever
STU2013,88.4,76.7,12,6.5,83.6,2.5,2.2,3.6,6.46,Moderate Risk
STU2014,90.7,82.0,8,0.0,72.5,3.3,2.6,3.7,7.47,On Track
STU2015,97.6,92.6,15,0.7,74.6,1.3,4.9,4.1,6.67,Moderate Risk
STU2016,86.6,70.3,15,11.7,62.8,0.3,1.8,5.7,6.81,Moderate Risk
STU2017,95.2,69.8,8,0.5,86.6,0.9,1.2,6.0,6.66,Moderate Risk
STU2018,74.6,69.9,11,1.4,87.8,1.1,1.7,9.0,6.32,Moderate Risk
STU2019,76.0,59.2,6,1.6,89.2,0.8,5.4,9.1,5.95,Moderate Risk
STU2020,78.7,89.1,11,5.5,76.6,0.5,2.5,6.7,6.48,Moderate Risk
STU2021,86.8,61.7,12,5.2,63.3,1.0,5.2,4.3,6.0,Moderate Risk
STU2022,65.2,63.7,19,2.1,69.5,0.9,3.1,8.5,6.54,Moderate Risk
STU2023,88.3,81.8,16,1.4,83.4,0.4,1.0,8.3,5.98,Moderate Risk
STU2024,73.1,43.8,11,8.7,90.8,3.5,2.0,8.4,5.94,Moderate Risk
STU2025,75.0,71.4,6,16.4,78.1,3.2,3.6,2.1,7.51,On Track
STU2026,71.3,77.1,10,0.3,81.0,2.1,0.7,8.0,6.19,Moderate Risk
STU2027,69.4,83.5,16,0.9,91.3,0.8,4.0,8.8,7.61,On Track
STU2028,75.1,90.8,8,6.2,96.0,0.7,1.2,6.8,7.58,On Track
STU2029,82.0,28.5,12,9.8,75.5,1.9,2.1,8.0,5.1,High Risk
STU2030,41.8,60.0,12,9.4,69.4,1.4,6.8,8.2,5.9,High Risk
STU2031,80.2,80.0,14,7.6,76.6,1.4,6.9,6.1,7.42,On Track
STU2032,92.6,65.8,9,13.1,71.5,0.2,4.2,8.5,6.84,Moderate Risk
STU2033,69.9,69.9,11,1.5,83.4,1.4,3.4,8.3,6.09,Moderate Risk
STU2034,91.9,74.1,8,0.7,57.3,3.5,2.2,9.3,5.93,Moderate Risk
STU2035,85.5,66.5,10,5.7,59.6,0.1,1.0,9.4,5.54,Moderate Risk
STU2036,92.6,38.7,14,10.4,83.7,0.6,0.9,6.2,5.88,Moderate Risk
STU2037,67.2,83.6,16,5.2,81.3,1.1,3.1,2.3,5.59,Moderate Risk
STU2038,79.9,55.5,21,19.8,89.9,1.7,2.6,2.2,7.47,On Track
STU2039,56.5,48.0,9,9.5,62.8,0.1,2.3,9.5,5.41,High Risk
STU2040,71.2,86.3,14,7.2,77.7,3.1,5.9,4.7,6.09,Moderate Risk
STU2041,90.1,72.9,13,0.4,78.1,0.1,1.7,5.0,7.71,On Track
STU2042,53.9,91.3,14,0.7,95.4,2.9,11.0,5.8,6.86,High Risk
STU2043,81.9,88.6,15,9.2,77.0,0.0,10.3,4.1,8.56,High Achiever
STU2044,61.7,65.6,11,1.3,65.3,0.3,4.9,6.7,5.82,Moderate Risk
STU2045,52.8,84.8,13,0.2,93.5,2.4,2.6,8.3,5.86,High Risk
STU2046,89.0,83.7,11,14.5,62.1,3.0,0.9,4.1,7.02,On Track
STU2047,84.8,42.3,10,13.3,95.2,6.0,4.7,7.9,5.35,High Risk
STU2048,56.5,65.3,8,1.5,50.8,0.2,9.3,7.4,5.76,High Risk
STU2049,62.7,90.4,11,9.1,83.1,1.1,12.1,6.2,6.68,Moderate Risk
STU2050,83.1,86.1,9,0.3,89.9,0.1,1.8,4.6,7.53,On Track
STU2051,88.3,88.1,10,2.0,82.1,0.3,5.0,9.0,7.06,On Track
STU2052,64.2,71.9,4,5.9,94.6,0.3,1.4,5.2,5.68,Moderate Risk
STU2053,87.5,81.8,13,8.6,73.9,0.1,0.9,5.0,6.45,Moderate Risk
STU2054,83.9,84.9,9,0.1,91.5,3.4,5.8,7.1,7.04,On Track
STU2055,76.2,74.9,12,2.4,77.6,0.2,2.2,9.4,5.96,Moderate Risk
STU2056,91.6,72.0,10,1.4,50.6,1.5,2.6,6.1,5.61,Moderate Risk
STU2057,65.6,75.0,9,40.3,60.8,1.5,2.6,7.8,7.14,On Track
STU2058,74.3,89.2,14,6.7,96.3,0.3,0.3,5.7,6.7,Moderate Risk
STU2059,72.3,91.5,13,3.1,97.0,9.7,2.6,3.8,6.74,Moderate Risk
STU2060,79.1,66.6,6,0.5,85.4,0.6,6.5,3.0,7.6,On Track
STU2061,73.6,73.0,13,5.5,88.2,3.5,2.4,3.1,6.6,Moderate Risk
STU2062,58.0,72.5,23,6.2,64.3,4.4,3.5,2.2,6.24,High Risk
STU2063,81.2,80.8,17,10.2,89.4,4.5,1.0,6.4,7.0,Moderate Risk
STU2064,95.8,68.3,19,2.0,91.4,2.1,4.7,3.0,7.62,On Track
STU2065,82.5,59.4,15,23.9,84.7,0.4,2.3,8.9,6.9,Moderate Risk
STU2066,85.1,75.1,17,3.5,84.3,0.2,1.7,9.9,7.11,On Track
STU2067,79.8,84.0,11,2.1,83.4,1.3,1.7,6.0,6.2,Moderate Risk
STU2068,93.8,55.0,16,2.6,78.8,0.7,8.9,5.6,7.52,On Track
STU2069,94.6,47.3,10,4.4,92.4,2.7,0.7,4.8,6.08,Moderate Risk
STU2070,79.6,76.8,16,16.6,87.5,2.0,4.3,7.1,6.87,Moderate Risk
STU2071,77.7,87.0,11,8.0,89.5,0.5,0.8,6.9,7.18,On Track
STU2072,82.6,82.5,9,5.2,99.4,0.0,4.3,4.7,6.95,Moderate Risk
STU2073,60.8,64.8,9,1.1,87.8,0.4,1.9,4.7,5.82,Moderate Risk
STU2074,66.2,80.8,17,1.0,61.3,1.3,4.3,7.2,4.91,High Risk
STU2075,91.4,48.4,16,4.2,62.0,0.1,2.8,6.4,5.96,Moderate Risk
STU2076,82.5,83.9,14,7.8,80.7,1.6,3.6,7.7,6.45,Moderate Risk
STU2077,70.7,50.0,14,8.3,79.4,1.7,3.3,9.5,6.53,Moderate Risk
STU2078,79.5,39.2,8,1.5,72.2,0.3,3.3,8.2,4.87,High Risk
STU2079,62.6,45.3,16,0.6,92.3,1.4,0.9,4.4,4.92,High Risk
STU2080,77.3,88.4,16,2.9,88.9,1.4,1.6,8.1,6.92,Moderate Risk
STU2081,63.2,92.4,10,15.0,76.3,1.0,5.0,5.6,7.17,On Track
STU2082,79.9,89.4,10,4.7,70.7,4.6,2.1,8.2,6.03,Moderate Risk
STU2083,78.0,91.6,15,2.3,80.9,0.2,2.8,9.1,7.07,On Track
STU2084,90.2,40.4,15,2.3,80.3,0.8,1.5,4.0,6.03,Moderate Risk
STU2085,90.4,85.8,12,0.8,44.5,3.2,1.8,3.9,6.68,Moderate Risk
STU2086,92.4,71.3,12,3.8,77.2,0.7,8.1,5.5,7.97,On Track
STU2087,72.2,67.1,10,9.4,79.1,0.8,6.8,2.4,6.66,Moderate Risk
STU2088,86.5,71.4,16,20.8,91.6,1.7,4.3,7.5,7.71,On Track
STU2089,82.6,86.3,14,4.2,93.2,1.6,4.5,8.0,7.76,On Track
STU2090,80.2,60.3,15,1.1,69.2,0.0,3.7,4.8,5.88,Moderate Risk
STU2091,65.4,95.1,9,6.9,98.2,0.9,3.1,5.7,6.71,Moderate Risk
STU2092,75.5,61.4,14,8.5,59.4,0.6,8.4,6.7,6.61,Moderate Risk
STU2093,87.2,97.5,13,0.4,73.5,1.5,2.2,2.6,5.96,Moderate Risk
STU2094,98.2,78.8,9,11.4,79.1,1.2,1.8,7.7,6.95,Moderate Risk
STU2095,78.1,65.2,10,10.6,80.5,1.6,2.4,6.2,7.28,On Track
STU2096,90.9,71.0,12,3.8,78.6,1.6,2.3,7.0,5.58,Moderate Risk
STU2097,84.1,70.0,18,4.9,95.1,0.4,5.1,7.8,7.14,On Track
STU2098,83.9,89.6,11,7.5,63.5,0.4,1.9,7.4,6.89,Moderate Risk
STU2099,70.3,84.9,15,6.8,54.5,0.7,3.0,2.8,6.84,Moderate Risk
STU2100,70.5,72.9,14,0.1,61.0,0.4,3.9,8.3,5.2,High Risk
STU2101,77.2,40.3,16,0.8,87.7,1.7,3.3,6.9,6.28,Moderate Risk
STU2102,81.0,78.7,19,1.1,68.9,1.4,1.4,7.7,5.81,Moderate Risk
STU2103,65.1,83.0,12,8.5,53.3,0.4,3.9,4.1,5.5,High Risk
STU2104,69.3,76.8,13,3.5,83.5,3.2,3.5,3.8,7.02,On Track
STU2105,97.8,61.0,23,4.7,78.9,0.9,4.3,8.6,6.77,Moderate Risk
STU2106,93.8,91.4,9,8.9,71.4,0.2,4.1,5.1,7.84,On Track
STU2107,49.3,75.9,12,2.5,67.5,0.4,4.2,6.6,5.47,High Risk
STU2108,60.7,54.0,11,8.3,75.4,1.2,0.5,6.4,5.77,Moderate Risk
STU2109,67.0,63.9,12,3.5,80.1,0.6,1.7,6.7,5.16,High Risk
STU2110,84.5,65.1,11,2.8,53.0,2.9,5.4,2.6,5.85,Moderate Risk
STU2111,74.0,61.2,17,2.4,89.4,1.0,1.9,4.4,6.56,Moderate Risk
STU2112,65.3,50.6,9,20.1,80.0,3.7,5.6,2.5,6.11,Moderate Risk
STU2113,67.6,87.4,9,8.9,73.7,0.2,2.3,5.8,7.4,On Track
STU2114,69.6,57.0,14,0.1,92.5,1.7,2.1,9.2,4.89,High Risk
STU2115,86.3,70.8,15,18.9,91.7,3.3,2.4,5.1,6.55,Moderate Risk
STU2116,77.7,73.6,12,9.0,86.8,0.5,15.0,8.3,6.43,Moderate Risk
STU2117,50.3,70.8,13,1.0,56.9,0.2,2.9,4.3,4.43,High Risk
STU2118,78.2,79.9,14,0.5,92.0,0.9,4.8,8.9,5.91,Moderate Risk
STU2119,80.0,80.1,11,2.2,96.2,4.9,11.1,5.4,6.7,Moderate Risk
STU2120,99.2,38.6,10,5.9,92.1,1.5,4.0,4.8,6.19,Moderate Risk
STU2121,85.3,62.0,7,5.8,78.8,1.5,8.1,7.6,6.87,Moderate Risk
STU2122,71.6,89.8,12,1.9,81.4,1.7,5.3,6.1,6.86,Moderate Risk
STU2123,88.8,39.0,11,3.5,80.5,0.1,4.3,4.7,5.89,Moderate Risk
STU2124,74.2,77.5,3,1.4,60.4,0.9,1.3,2.5,5.48,High Risk
STU2125,80.4,91.4,10,0.3,83.3,0.1,2.6,3.3,6.71,Moderate Risk
STU2126,82.9,46.5,16,4.4,89.5,0.6,4.0,8.2,5.86,Moderate Risk
STU2127,81.1,63.7,13,2.6,76.5,2.6,2.1,9.4,6.4,Moderate Risk
STU2128,81.9,84.9,12,4.7,82.9,1.6,4.2,3.4,6.85,Moderate Risk
STU2129,54.1,55.5,13,17.6,80.8,8.1,2.8,6.6,5.37,High Risk
STU2130,69.8,64.2,8,0.9,85.5,0.3,1.7,2.3,5.38,High Risk
STU2131,82.6,78.7,13,0.0,70.4,0.8,4.8,4.3,6.74,Moderate Risk
STU2132,54.6,71.2,11,0.5,35.8,2.5,3.7,5.6,4.73,High Risk
STU2133,41.6,60.3,9,3.7,86.7,0.4,4.3,7.9,4.54,High Risk
STU2134,66.7,73.8,13,7.4,80.4,0.3,3.4,2.4,5.69,Moderate Risk
STU2135,91.8,44.4,11,5.2,83.6,0.8,2.3,8.2,5.97,Moderate Risk
STU2136,74.3,33.4,9,4.1,49.8,0.7,3.0,3.6,4.26,High Risk
STU2137,62.9,76.6,7,2.6,90.9,5.9,2.1,8.1,5.05,High Risk
STU2138,93.2,76.3,14,2.2,90.0,0.9,7.3,7.0,7.77,On Track
STU2139,54.3,29.6,9,2.8,82.5,3.0,3.8,4.7,5.0,High Risk
STU2140,87.5,59.3,12,5.7,75.4,3.3,3.0,7.8,6.39,Moderate Risk
STU2141,74.9,44.0,11,1.1,81.3,0.3,2.7,3.9,6.59,Moderate Risk
STU2142,50.4,87.5,5,8.9,81.9,1.9,1.7,3.8,6.12,High Risk
STU2143,80.7,36.7,15,5.1,31.0,0.5,3.9,2.5,4.69,High Risk
STU2144,74.3,78.8,8,1.9,83.7,0.1,1.4,5.1,7.45,On Track
STU2145,75.1,75.9,10,4.2,63.5,3.1,6.5,2.8,6.18,Moderate Risk
STU2146,82.6,85.0,10,19.7,78.6,0.5,4.7,5.4,8.43,On Track
STU2147,77.5,71.1,16,0.1,81.7,0.6,1.9,2.1,6.53,Moderate Risk
STU2148,86.8,54.3,11,1.3,90.7,0.6,6.6,3.2,7.65,On Track
STU2149,74.5,91.1,11,3.6,70.2,0.3,2.8,9.5,6.58,Moderate Risk
STU2150,96.9,88.3,11,6.1,71.5,0.9,4.5,8.4,7.56,On Track
STU2151,73.0,78.5,10,1.4,81.4,0.8,2.8,3.9,6.86,Moderate Risk
STU2152,88.7,90.6,11,16.1,86.3,0.8,2.9,7.7,7.34,On Track
STU2153,87.8,59.5,20,6.2,92.5,3.7,5.6,7.3,6.63,Moderate Risk
STU2154,73.9,88.5,10,12.6,62.6,0.6,3.1,3.4,6.78,Moderate Risk
STU2155,65.8,80.7,16,2.4,94.0,0.0,2.3,5.0,6.27,Moderate Risk
STU2156,91.3,88.8,11,10.6,55.4,0.3,2.1,9.3,6.73,Moderate Risk
STU2157,88.6,52.1,6,2.9,82.2,1.9,2.7,7.9,6.3,Moderate Risk
STU2158,76.0,71.7,5,1.7,74.0,1.3,8.7,8.1,6.77,Moderate Risk
STU2159,90.8,74.6,12,14.6,77.7,4.5,3.7,6.5,6.75,Moderate Risk
STU2160,87.2,90.5,11,0.6,75.2,1.8,1.8,7.3,7.27,On Track
STU2161,71.7,88.3,11,17.2,76.6,0.3,3.7,6.1,7.99,On Track
STU2162,78.1,66.0,8,3.7,51.4,0.2,6.5,7.9,5.83,Moderate Risk
STU2163,79.2,70.2,14,29.5,77.5,1.1,6.6,7.9,7.7,On Track
STU2164,66.6,80.3,12,4.7,92.8,1.6,4.0,2.2,7.06,On Track
STU2165,79.8,78.0,12,8.5,95.8,0.3,5.2,7.1,7.58,On Track
STU2166,92.2,67.5,13,0.0,72.6,1.4,3.1,7.0,6.05,Moderate Risk
STU2167,87.6,70.2,8,4.1,68.2,3.0,2.6,2.5,5.48,High Risk
STU2168,99.6,80.5,9,8.0,81.2,2.0,1.9,5.3,6.8,Moderate Risk
STU2169,85.0,73.1,11,9.2,58.8,1.6,2.1,9.2,5.61,Moderate Risk
STU2170,97.4,67.3,13,1.0,87.5,2.3,3.0,9.6,6.54,Moderate Risk
STU2171,73.1,67.6,12,3.3,74.3,0.2,5.0,8.3,5.93,Moderate Risk
STU2172,91.9,60.1,12,3.3,89.3,0.3,3.2,3.2,6.12,Moderate Risk
STU2173,96.7,67.4,8,0.7,44.5,0.1,2.1,5.0,5.92,Moderate Risk
STU2174,64.3,63.2,10,3.5,93.8,0.2,5.7,3.5,7.16,On Track
STU2175,84.9,72.7,10,9.9,59.3,3.7,6.2,7.2,7.01,On Track
STU2176,45.2,55.2,9,2.1,80.1,0.4,2.2,8.2,4.39,High Risk
STU2177,85.8,89.5,11,3.4,83.6,1.6,2.9,9.1,6.89,Moderate Risk
STU2178,87.7,53.6,12,19.5,94.4,1.8,1.4,8.9,6.95,Moderate Risk
STU2179,65.7,74.0,9,0.2,94.8,1.6,5.1,2.8,6.01,Moderate Risk
STU2180,67.1,82.4,13,5.4,71.2,1.2,0.9,3.0,6.27,Moderate Risk
STU2181,78.4,77.8,9,8.2,75.1,1.0,3.1,9.3,5.88,Moderate Risk
STU2182,86.2,57.6,6,8.6,84.2,0.8,3.6,8.8,6.05,Moderate Risk
STU2183,61.9,66.9,12,7.6,75.0,3.7,2.2,5.7,5.34,High Risk
STU2184,74.2,46.6,20,7.8,75.8,0.0,2.1,5.4,5.84,Moderate Risk
STU2185,64.5,64.6,7,0.4,80.3,0.1,4.4,6.4,6.48,Moderate Risk
STU2186,96.7,72.4,15,4.6,72.3,1.0,3.8,6.8,8.76,High Achiever
STU2187,80.2,69.8,11,9.2,90.3,0.6,4.6,4.0,6.92,Moderate Risk
STU2188,67.7,68.6,14,0.6,70.7,0.8,1.2,5.2,5.24,High Risk
STU2189,89.3,79.9,16,0.1,70.3,9.2,6.7,7.0,7.26,On Track
STU2190,74.8,55.5,10,10.1,84.6,2.2,7.0,3.7,7.4,On Track
STU2191,93.5,79.5,12,7.5,97.4,3.1,3.5,10.0,7.17,On Track
STU2192,62.0,41.1,11,3.2,89.9,0.7,2.6,4.3,5.04,High Risk
STU2193,83.3,86.8,10,16.9,73.6,0.4,3.0,6.4,8.41,On Track
STU2194,87.3,58.2,12,8.7,86.1,2.2,6.2,6.4,7.36,On Track
STU2195,89.8,95.0,12,20.6,78.6,2.5,2.1,5.6,7.16,On Track
STU2196,83.5,79.0,13,15.9,83.2,1.2,1.1,3.9,6.69,Moderate Risk
STU2197,72.2,73.2,11,3.9,36.5,3.4,4.4,6.5,6.39,Moderate Risk
STU2198,83.7,75.5,6,8.4,72.3,5.1,3.2,2.7,6.14,Moderate Risk
STU2199,60.6,75.7,7,6.6,59.4,1.0,6.0,5.1,6.27,Moderate Risk
STU2200,80.8,64.6,9,10.0,82.7,0.4,3.3,3.8,6.15,Moderate Risk
STU2201,77.4,47.9,14,9.3,85.2,1.1,8.8,3.0,6.43,Moderate Risk
STU2202,63.6,73.2,13,1.0,68.0,6.8,9.1,9.4,5.5,Moderate Risk
STU2203,96.8,78.0,8,1.6,85.2,0.5,2.4,7.6,6.8,Moderate Risk
STU2204,51.0,49.9,9,1.9,91.0,1.4,0.9,3.4,5.61,High Risk
STU2205,85.8,77.5,13,10.2,98.2,1.8,3.6,9.6,6.67,Moderate Risk
STU2206,95.0,82.0,10,10.0,76.2,0.4,1.4,3.7,6.57,Moderate Risk
STU2207,75.2,73.7,16,4.1,94.3,1.3,1.2,3.9,6.25,Moderate Risk
STU2208,77.3,58.9,7,5.2,72.6,0.6,5.3,3.1,6.36,Moderate Risk
STU2209,80.7,57.6,13,10.5,32.4,2.9,3.9,7.8,6.09,Moderate Risk
STU2210,90.5,68.4,14,2.2,73.5,1.9,2.1,6.6,5.61,Moderate Risk
STU2211,96.1,59.4,11,0.3,87.6,2.6,3.3,2.5,6.11,Moderate Risk
STU2212,61.8,70.7,10,4.0,84.0,0.3,3.5,2.2,6.09,Moderate Risk
STU2213,98.9,79.1,9,14.7,77.4,0.1,3.8,6.3,7.65,On Track
STU2214,87.7,50.9,10,9.4,80.0,2.9,5.8,7.2,6.48,Moderate Risk
STU2215,87.7,41.9,9,2.7,74.8,0.7,3.1,8.6,5.25,High Risk
STU2216,75.3,83.7,8,0.4,92.4,0.3,1.0,5.8,5.18,High Risk
STU2217,79.6,68.3,15,6.1,64.2,0.1,7.1,7.4,6.36,Moderate Risk
STU2218,87.7,87.4,12,10.8,82.0,1.1,3.2,7.9,7.33,On Track
STU2219,56.2,76.8,14,6.6,96.7,0.2,2.1,6.9,7.48,High Risk
STU2220,79.8,61.8,10,3.3,78.6,1.3,1.4,4.8,5.74,Moderate Risk
STU2221,86.7,63.6,18,0.8,87.4,1.9,3.4,3.1,6.51,Moderate Risk
STU2222,78.7,65.9,11,14.5,72.5,1.1,2.8,7.2,7.27,On Track
STU2223,93.5,57.1,6,1.9,88.6,3.5,1.8,8.1,6.15,Moderate Risk
STU2224,50.5,71.6,8,1.5,89.6,0.3,5.4,3.5,6.58,High Risk
STU2225,69.0,40.4,11,10.2,97.3,1.0,1.6,6.0,5.33,High Risk
STU2226,38.5,82.9,14,23.8,58.7,0.3,1.5,5.2,4.72,High Risk
STU2227,81.3,90.0,13,6.5,81.6,3.1,2.1,3.6,5.64,Moderate Risk
STU2228,94.7,78.3,13,5.9,77.7,4.0,0.8,4.0,6.23,Moderate Risk
STU2229,69.6,76.2,15,2.3,88.6,0.8,1.0,3.9,5.89,Moderate Risk
STU2230,87.2,52.9,14,0.1,91.2,0.5,1.6,5.4,6.14,Moderate Risk
STU2231,76.4,71.1,13,1.3,88.3,0.5,2.4,5.1,6.22,Moderate Risk
STU2232,97.6,76.0,16,5.3,88.4,2.9,1.6,6.4,7.44,On Track
STU2233,67.4,71.6,13,1.0,81.4,1.7,3.5,2.7,5.95,Moderate Risk
STU2234,75.7,80.6,17,12.9,96.5,3.2,1.7,6.7,8.0,On Track
STU2235,65.7,76.8,8,1.3,71.5,0.2,3.6,2.2,5.46,High Risk
STU2236,95.4,90.8,13,4.4,86.9,1.0,1.9,4.1,7.71,On Track
STU2237,69.6,91.2,18,4.3,82.0,1.7,3.4,6.0,6.82,Moderate Risk
STU2238,92.5,84.8,9,5.6,88.0,3.4,6.8,7.5,6.92,Moderate Risk
STU2239,57.6,48.0,15,2.4,96.5,0.7,3.9,8.2,5.76,High Risk
STU2240,78.6,78.0,13,12.4,65.8,0.6,0.9,2.3,6.98,Moderate Risk
STU2241,77.8,70.7,13,3.5,76.3,3.7,1.6,6.3,6.3,Moderate Risk
STU2242,87.6,52.0,8,7.2,74.9,0.1,1.1,4.8,5.95,Moderate Risk
STU2243,94.1,83.2,15,6.1,78.0,1.0,1.2,7.6,7.86,On Track
STU2244,82.1,90.4,10,0.7,95.3,0.9,5.2,4.3,6.37,Moderate Risk
STU2245,59.5,70.6,15,5.8,94.5,0.2,2.7,7.9,5.13,High Risk
STU2246,70.3,80.4,10,4.8,88.7,0.8,2.9,6.8,6.12,Moderate Risk
STU2247,59.7,94.3,12,13.7,86.7,1.9,5.3,8.3,7.0,High Risk
STU2248,95.6,64.9,15,12.8,69.4,0.7,1.7,9.9,6.63,Moderate Risk
STU2249,90.7,82.3,14,1.0,88.1,0.6,3.4,9.3,7.24,On Track
STU2250,73.5,57.2,10,0.5,81.5,2.3,4.5,6.7,5.84,Moderate Risk
STU2251,80.9,68.6,17,2.1,74.5,6.7,2.5,9.2,4.96,High Risk
STU2252,84.4,59.8,14,25.9,50.1,2.3,7.3,3.2,6.86,Moderate Risk
STU2253,87.9,92.5,16,0.1,92.2,2.8,2.6,2.3,7.25,On Track
STU2254,89.3,39.6,10,6.7,84.1,4.2,1.5,6.3,5.25,High Risk
STU2255,91.0,60.3,7,5.6,89.5,2.4,1.9,9.8,7.76,On Track
STU2256,61.2,41.6,9,6.2,83.7,5.9,3.3,7.7,4.41,High Risk
STU2257,73.8,37.2,13,1.5,92.5,2.1,4.5,4.4,6.91,Moderate Risk
STU2258,86.1,63.9,10,1.5,96.1,1.6,1.6,7.4,6.63,Moderate Risk
STU2259,91.3,78.3,12,3.4,94.1,1.8,6.0,2.3,7.67,On Track
STU2260,90.0,69.9,9,0.6,93.7,3.5,1.5,5.8,6.03,Moderate Risk
STU2261,68.1,63.2,8,0.5,81.3,1.7,6.5,3.9,5.35,High Risk
STU2262,74.7,83.3,5,0.6,71.7,2.1,2.0,2.4,6.19,Moderate Risk
STU2263,75.1,85.4,10,5.1,64.4,0.4,0.4,4.0,6.49,Moderate Risk
STU2264,84.9,88.9,12,3.0,73.5,3.7,4.2,7.8,7.43,On Track
STU2265,92.9,78.5,15,2.1,73.4,0.9,0.7,6.4,5.99,Moderate Risk
STU2266,66.9,67.7,19,2.3,75.0,0.3,14.1,2.2,7.03,On Track
STU2267,46.0,46.3,12,1.4,79.2,2.4,3.2,5.3,4.36,High Risk
STU2268,89.6,93.7,10,3.2,97.8,0.7,1.3,8.0,7.66,On Track
STU2269,94.5,80.7,10,1.4,79.6,0.3,2.4,9.6,6.53,Moderate Risk
STU2270,86.9,87.6,9,7.2,68.8,0.4,1.1,9.0,7.65,On Track
STU2271,80.0,75.4,15,0.8,86.2,0.1,4.1,2.0,6.88,Moderate Risk
STU2272,77.9,85.8,14,17.8,60.8,0.1,0.9,3.7,5.45,High Risk
STU2273,79.7,49.0,13,0.6,91.7,1.3,0.8,3.7,6.39,Moderate Risk
STU2274,82.3,83.7,13,17.2,79.5,3.0,7.4,5.3,6.56,Moderate Risk
STU2275,75.5,73.6,14,10.7,71.7,0.9,1.5,7.2,5.52,Moderate Risk
STU2276,90.0,75.8,11,6.8,79.6,1.5,3.5,3.2,5.91,Moderate Risk
STU2277,63.2,82.1,7,14.6,91.9,2.5,2.6,9.3,7.2,On Track
STU2278,65.1,67.3,9,0.9,85.5,0.7,2.2,8.2,4.81,High Risk
STU2279,88.3,82.9,7,1.2,63.4,1.6,2.3,5.4,6.04,Moderate Risk
STU2280,93.8,58.2,13,1.7,76.2,0.6,4.5,6.7,7.15,On Track
STU2281,82.7,68.0,8,1.7,68.2,1.5,2.8,6.3,5.09,High Risk
STU2282,82.0,47.7,10,2.2,54.5,0.4,1.4,6.7,5.5,High Risk
STU2283,38.5,59.3,16,5.1,94.3,5.7,1.3,8.9,5.01,High Risk
STU2284,75.7,65.9,10,0.2,81.6,0.1,6.0,3.6,6.34,Moderate Risk
STU2285,78.2,90.0,9,2.9,89.3,1.1,4.7,7.5,6.67,Moderate Risk
STU2286,89.3,59.5,12,1.7,89.0,0.5,7.3,2.9,7.53,On Track
STU2287,90.4,56.1,10,5.6,97.4,1.4,4.8,5.7,7.15,On Track
STU2288,93.2,75.1,12,25.3,89.1,0.8,1.5,7.1,8.29,On Track
STU2289,85.2,51.0,16,4.4,62.1,0.5,2.6,2.1,5.99,Moderate Risk
STU2290,89.8,50.5,13,3.3,92.5,0.4,6.1,2.9,7.31,On Track
STU2291,59.3,84.7,11,2.8,66.4,0.3,1.4,2.7,5.93,High Risk
STU2292,69.4,69.5,17,9.2,91.3,2.3,0.9,5.0,6.1,Moderate Risk
STU2293,69.8,87.2,9,0.4,82.3,0.4,7.6,7.0,6.02,Moderate Risk
STU2294,57.9,54.6,18,19.3,84.9,2.2,7.4,10.0,7.54,High Risk
STU2295,89.8,69.7,13,3.2,81.6,1.0,6.3,4.0,6.33,Moderate Risk
STU2296,82.5,93.1,11,2.3,92.9,0.1,6.0,3.1,8.21,On Track
STU2297,51.3,70.1,19,21.9,86.5,0.3,5.1,5.3,5.64,High Risk
STU2298,78.2,63.8,7,16.5,41.1,3.4,6.4,3.2,6.55,Moderate Risk
STU2299,61.1,84.5,10,6.2,64.4,1.4,1.7,2.2,4.95,High Risk
STU2300,87.8,76.7,11,0.1,97.5,0.3,2.5,6.5,7.21,On Track
STU2301,54.7,33.3,15,8.3,65.5,1.8,2.1,9.0,4.94,High Risk
STU2302,85.7,71.3,10,2.5,73.3,2.6,3.9,8.9,5.72,Moderate Risk
STU2303,74.2,67.2,16,2.9,97.5,0.6,0.9,2.8,6.48,Moderate Risk
STU2304,69.4,94.4,10,1.0,88.2,1.2,6.4,3.2,7.1,On Track
STU2305,77.1,80.9,6,4.4,70.6,0.5,1.0,5.9,5.69,Moderate Risk
STU2306,93.9,72.7,11,8.2,82.9,0.1,5.2,4.9,7.94,On Track
STU2307,58.7,89.8,8,1.9,74.6,0.8,2.0,7.6,6.15,High Risk
STU2308,66.3,61.8,25,16.8,71.2,2.1,3.8,6.0,6.38,Moderate Risk
STU2309,86.8,63.3,9,1.3,70.0,0.9,3.4,2.2,5.31,High Risk
STU2310,82.4,76.4,12,0.4,84.9,0.8,0.7,4.3,5.98,Moderate Risk
STU2311,48.3,91.3,9,6.2,78.9,0.7,3.5,9.2,5.76,High Risk
STU2312,78.6,49.8,11,11.4,90.5,0.9,1.5,6.1,6.44,Moderate Risk
STU2313,80.4,81.7,21,18.4,75.7,0.6,0.7,8.4,6.78,Moderate Risk
STU2314,75.2,76.5,11,8.7,59.1,1.4,3.2,5.2,5.73,Moderate Risk
STU2315,90.8,57.9,14,1.3,72.8,0.1,0.8,7.4,5.55,Moderate Risk
STU2316,75.9,92.5,10,22.8,90.6,2.5,7.4,3.4,8.26,On Track
STU2317,91.8,78.3,13,15.1,79.2,0.3,1.5,7.9,7.29,On Track
STU2318,73.5,72.6,12,1.1,59.7,1.5,3.3,8.3,5.75,Moderate Risk
STU2319,63.0,78.0,12,4.9,86.2,0.9,3.1,2.7,5.49,High Risk
STU2320,88.4,83.0,12,4.9,73.5,2.2,5.2,3.5,8.08,On Track
STU2321,83.4,52.9,13,3.5,80.1,2.6,1.9,5.7,5.71,Moderate Risk
STU2322,84.2,71.9,13,24.9,69.7,0.3,2.1,7.1,7.62,On Track
STU2323,88.7,89.3,13,0.4,55.1,1.7,3.1,7.1,6.21,Moderate Risk
STU2324,76.4,58.5,11,5.9,72.8,0.3,1.6,7.3,6.72,Moderate Risk
STU2325,91.8,79.7,7,1.4,88.7,0.2,2.2,7.7,6.93,Moderate Risk
STU2326,68.4,64.3,11,4.5,95.4,4.0,1.7,6.0,5.83,Moderate Risk
STU2327,77.2,73.3,9,9.1,88.1,0.3,3.6,6.6,7.21,On Track
STU2328,80.4,52.3,9,1.7,96.6,0.4,4.6,2.1,5.94,Moderate Risk
STU2329,83.3,66.7,16,3.0,84.0,0.2,5.6,3.3,6.81,Moderate Risk
STU2330,47.1,67.4,7,18.1,77.3,1.0,5.3,6.0,5.97,High Risk
STU2331,97.3,72.6,11,8.6,70.3,3.8,3.9,8.0,6.8,Moderate Risk
STU2332,80.4,62.3,9,5.1,96.5,0.5,3.9,8.5,6.91,Moderate Risk
STU2333,75.6,74.2,17,1.5,74.6,1.2,3.8,7.8,6.67,Moderate Risk
STU2334,53.7,60.2,16,3.3,86.3,0.8,2.8,5.9,5.52,High Risk
STU2335,82.8,76.6,13,8.9,68.7,0.6,1.3,4.3,5.71,Moderate Risk
STU2336,43.9,81.1,17,10.3,94.9,1.3,6.5,5.6,6.08,High Risk
STU2337,67.9,54.0,10,1.7,91.5,1.2,3.8,2.1,5.58,Moderate Risk
STU2338,69.6,85.7,13,6.5,82.7,0.7,4.6,6.8,7.23,On Track
STU2339,69.8,65.8,11,0.6,79.0,2.9,2.0,2.6,4.77,High Risk
STU2340,88.2,68.7,19,0.1,84.5,0.1,9.0,3.2,6.76,Moderate Risk
STU2341,80.7,85.8,14,4.8,79.0,0.1,6.0,7.0,6.99,Moderate Risk
STU2342,69.8,82.4,6,1.5,60.0,7.0,2.3,2.1,4.85,High Risk
STU2343,58.5,77.1,8,0.5,78.3,2.1,1.9,6.6,4.96,High Risk
STU2344,61.4,43.6,12,7.9,84.1,2.4,4.6,7.1,6.31,Moderate Risk
STU2345,88.1,78.3,9,4.1,99.1,1.4,2.8,8.3,6.37,Moderate Risk
STU2346,85.5,64.1,10,9.5,71.9,0.8,3.6,2.5,6.45,Moderate Risk
STU2347,71.6,75.1,11,6.5,79.1,1.5,6.3,2.0,6.65,Moderate Risk
STU2348,97.8,89.8,15,7.9,79.2,0.1,3.5,8.1,6.87,Moderate Risk
STU2349,83.8,81.8,12,2.2,76.6,2.1,2.7,4.3,7.2,On Track
STU2350,76.5,69.7,7,1.8,94.8,1.2,3.9,9.1,6.12,Moderate Risk
STU2351,69.7,79.1,13,5.5,75.6,4.7,1.0,3.5,5.25,High Risk
STU2352,89.3,74.6,20,1.3,94.2,1.5,3.4,6.7,7.08,On Track
STU2353,75.2,86.9,11,10.1,53.9,0.2,1.1,2.9,6.32,Moderate Risk
STU2354,86.7,80.0,12,4.4,74.4,1.0,4.4,5.2,6.14,Moderate Risk
STU2355,81.6,41.5,6,1.5,84.9,0.1,0.4,9.1,4.34,High Risk
STU2356,88.6,83.9,11,5.9,75.8,2.1,2.8,6.9,7.19,On Track
STU2357,60.8,82.1,11,17.4,75.8,1.0,7.2,7.5,6.89,Moderate Risk
STU2358,69.8,54.0,11,0.5,85.4,0.7,5.8,3.8,5.64,Moderate Risk
STU2359,66.6,67.0,16,0.7,65.9,5.2,3.5,9.4,5.55,Moderate Risk
STU2360,50.7,59.5,12,11.1,95.9,4.2,7.6,7.0,5.72,High Risk
STU2361,89.9,80.7,10,0.7,70.7,4.6,2.2,2.8,6.32,Moderate Risk
STU2362,72.1,74.7,10,0.2,90.6,0.4,1.5,2.1,6.35,Moderate Risk
STU2363,76.9,73.9,8,2.6,81.6,2.0,2.6,2.1,6.23,Moderate Risk
STU2364,78.0,68.9,18,3.8,82.2,4.4,2.6,2.4,5.93,Moderate Risk
STU2365,90.5,65.8,13,5.1,58.3,1.3,2.7,9.3,6.53,Moderate Risk
STU2366,57.3,80.0,7,4.2,87.5,0.4,3.1,4.9,5.14,High Risk
STU2367,66.6,49.1,8,14.7,68.3,2.6,0.9,4.4,5.48,High Risk
STU2368,73.2,50.8,12,8.8,86.2,3.2,1.8,5.3,4.93,High Risk
STU2369,85.1,72.1,11,24.7,90.9,1.8,2.2,5.3,7.3,On Track
STU2370,87.8,38.6,9,3.9,69.0,0.5,7.5,3.9,6.21,Moderate Risk
STU2371,72.2,79.5,18,0.5,66.0,0.3,2.2,2.7,6.48,Moderate Risk
STU2372,98.6,93.5,12,18.7,95.3,1.5,2.3,2.9,8.13,On Track
STU2373,69.2,47.8,18,0.0,71.8,1.0,4.5,6.8,5.41,High Risk
STU2374,63.6,79.7,16,9.0,73.1,1.7,2.7,5.2,7.02,On Track
STU2375,95.6,89.6,15,0.2,55.3,0.2,8.7,9.2,7.23,On Track
STU2376,88.5,75.2,14,8.6,90.8,0.2,4.8,5.7,7.32,On Track
STU2377,91.3,70.1,8,16.7,91.8,0.7,4.4,6.0,7.97,On Track
STU2378,65.4,82.4,13,3.0,71.5,0.4,1.0,9.4,5.31,High Risk
STU2379,94.5,45.5,11,1.7,34.4,1.4,3.6,6.0,5.06,High Risk
STU2380,73.1,81.0,15,1.5,77.5,0.7,3.3,6.0,6.35,Moderate Risk
STU2381,75.2,48.3,12,4.1,68.1,1.7,5.3,4.9,5.04,High Risk
STU2382,78.7,69.8,15,1.1,79.8,2.2,4.4,7.7,6.13,Moderate Risk
STU2383,57.8,68.0,18,6.7,70.0,0.3,4.0,5.1,5.75,High Risk
STU2384,96.4,65.4,15,2.8,78.0,3.8,3.7,6.7,6.6,Moderate Risk
STU2385,85.7,53.6,15,2.3,72.5,2.3,2.2,5.6,5.73,Moderate Risk
STU2386,56.6,76.2,9,3.7,86.3,1.5,1.5,6.2,5.84,High Risk
STU2387,63.2,55.2,16,4.7,48.5,3.6,3.8,8.6,4.77,High Risk
STU2388,50.4,64.9,17,0.9,84.2,0.5,1.6,5.3,5.25,High Risk
STU2389,71.7,40.9,17,7.4,67.9,0.8,3.1,3.8,4.74,High Risk
STU2390,88.1,75.9,12,12.9,56.0,0.1,6.8,6.6,7.49,On Track
STU2391,66.5,73.2,18,2.0,68.0,0.9,7.6,9.5,6.46,Moderate Risk
STU2392,81.4,46.9,19,1.2,85.5,1.1,2.7,7.5,6.04,Moderate Risk
STU2393,57.3,59.5,16,8.6,55.8,1.4,5.6,4.5,5.21,High Risk
STU2394,83.2,71.4,13,1.2,83.7,0.1,3.1,9.7,6.37,Moderate Risk
STU2395,47.8,67.7,10,0.3,71.0,0.0,1.5,4.7,4.65,High Risk
STU2396,88.0,95.6,14,5.8,85.4,0.8,3.1,9.9,7.45,On Track
STU2397,96.5,79.0,12,1.6,58.6,0.3,10.4,3.5,6.65,Moderate Risk
STU2398,86.3,79.3,6,1.1,76.2,2.1,4.2,10.0,7.08,On Track
STU2399,78.0,72.1,14,24.0,88.1,1.7,1.7,2.6,7.06,On Track
STU2400,55.2,77.1,15,2.1,67.4,0.6,3.8,7.7,6.49,High Risk
STU2401,93.8,56.3,16,14.0,90.8,0.1,4.9,7.9,7.51,On Track
STU2402,96.4,43.9,16,1.2,64.7,0.3,5.5,7.4,6.01,Moderate Risk
STU2403,72.3,87.3,11,10.3,36.7,1.8,2.6,8.2,5.68,Moderate Risk
STU2404,61.5,94.6,1,4.2,93.8,6.9,7.7,5.8,6.53,Moderate Risk
STU2405,80.2,90.7,10,0.5,71.6,0.6,2.9,2.4,6.94,Moderate Risk
STU2406,87.0,85.8,13,7.9,91.0,2.4,3.8,4.9,8.43,On Track
STU2407,84.3,38.0,14,13.4,86.7,3.0,1.0,7.1,5.48,High Risk
STU2408,92.6,78.5,10,1.1,90.8,0.1,6.5,7.2,7.87,On Track
STU2409,58.8,29.9,12,7.8,94.4,3.7,1.3,3.6,5.38,High Risk
STU2410,74.4,75.5,7,3.5,87.7,0.9,4.7,4.0,5.98,Moderate Risk
STU2411,95.9,85.4,9,8.4,86.1,5.0,2.3,5.9,7.0,Moderate Risk
STU2412,66.6,77.1,14,7.5,61.9,1.2,1.3,7.8,7.29,On Track
STU2413,70.5,83.1,14,0.2,80.3,0.4,2.4,8.8,6.83,Moderate Risk
STU2414,58.1,58.7,14,1.2,85.2,5.5,1.0,2.7,4.33,High Risk
STU2415,88.4,40.3,17,3.8,69.7,0.4,2.0,9.4,6.01,Moderate Risk
STU2416,76.6,37.9,13,16.3,80.6,3.2,2.1,9.4,5.57,Moderate Risk
STU2417,42.5,70.4,11,2.5,89.9,0.3,1.4,2.1,5.3,High Risk
STU2418,93.9,63.4,17,5.9,69.2,1.7,3.7,6.1,6.14,Moderate Risk
STU2419,73.5,79.0,12,0.1,72.6,0.8,3.0,6.7,6.37,Moderate Risk
STU2420,80.1,78.0,20,7.5,79.7,5.4,3.7,6.4,6.56,Moderate Risk
STU2421,80.0,66.8,22,5.5,73.5,0.3,2.2,6.9,7.92,On Track
STU2422,70.6,53.6,14,7.5,40.0,0.8,2.7,6.0,5.18,High Risk
STU2423,93.8,79.2,15,14.1,90.1,1.5,1.3,4.4,8.22,On Track
STU2424,92.2,54.6,6,1.0,85.7,5.7,2.0,2.8,5.82,Moderate Risk
STU2425,76.1,84.4,10,1.8,90.3,0.5,1.3,3.7,6.45,Moderate Risk
STU2426,79.2,55.3,14,32.8,93.7,0.8,2.5,7.9,6.7,Moderate Risk
STU2427,78.4,82.1,12,1.0,88.9,0.9,2.0,3.9,7.2,On Track
STU2428,79.7,82.2,13,7.7,95.2,0.4,4.7,8.6,6.21,Moderate Risk
STU2429,76.9,60.4,16,7.7,77.1,2.6,4.9,5.2,6.15,Moderate Risk
STU2430,74.1,72.6,8,6.9,97.2,0.1,3.4,5.3,7.29,On Track
STU2431,84.1,85.8,6,1.5,87.7,1.8,4.8,8.9,7.14,On Track
STU2432,89.0,79.0,5,1.5,77.4,1.1,3.6,3.7,7.1,On Track
STU2433,81.8,67.4,9,6.6,81.7,0.4,2.2,3.5,6.22,Moderate Risk
STU2434,94.8,78.7,14,1.2,62.3,1.0,3.2,9.9,6.82,Moderate Risk
STU2435,73.8,56.1,10,6.5,90.5,2.7,7.0,6.3,5.99,Moderate Risk
STU2436,91.3,73.4,11,4.1,91.8,0.9,5.3,3.5,7.09,On Track
STU2437,79.2,66.0,12,2.9,82.6,0.2,3.1,3.3,6.34,Moderate Risk
STU2438,78.6,49.0,9,2.1,65.3,0.1,0.9,8.9,4.59,High Risk
STU2439,89.2,86.8,8,17.7,89.3,2.3,8.3,6.8,8.08,On Track
STU2440,89.2,78.2,11,4.3,66.6,0.6,2.8,2.9,6.81,Moderate Risk
STU2441,94.2,64.3,8,4.9,78.4,4.0,5.7,9.1,6.66,Moderate Risk
STU2442,86.3,79.7,16,17.9,87.6,1.4,3.1,5.6,7.01,On Track
STU2443,88.7,85.2,11,6.4,91.4,0.9,0.8,9.9,6.44,Moderate Risk
STU2444,88.1,36.2,13,19.0,67.5,1.2,6.2,4.3,7.33,On Track
STU2445,96.5,66.9,12,0.7,85.3,0.9,3.7,6.2,7.05,On Track
STU2446,87.6,91.7,13,11.2,76.8,3.5,1.0,3.4,6.83,Moderate Risk
STU2447,83.4,85.5,11,2.5,96.7,0.9,2.6,5.5,6.35,Moderate Risk
STU2448,70.8,52.5,14,10.0,95.7,0.2,3.7,3.4,6.62,Moderate Risk
STU2449,75.1,89.1,12,11.6,67.9,1.4,3.5,4.5,7.05,On Track
STU2450,66.1,74.8,12,1.9,78.2,1.5,5.3,4.2,6.99,Moderate Risk
STU2451,79.5,61.6,10,3.2,77.9,2.2,3.7,4.3,6.08,Moderate Risk
STU2452,51.2,44.0,11,7.8,91.2,4.1,3.2,9.8,4.78,High Risk
STU2453,91.4,76.8,10,0.6,92.9,0.9,1.5,2.3,6.35,Moderate Risk
STU2454,72.1,69.5,14,8.5,92.7,0.7,7.9,6.0,7.47,On Track
STU2455,76.0,54.6,13,0.7,87.8,1.0,2.6,7.0,5.58,Moderate Risk
STU2456,49.5,63.0,15,14.8,88.9,3.5,2.1,7.3,5.69,High Risk
STU2457,88.9,61.9,13,1.9,81.7,5.9,1.6,8.0,6.28,Moderate Risk
STU2458,85.2,68.2,10,5.1,92.3,5.3,2.0,8.1,7.38,On Track
STU2459,79.8,34.9,8,0.7,98.2,0.4,5.1,9.6,5.0,High Risk
STU2460,80.8,82.9,13,1.9,84.9,1.0,1.2,8.0,5.94,Moderate Risk
STU2461,89.0,89.1,10,3.1,90.1,0.5,2.4,8.6,7.07,On Track
STU2462,35.9,75.2,19,4.0,60.3,0.7,0.8,6.3,6.04,High Risk
STU2463,76.5,83.0,8,0.0,67.2,0.0,1.8,7.3,5.79,Moderate Risk
STU2464,90.4,36.2,12,13.2,93.8,0.3,2.1,5.8,6.55,Moderate Risk
STU2465,57.5,57.4,10,0.0,75.7,0.8,1.9,4.2,4.41,High Risk
STU2466,59.5,76.5,13,8.9,81.2,0.7,1.6,4.5,6.1,High Risk
STU2467,87.4,68.5,14,3.8,67.6,0.5,6.6,4.9,6.99,Moderate Risk
STU2468,65.8,83.8,13,4.5,66.5,0.4,2.1,4.7,5.91,Moderate Risk
STU2469,83.9,67.6,10,1.4,60.7,2.1,4.9,6.3,5.7,Moderate Risk
STU2470,62.5,49.1,8,5.6,89.6,0.5,2.3,4.0,6.04,Moderate Risk
STU2471,82.6,38.0,14,4.6,77.9,1.8,1.3,6.1,5.58,Moderate Risk
STU2472,70.7,89.3,6,1.1,82.3,0.7,4.5,9.3,7.05,On Track
STU2473,82.6,85.3,8,1.6,78.8,2.4,5.7,5.2,7.17,On Track
STU2474,63.3,49.9,12,0.4,95.3,0.3,1.3,3.8,5.92,Moderate Risk
STU2475,87.6,73.1,8,0.4,84.7,0.3,4.2,4.8,7.52,On Track
STU2476,61.0,74.7,13,0.1,61.4,1.7,2.6,9.0,5.41,High Risk
STU2477,79.1,54.2,15,1.5,60.9,3.7,8.6,9.5,5.75,Moderate Risk
STU2478,71.3,62.0,15,6.8,88.6,0.2,5.4,9.1,6.56,Moderate Risk
STU2479,93.0,70.2,14,2.3,80.4,0.1,7.1,4.3,7.25,On Track
STU2480,83.5,86.9,9,2.5,86.1,4.1,2.3,5.1,6.63,Moderate Risk
STU2481,73.4,88.6,10,0.8,91.3,0.2,7.4,9.8,7.61,On Track
STU2482,96.7,90.4,18,5.1,87.2,0.4,4.8,4.6,7.63,On Track
STU2483,66.3,69.2,16,2.5,54.0,4.0,3.4,3.1,6.71,Moderate Risk
STU2484,81.5,63.5,7,6.8,60.0,2.4,4.5,4.3,5.83,Moderate Risk
STU2485,66.9,75.4,11,8.1,93.3,0.6,1.6,9.7,7.46,On Track
STU2486,65.3,88.3,15,5.3,91.6,4.6,3.4,5.3,6.83,Moderate Risk
STU2487,54.4,88.2,8,1.9,66.2,1.3,2.6,9.5,5.64,High Risk
STU2488,97.8,44.3,9,4.3,90.5,0.1,5.7,2.8,6.23,Moderate Risk
STU2489,79.2,71.1,18,1.7,58.7,1.8,0.6,8.1,6.03,Moderate Risk
STU2490,66.0,47.4,15,14.0,52.9,1.2,3.4,2.7,5.17,High Risk
STU2491,81.4,81.6,10,8.7,79.7,1.3,2.4,3.6,6.91,Moderate Risk
STU2492,78.3,63.9,12,4.1,66.6,7.7,7.8,6.9,5.6,Moderate Risk
STU2493,94.1,66.5,11,20.2,89.1,0.2,2.8,5.5,8.4,On Track
STU2494,54.0,82.0,9,4.7,86.8,1.6,2.6,7.3,5.88,High Risk
STU2495,72.7,39.4,15,2.4,74.5,0.9,3.4,9.8,5.06,High Risk
STU2496,73.6,64.2,10,0.6,88.9,0.5,4.6,2.4,6.8,Moderate Risk
STU2497,88.9,47.4,15,4.7,97.8,1.8,0.9,3.5,6.39,Moderate Risk
STU2498,48.2,59.5,9,11.8,91.3,1.7,1.3,7.1,3.59,High Risk
STU2499,84.3,81.0,14,12.1,70.6,2.9,7.8,9.2,8.29,On Track
STU2500,95.8,84.3,13,5.6,91.6,3.2,3.5,8.4,7.09,On Track
STU2501,57.9,90.0,11,3.0,77.6,1.2,11.0,5.7,6.82,High Risk
STU2502,94.3,75.1,13,6.3,80.8,0.6,1.7,8.0,6.16,Moderate Risk
STU2503,97.6,77.7,13,8.6,91.6,1.1,4.2,3.7,7.98,On Track
STU2504,75.3,59.7,14,3.2,84.8,0.7,3.5,2.1,6.56,Moderate Risk
STU2505,94.9,37.3,7,3.9,81.4,0.5,6.5,6.6,7.26,On Track
STU2506,90.4,67.6,13,6.8,83.1,1.2,1.1,8.5,6.36,Moderate Risk
STU2507,85.6,71.2,13,12.6,79.4,1.6,7.8,5.5,7.93,On Track
STU2508,89.1,67.0,9,9.4,83.6,1.3,3.3,6.6,6.84,Moderate Risk
STU2509,56.2,78.5,12,0.1,64.7,4.6,2.9,5.4,3.76,High Risk
STU2510,66.5,72.2,12,0.8,71.9,0.5,4.2,6.1,6.42,Moderate Risk
STU2511,88.5,58.3,11,11.5,47.9,0.7,2.9,9.1,6.92,Moderate Risk
STU2512,62.8,75.4,3,10.8,82.5,1.7,3.4,5.8,6.71,Moderate Risk
STU2513,68.1,80.1,10,3.0,66.9,1.4,6.0,2.1,6.65,Moderate Risk
STU2514,70.8,80.4,15,5.3,45.3,0.0,1.6,8.4,7.14,On Track
STU2515,89.2,75.6,9,14.2,82.9,0.6,4.1,6.9,8.46,On Track
STU2516,92.1,81.5,10,14.6,79.5,0.4,4.2,7.8,7.85,On Track
STU2517,85.4,54.1,10,9.2,94.2,2.7,8.1,9.2,5.94,Moderate Risk
STU2518,42.3,68.4,13,1.4,90.7,3.0,2.5,4.3,4.26,High Risk
STU2519,81.1,46.7,13,7.9,74.3,0.5,0.4,6.0,6.23,Moderate Risk
STU2520,78.7,79.7,12,0.6,92.2,0.2,2.3,6.8,6.2,Moderate Risk
STU2521,97.7,80.0,16,13.5,70.7,0.3,1.9,4.8,8.9,High Achiever
STU2522,83.8,74.4,9,1.0,83.8,0.3,7.3,8.8,7.58,On Track
STU2523,85.0,50.9,12,6.5,84.3,0.4,0.3,7.6,5.76,Moderate Risk
STU2524,78.9,75.0,11,5.7,73.6,0.4,5.5,7.9,7.32,On Track
STU2525,91.4,80.1,9,9.0,83.0,1.0,3.8,8.5,6.66,Moderate Risk
STU2526,84.8,78.5,16,4.8,89.3,0.6,1.3,4.1,7.31,On Track
STU2527,78.6,66.4,13,0.4,83.7,1.2,4.0,8.0,5.79,Moderate Risk
STU2528,86.8,64.7,12,7.3,82.7,0.6,0.8,8.2,6.22,Moderate Risk
STU2529,80.9,56.6,8,2.9,84.4,2.5,4.7,8.7,4.56,High Risk
STU2530,96.6,53.1,9,2.3,75.7,4.5,2.9,5.9,5.97,Moderate Risk
STU2531,86.1,86.2,13,28.7,94.2,0.8,0.6,6.0,8.22,On Track
STU2532,76.8,91.2,4,5.4,99.2,0.1,1.2,2.8,6.26,Moderate Risk
STU2533,86.7,81.2,13,7.4,91.2,0.4,4.8,8.8,7.67,On Track
STU2534,70.6,71.7,9,4.5,46.4,0.2,8.3,6.3,5.87,Moderate Risk
STU2535,75.4,83.0,12,8.8,84.5,0.6,8.4,6.8,7.81,On Track
STU2536,90.6,33.7,11,8.4,78.1,1.6,5.7,3.0,7.15,On Track
STU2537,86.6,86.0,7,6.4,94.1,1.1,1.0,6.8,6.94,Moderate Risk
STU2538,78.3,68.0,10,36.6,79.0,0.4,6.2,2.3,7.86,On Track
STU2539,61.4,79.1,18,3.7,88.5,2.2,9.0,9.4,6.27,Moderate Risk
STU2540,83.1,71.4,8,7.3,91.5,0.2,7.2,8.9,7.17,On Track
STU2541,77.5,87.2,15,9.6,68.8,0.4,3.9,3.6,7.99,On Track
STU2542,71.1,50.8,13,2.8,72.8,1.7,1.4,6.8,5.0,High Risk
STU2543,95.0,80.7,14,3.7,90.7,0.3,6.0,6.8,8.19,On Track
STU2544,57.6,92.4,10,20.9,85.8,1.7,3.1,8.4,6.35,High Risk
STU2545,70.3,52.7,7,0.2,95.0,5.7,3.0,8.1,5.38,High Risk
STU2546,94.1,31.8,14,2.5,83.9,2.7,3.2,9.9,5.29,High Risk
STU2547,69.6,89.1,14,4.0,68.4,0.3,3.2,4.8,6.02,Moderate Risk
STU2548,64.7,26.8,16,0.0,78.6,1.1,1.4,3.0,3.88,High Risk
STU2549,71.2,53.8,11,13.8,83.1,0.8,2.5,6.6,6.62,Moderate Risk
STU2550,91.6,71.4,12,2.0,85.4,7.2,7.8,8.1,6.67,Moderate Risk
STU2551,82.6,83.1,9,1.8,86.9,5.0,3.1,4.3,6.58,Moderate Risk
STU2552,72.5,55.9,16,10.3,83.1,0.2,2.4,3.9,6.36,Moderate Risk
STU2553,79.3,70.6,18,2.0,91.5,3.6,1.7,8.4,6.23,Moderate Risk
STU2554,91.9,75.4,12,6.4,64.2,0.3,1.7,8.0,7.88,On Track
STU2555,69.2,85.2,17,10.3,73.8,0.6,4.8,3.6,6.73,Moderate Risk
STU2556,68.9,61.8,18,9.4,77.7,0.7,3.8,9.0,6.93,Moderate Risk
STU2557,85.4,82.6,8,9.1,79.4,0.5,3.5,3.1,6.73,Moderate Risk
STU2558,74.9,76.1,12,0.6,95.7,2.9,4.7,2.9,5.45,High Risk
STU2559,65.3,70.5,18,0.5,58.4,0.6,5.6,4.8,7.31,On Track
STU2560,76.1,91.5,8,2.2,65.1,2.5,3.2,9.1,6.26,Moderate Risk
STU2561,62.3,74.0,11,0.2,88.4,7.8,5.1,7.6,5.34,High Risk
STU2562,84.5,50.9,10,4.2,97.7,2.8,2.1,5.2,6.24,Moderate Risk
STU2563,83.0,83.8,16,3.0,77.4,0.6,6.0,3.3,7.6,On Track
STU2564,95.7,73.4,16,4.9,85.7,1.9,2.8,7.7,6.67,Moderate Risk
STU2565,88.7,70.8,11,2.1,58.8,1.1,8.4,6.8,6.62,Moderate Risk
STU2566,68.6,46.1,7,4.0,87.9,2.3,3.1,9.9,5.11,High Risk
STU2567,61.8,78.2,11,2.4,86.4,0.2,1.5,8.1,5.49,High Risk
STU2568,63.7,91.5,10,1.3,74.2,1.5,3.8,2.8,5.91,Moderate Risk
STU2569,74.6,73.7,12,6.3,83.3,2.2,2.9,7.8,6.08,Moderate Risk
STU2570,89.5,60.6,14,6.7,77.5,2.1,1.2,4.1,6.26,Moderate Risk
STU2571,97.0,74.8,13,10.6,84.1,5.0,8.6,9.7,8.36,On Track
STU2572,77.7,97.4,11,12.5,92.2,0.1,2.9,2.2,8.17,On Track
STU2573,63.8,82.0,15,7.3,91.1,0.6,1.2,3.9,5.87,Moderate Risk
STU2574,85.7,72.4,8,7.0,93.5,1.0,2.9,6.0,7.27,On Track
STU2575,89.9,61.5,12,0.4,65.8,0.6,2.1,2.6,5.5,Moderate Risk
STU2576,94.4,59.2,12,0.7,97.6,0.6,2.3,4.8,6.33,Moderate Risk
STU2577,75.7,79.4,11,10.0,91.2,0.3,4.0,6.0,7.03,On Track
STU2578,43.5,59.5,10,1.6,84.1,2.5,1.9,5.6,4.87,High Risk
STU2579,37.4,87.7,13,2.6,72.4,3.6,5.5,5.7,5.0,High Risk
STU2580,63.7,90.3,14,0.9,67.8,0.1,2.1,9.0,6.49,Moderate Risk
STU2581,78.1,85.2,15,1.3,86.2,0.3,1.7,6.0,7.12,On Track
STU2582,93.2,65.3,12,9.0,59.0,0.4,3.4,9.5,7.31,On Track
STU2583,72.8,79.4,9,1.8,77.4,1.1,1.0,3.2,7.14,On Track
STU2584,92.1,76.2,13,3.6,73.3,2.3,2.9,4.2,6.86,Moderate Risk
STU2585,86.6,90.3,11,1.0,59.0,0.1,2.7,7.3,7.29,On Track
STU2586,71.2,75.2,10,6.8,69.7,1.5,2.5,4.3,5.97,Moderate Risk
STU2587,87.2,59.4,5,7.8,79.4,0.2,1.4,4.8,5.37,High Risk
STU2588,82.0,47.7,15,2.7,74.7,5.3,1.9,9.2,4.59,High Risk
STU2589,91.3,84.0,16,9.2,82.6,3.4,5.6,6.3,6.89,Moderate Risk
STU2590,80.3,71.7,7,1.6,52.3,4.5,1.7,4.7,4.78,High Risk
STU2591,85.4,78.9,11,7.1,73.7,0.2,6.2,8.2,6.91,Moderate Risk
STU2592,52.7,65.2,16,7.9,82.7,1.0,4.9,2.6,6.23,High Risk
STU2593,91.2,39.2,5,20.8,82.5,0.3,2.7,6.5,6.08,Moderate Risk
STU2594,81.4,76.7,14,1.6,97.9,1.4,6.3,2.8,7.54,On Track
STU2595,87.1,88.3,12,0.6,85.6,0.4,4.2,3.4,6.86,Moderate Risk
STU2596,66.2,70.2,15,1.8,68.9,2.2,2.8,2.5,4.74,High Risk
STU2597,91.7,79.9,18,0.8,89.7,1.5,1.8,9.2,6.48,Moderate Risk
STU2598,58.3,69.0,17,1.1,93.7,1.3,3.0,2.4,6.01,High Risk
STU2599,74.7,85.5,11,2.4,91.0,2.6,7.4,6.1,6.75,Moderate Risk
STU2600,92.5,80.6,10,3.2,78.1,1.0,3.0,3.8,6.27,Moderate Risk
STU2601,90.5,84.2,9,14.0,91.9,0.5,8.5,5.1,7.29,On Track
STU2602,64.1,74.3,13,1.3,91.2,1.5,2.3,5.9,5.35,High Risk
STU2603,73.5,64.2,19,21.4,95.2,4.7,5.3,5.6,6.02,Moderate Risk
STU2604,84.4,72.7,15,10.0,74.0,1.4,7.4,8.0,6.98,Moderate Risk
STU2605,95.7,80.5,16,12.8,85.1,1.5,2.6,9.3,7.64,On Track
STU2606,91.5,72.3,14,15.9,55.4,4.1,1.8,4.4,6.18,Moderate Risk
STU2607,86.4,59.7,12,8.4,70.2,1.1,0.4,2.2,5.86,Moderate Risk
STU2608,81.0,77.8,13,9.3,82.9,8.4,2.8,9.2,6.87,Moderate Risk
STU2609,56.5,60.3,11,3.5,64.3,0.3,4.6,9.8,5.82,High Risk
STU2610,53.1,60.9,12,4.3,44.5,1.2,1.8,5.5,4.56,High Risk
STU2611,71.3,85.5,20,16.2,73.2,0.4,2.2,5.6,6.49,Moderate Risk
STU2612,72.6,90.2,17,2.9,92.9,0.9,3.8,3.2,6.37,Moderate Risk
STU2613,71.2,56.3,13,0.3,78.7,0.3,5.1,5.8,5.35,High Risk
STU2614,62.2,82.7,7,8.6,57.0,0.4,3.7,4.4,6.56,Moderate Risk
STU2615,46.3,63.3,11,5.1,87.3,0.4,1.7,10.0,5.24,High Risk
STU2616,63.3,71.4,12,10.1,66.5,0.6,2.2,3.5,5.65,Moderate Risk
STU2617,99.2,39.8,23,0.5,93.0,0.2,1.8,5.0,6.9,Moderate Risk
STU2618,86.4,88.9,11,5.8,63.5,2.5,3.6,6.9,6.22,Moderate Risk
STU2619,52.8,92.3,10,1.7,67.7,0.4,2.1,4.8,5.78,High Risk
STU2620,94.5,91.3,15,14.0,87.2,0.8,1.8,5.8,8.35,On Track
STU2621,63.3,84.8,11,0.7,41.8,0.0,1.8,9.8,6.34,Moderate Risk
STU2622,58.6,60.7,12,11.1,89.3,0.2,8.1,6.1,6.79,High Risk
STU2623,39.9,68.8,9,0.6,80.4,3.4,3.7,9.3,4.64,High Risk
STU2624,93.3,59.8,15,0.2,86.0,2.7,6.5,2.3,6.41,Moderate Risk
STU2625,89.2,82.4,20,1.6,70.1,2.8,6.2,3.0,8.24,On Track
STU2626,81.5,76.1,6,2.4,85.0,0.8,6.3,9.6,6.18,Moderate Risk
STU2627,92.3,73.8,11,5.9,89.6,0.2,5.6,3.0,7.65,On Track
STU2628,69.0,75.7,10,0.8,73.0,0.2,8.6,7.9,5.87,Moderate Risk
STU2629,73.2,61.1,19,3.5,64.9,1.4,3.6,5.6,6.31,Moderate Risk
STU2630,84.1,66.0,13,1.4,99.0,2.6,3.7,5.3,6.11,Moderate Risk
STU2631,84.8,58.5,15,11.6,92.1,3.5,3.8,7.3,6.54,Moderate Risk
STU2632,72.6,69.9,11,0.3,73.9,0.5,1.0,7.8,5.7,Moderate Risk
STU2633,93.8,66.2,11,2.6,98.3,0.6,2.2,9.5,7.29,On Track
STU2634,69.3,61.1,14,6.0,51.7,0.2,5.8,4.1,5.19,High Risk
STU2635,95.6,82.8,18,14.7,52.8,2.2,2.8,7.6,7.74,On Track
STU2636,90.5,88.7,13,12.1,78.4,0.5,5.7,4.7,7.13,On Track
STU2637,90.8,88.1,6,13.5,89.3,1.0,3.0,7.7,7.16,On Track
STU2638,49.2,78.1,12,0.4,96.9,4.0,7.4,3.1,5.83,High Risk
STU2639,65.8,63.8,8,11.0,77.6,2.1,6.6,5.7,5.39,High Risk
STU2640,64.6,76.5,14,9.1,83.2,0.1,1.7,3.5,6.01,Moderate Risk
STU2641,72.1,57.9,9,14.0,89.7,0.0,1.1,4.7,6.54,Moderate Risk
STU2642,82.4,89.5,13,2.2,94.5,2.3,1.3,7.7,8.25,On Track
STU2643,63.5,70.1,4,14.6,85.8,1.2,1.1,3.9,6.3,Moderate Risk
STU2644,61.4,86.9,10,3.1,85.0,1.9,4.1,7.5,6.29,Moderate Risk
STU2645,71.9,83.1,5,6.0,86.7,0.3,3.9,6.0,6.15,Moderate Risk
STU2646,65.7,72.8,10,3.3,81.1,3.1,4.0,2.7,5.45,High Risk
STU2647,81.2,73.9,19,3.3,78.9,2.2,3.6,5.1,7.44,On Track
STU2648,37.7,89.1,12,4.7,75.7,3.3,4.4,9.0,6.01,High Risk
STU2649,87.6,60.8,7,2.6,51.9,0.6,1.7,9.9,5.43,High Risk
STU2650,84.2,66.7,11,9.4,56.8,0.5,7.9,5.0,6.7,Moderate Risk
STU2651,77.3,58.0,6,6.0,86.5,0.2,4.6,2.4,6.64,Moderate Risk
STU2652,84.6,88.0,8,7.0,94.6,4.0,1.5,3.0,6.71,Moderate Risk
STU2653,88.2,71.8,13,1.6,79.2,0.3,2.0,8.3,6.25,Moderate Risk
STU2654,85.6,91.1,11,21.0,76.4,0.2,4.2,7.2,7.28,On Track
STU2655,91.0,91.8,15,6.5,73.7,0.3,7.0,4.3,8.12,On Track
STU2656,76.9,61.2,10,1.3,67.4,2.2,2.0,5.1,6.55,Moderate Risk
STU2657,76.6,58.0,13,8.3,68.0,3.3,1.7,8.5,4.42,High Risk
STU2658,65.9,86.5,10,1.1,64.2,2.5,5.4,5.3,4.54,High Risk
STU2659,34.1,76.2,9,0.4,71.7,1.2,5.6,8.0,5.07,High Risk
STU2660,92.5,27.1,10,4.5,75.7,7.6,2.8,4.4,4.58,High Risk
STU2661,67.1,69.8,10,4.8,65.3,0.1,1.8,7.8,5.77,Moderate Risk
STU2662,90.3,69.0,18,1.3,81.5,3.0,2.3,5.7,6.18,Moderate Risk
STU2663,73.3,82.2,15,2.6,82.7,0.8,8.6,6.4,7.02,On Track
STU2664,91.7,52.4,16,17.5,72.0,0.9,9.5,6.8,7.05,On Track
STU2665,69.0,95.4,6,2.0,84.7,0.2,5.4,5.6,6.82,Moderate Risk
STU2666,86.9,82.1,17,1.0,84.9,0.1,4.5,5.7,7.22,On Track
STU2667,78.6,96.5,12,29.4,97.5,0.6,2.9,4.1,8.85,High Achiever
STU2668,71.5,79.7,9,2.2,80.7,0.3,6.0,9.9,6.14,Moderate Risk
STU2669,70.9,30.3,14,6.8,81.4,1.0,2.0,9.2,5.49,High Risk
STU2670,60.9,69.4,16,1.6,74.4,0.2,2.6,6.2,5.61,Moderate Risk
STU2671,78.1,72.9,7,4.8,89.0,0.2,2.4,2.3,5.9,Moderate Risk
STU2672,85.7,45.0,20,2.9,85.8,3.1,2.3,3.3,5.44,High Risk
STU2673,97.2,46.6,14,19.6,80.8,3.8,1.3,8.8,6.96,Moderate Risk
STU2674,68.7,78.0,7,3.4,69.2,5.0,0.8,9.4,5.29,High Risk
STU2675,60.3,44.7,18,5.3,94.4,1.7,2.9,3.3,4.51,High Risk
STU2676,51.7,85.2,10,17.4,92.4,2.2,7.0,7.9,6.67,High Risk
STU2677,58.3,76.3,12,27.2,51.9,2.7,5.8,7.0,6.4,High Risk
STU2678,77.6,79.5,17,0.6,87.0,1.6,4.0,4.4,6.25,Moderate Risk
STU2679,73.4,71.6,14,10.8,73.8,0.6,3.2,5.5,6.68,Moderate Risk
STU2680,81.8,80.3,12,2.9,87.0,0.3,8.9,7.4,8.02,On Track
STU2681,58.8,55.0,6,5.4,75.4,0.4,4.3,2.8,6.0,High Risk
STU2682,82.8,80.7,9,2.8,57.4,2.8,2.3,3.5,6.52,Moderate Risk
STU2683,82.0,95.0,14,3.1,72.6,1.8,3.2,2.3,7.11,On Track
STU2684,66.2,81.3,12,1.0,95.6,0.9,6.6,9.2,7.14,On Track
STU2685,68.4,41.0,13,5.1,76.4,0.0,0.8,6.6,5.38,High Risk
STU2686,41.1,60.1,13,4.7,85.8,0.5,6.1,6.2,5.28,High Risk
STU2687,91.2,87.6,10,1.3,49.7,2.0,3.2,7.6,6.32,Moderate Risk
STU2688,70.2,81.7,9,4.7,91.9,1.1,2.8,9.9,7.25,On Track
STU2689,83.0,87.5,10,21.7,89.8,0.9,2.0,3.4,7.98,On Track
STU2690,74.2,59.5,14,7.5,37.7,0.6,3.9,3.1,6.12,Moderate Risk
STU2691,81.7,54.2,8,3.9,84.4,1.4,4.1,4.4,6.39,Moderate Risk
STU2692,88.9,71.7,14,14.9,94.4,5.1,3.3,9.2,6.47,Moderate Risk
STU2693,77.6,64.4,11,5.1,72.7,3.5,2.1,5.3,5.9,Moderate Risk
STU2694,83.0,66.6,4,0.9,77.2,0.0,4.5,8.3,6.48,Moderate Risk
STU2695,90.6,92.7,20,4.8,85.5,1.0,7.2,3.6,8.47,On Track
STU2696,80.0,73.5,13,1.2,79.2,0.6,6.9,5.9,6.43,Moderate Risk
STU2697,67.7,72.9,10,8.8,72.1,1.1,2.2,3.0,5.74,Moderate Risk
STU2698,61.1,92.6,8,20.5,72.6,1.4,2.1,5.3,6.29,Moderate Risk
STU2699,75.6,78.6,6,2.7,67.9,0.3,3.5,4.1,6.08,Moderate Risk
STU2700,60.9,70.2,16,3.4,74.3,2.3,1.4,6.4,5.31,High Risk
STU2701,85.6,48.6,16,3.3,73.3,1.0,4.2,8.2,6.55,Moderate Risk
STU2702,39.7,70.4,12,2.0,67.0,7.2,2.2,9.5,4.43,High Risk
STU2703,65.8,87.8,18,9.5,93.8,0.0,2.0,4.3,7.12,On Track
STU2704,82.6,66.8,14,5.8,82.9,0.3,5.9,7.9,7.44,On Track
STU2705,79.9,53.7,11,0.4,86.6,1.8,1.5,9.1,5.05,High Risk
STU2706,83.1,62.3,11,11.0,83.3,1.8,4.6,3.0,6.38,Moderate Risk
STU2707,51.1,82.7,10,1.2,76.4,1.3,0.8,6.7,5.34,High Risk
STU2708,84.4,76.9,10,23.2,83.6,5.4,7.7,6.9,7.06,On Track
STU2709,62.6,76.6,17,2.8,69.4,0.8,3.3,4.2,5.98,Moderate Risk
STU2710,84.3,76.4,13,5.7,85.5,0.8,1.2,2.2,7.03,On Track
STU2711,71.1,84.3,13,0.5,84.2,3.6,3.2,4.1,6.41,Moderate Risk
STU2712,66.4,62.8,13,2.5,66.8,1.2,8.3,6.7,6.16,Moderate Risk
STU2713,78.0,88.5,13,9.7,57.0,0.7,1.4,3.6,5.67,Moderate Risk
STU2714,86.6,80.6,15,3.9,86.2,1.9,4.7,4.3,8.29,On Track
STU2715,72.1,72.5,15,14.1,74.9,1.5,3.7,7.7,7.15,On Track
STU2716,55.2,66.3,11,5.1,88.4,0.5,2.2,5.2,6.5,High Risk
STU2717,78.8,50.1,8,15.8,74.4,0.5,3.3,2.5,7.33,On Track
STU2718,75.0,89.5,10,24.3,92.1,0.8,3.3,5.2,6.94,Moderate Risk
STU2719,75.1,57.3,12,3.6,76.0,0.1,0.7,10.0,5.48,High Risk
STU2720,99.0,70.2,14,5.0,87.5,4.3,1.8,4.1,5.22,High Risk
STU2721,82.8,98.8,15,10.8,69.8,0.3,2.4,4.1,7.82,On Track
STU2722,84.6,70.6,10,1.5,61.2,0.3,6.9,3.4,7.18,On Track
STU2723,38.5,68.6,5,11.9,52.3,1.6,9.9,4.2,5.0,High Risk
STU2724,91.4,48.5,13,5.4,78.0,1.9,1.2,6.6,5.65,Moderate Risk
STU2725,68.1,52.2,14,7.8,72.0,2.0,5.0,9.7,6.3,Moderate Risk
STU2726,86.2,45.6,13,0.5,82.2,0.7,1.1,6.9,5.11,High Risk
STU2727,69.5,42.1,17,8.7,87.7,3.1,8.7,5.3,6.56,Moderate Risk
STU2728,51.8,79.7,7,2.2,85.4,1.2,4.0,5.1,6.27,High Risk
STU2729,73.0,62.1,16,9.8,85.9,0.9,2.8,2.2,6.26,Moderate Risk
STU2730,66.3,39.6,8,4.3,68.1,2.5,2.4,2.0,4.69,High Risk
STU2731,71.4,91.7,12,1.9,85.9,0.4,3.1,8.4,6.33,Moderate Risk
STU2732,80.5,91.6,10,18.3,87.1,3.0,2.0,5.9,8.02,On Track
STU2733,91.6,69.2,10,8.7,74.6,1.2,2.6,2.3,7.04,On Track
STU2734,65.4,83.4,10,25.5,92.8,3.5,1.4,4.3,6.58,Moderate Risk
STU2735,90.3,88.5,14,2.7,56.2,0.3,4.3,4.9,7.1,On Track
STU2736,96.4,78.5,7,6.3,88.3,4.1,2.4,8.3,6.39,Moderate Risk
STU2737,54.8,69.9,14,5.7,70.1,1.7,3.4,5.5,5.25,High Risk
STU2738,64.1,72.3,9,7.0,69.0,1.4,6.4,8.3,6.38,Moderate Risk
STU2739,84.7,59.6,11,0.2,61.1,0.8,4.7,7.1,6.97,Moderate Risk
STU2740,79.9,57.2,7,2.1,82.8,4.7,1.8,2.3,4.65,High Risk
STU2741,88.2,81.3,10,14.4,90.9,0.9,4.4,9.7,7.39,On Track
STU2742,68.4,82.3,15,3.3,56.7,1.0,3.6,3.5,6.37,Moderate Risk
STU2743,86.6,79.1,13,19.4,78.5,2.3,0.7,4.2,6.64,Moderate Risk
STU2744,88.0,53.7,12,1.4,76.5,0.5,4.5,8.5,7.69,On Track
STU2745,68.7,53.0,12,35.8,61.6,0.5,3.3,3.5,5.79,Moderate Risk
STU2746,92.0,91.4,9,7.2,88.4,2.2,2.3,5.2,7.22,On Track
STU2747,68.3,36.2,11,9.0,82.4,0.2,4.7,8.9,5.0,High Risk
STU2748,93.7,72.0,23,3.0,69.1,2.6,1.9,7.1,6.39,Moderate Risk
STU2749,86.3,60.1,17,14.3,91.5,1.5,4.5,4.4,6.94,Moderate Risk
STU2750,95.3,72.8,12,4.7,97.3,1.2,6.5,7.2,7.46,On Track
STU2751,87.2,88.2,12,6.9,77.2,0.4,1.5,8.5,7.21,On Track
STU2752,61.9,85.1,11,0.6,87.8,2.3,4.4,5.2,6.5,Moderate Risk
STU2753,98.0,85.1,6,6.0,90.5,2.5,0.4,6.6,7.39,On Track
STU2754,85.8,77.0,11,12.7,73.7,1.0,2.9,9.9,7.24,On Track
STU2755,92.8,79.9,9,1.2,89.6,0.7,3.6,9.7,6.65,Moderate Risk
STU2756,55.0,84.9,13,8.0,79.7,0.4,0.5,6.1,5.59,High Risk
STU2757,58.5,84.8,11,0.2,84.1,2.1,2.2,2.8,6.13,High Risk
STU2758,85.7,72.6,9,15.6,85.3,1.5,3.1,7.6,6.5,Moderate Risk
STU2759,46.5,86.6,20,24.4,86.4,0.3,2.3,4.1,7.26,High Risk
STU2760,85.7,84.0,17,2.6,52.7,2.4,1.6,7.4,5.9,Moderate Risk
STU2761,68.6,49.6,19,0.7,55.7,3.2,5.1,4.8,4.85,High Risk
STU2762,88.4,58.0,11,6.4,88.9,0.1,1.1,7.8,6.28,Moderate Risk
STU2763,81.1,80.8,14,0.2,84.4,2.2,4.0,4.9,6.28,Moderate Risk
STU2764,84.2,89.5,12,4.0,75.3,2.9,2.5,9.5,7.48,On Track
STU2765,55.5,64.6,10,1.9,70.9,7.2,3.1,3.1,3.58,High Risk
STU2766,96.3,66.6,13,3.8,87.7,0.4,3.9,2.5,7.66,On Track
STU2767,96.9,79.3,14,0.1,57.8,0.7,6.0,8.2,7.22,On Track
STU2768,76.3,35.6,15,0.3,83.5,5.1,2.3,5.2,4.69,High Risk
STU2769,86.3,75.3,14,0.1,66.4,0.1,1.4,5.7,6.04,Moderate Risk
STU2770,63.1,58.3,14,5.8,87.8,1.1,3.2,9.5,6.01,Moderate Risk
STU2771,81.0,74.2,11,4.9,66.0,1.1,3.2,6.7,6.18,Moderate Risk
STU2772,76.0,43.6,13,1.6,93.9,1.4,7.4,7.3,6.01,Moderate Risk
STU2773,53.4,53.1,11,6.2,57.8,0.6,1.5,2.2,5.14,High Risk
STU2774,76.8,79.7,12,12.9,95.9,3.9,4.6,7.4,8.13,On Track
STU2775,79.5,64.5,11,1.9,99.2,0.5,3.7,5.1,6.17,Moderate Risk
STU2776,68.6,60.4,12,10.7,84.7,1.6,5.7,5.7,6.59,Moderate Risk
STU2777,77.9,73.3,9,6.5,76.1,1.0,1.4,8.5,5.26,High Risk
STU2778,93.3,79.1,14,0.2,83.5,0.5,3.0,6.2,6.34,Moderate Risk
STU2779,90.2,73.0,12,2.8,65.1,0.3,6.3,9.9,6.57,Moderate Risk
STU2780,70.6,57.2,10,4.3,90.6,4.7,0.6,8.4,5.46,High Risk
STU2781,75.5,49.4,10,7.9,93.7,1.2,1.3,7.8,6.33,Moderate Risk
STU2782,83.6,81.8,15,2.0,87.3,1.4,4.5,6.7,7.87,On Track
STU2783,89.1,69.3,21,24.4,83.2,2.3,1.2,5.3,7.95,On Track
STU2784,85.2,77.9,9,6.9,90.7,0.1,3.2,2.4,7.0,Moderate Risk
STU2785,85.2,59.5,9,2.8,69.4,1.9,1.7,2.1,5.67,Moderate Risk
STU2786,68.9,51.1,18,0.6,65.8,0.3,3.6,2.4,6.03,Moderate Risk
STU2787,90.5,57.9,12,1.2,70.2,2.0,8.3,9.7,6.34,Moderate Risk
STU2788,98.9,84.1,9,4.0,82.5,0.2,2.0,4.6,7.56,On Track
STU2789,84.6,53.2,11,4.1,60.4,2.7,1.9,7.6,5.57,Moderate Risk
STU2790,76.7,78.5,10,8.8,79.1,1.7,6.0,6.8,7.44,On Track
STU2791,54.2,69.8,8,7.8,93.5,0.7,1.5,6.6,4.9,High Risk
STU2792,81.1,42.9,14,1.3,72.7,0.7,1.2,6.6,5.64,Moderate Risk
STU2793,52.6,66.8,6,5.4,81.9,0.2,1.7,4.4,5.63,High Risk
STU2794,81.0,83.1,13,0.1,83.1,3.5,4.2,9.1,6.13,Moderate Risk
STU2795,55.1,71.3,11,3.1,83.8,0.2,1.8,9.4,4.59,High Risk
STU2796,91.9,47.7,8,8.7,63.0,1.0,3.8,7.2,6.69,Moderate Risk
STU2797,57.7,89.5,20,3.1,68.9,0.4,4.5,8.9,5.84,High Risk
STU2798,80.8,63.4,12,10.8,82.4,8.4,2.5,2.5,5.35,High Risk
STU2799,84.0,37.7,4,22.4,70.6,1.3,2.4,2.8,6.17,Moderate Risk
STU2800,53.4,81.6,11,5.6,75.2,0.2,3.0,6.5,6.66,High Risk
STU2801,74.5,74.5,15,0.9,77.4,1.7,8.6,8.8,6.78,Moderate Risk
STU2802,98.0,66.4,7,2.9,77.0,7.2,2.2,4.5,5.97,Moderate Risk
STU2803,53.8,69.3,11,0.1,93.1,1.4,3.1,6.4,6.3,High Risk
STU2804,65.9,81.0,12,5.5,85.3,0.9,7.4,2.1,6.68,Moderate Risk
STU2805,77.9,90.3,12,10.3,78.3,0.5,7.7,9.9,7.42,On Track
STU2806,72.1,61.2,11,6.0,60.4,0.1,2.1,8.1,5.92,Moderate Risk
STU2807,95.0,67.7,5,9.3,51.1,0.4,1.5,4.9,6.02,Moderate Risk
STU2808,87.9,49.7,11,9.7,93.7,1.2,5.2,9.9,6.61,Moderate Risk
STU2809,81.5,93.3,19,11.4,84.4,2.1,3.0,2.7,8.82,High Achiever
STU2810,48.3,71.1,10,1.9,73.4,3.2,7.3,5.7,5.4,High Risk
STU2811,79.0,62.9,11,12.3,93.3,2.4,1.0,2.5,5.74,Moderate Risk
STU2812,86.6,65.6,9,6.4,81.6,0.2,1.5,4.7,6.01,Moderate Risk
STU2813,78.7,55.1,4,2.1,98.4,2.2,3.2,3.8,6.1,Moderate Risk
STU2814,66.2,89.3,9,26.2,60.4,1.3,3.4,4.5,6.66,Moderate Risk
STU2815,78.3,71.0,14,18.0,72.4,0.9,1.9,9.6,6.33,Moderate Risk
STU2816,78.0,61.2,18,5.1,93.2,1.3,3.5,5.4,6.84,Moderate Risk
STU2817,63.0,85.7,8,11.1,88.3,0.0,5.4,4.6,5.87,Moderate Risk
STU2818,89.1,62.6,11,1.8,79.7,0.1,3.3,7.1,6.98,Moderate Risk
STU2819,68.1,81.7,9,3.2,89.7,1.1,5.4,7.5,6.72,Moderate Risk
STU2820,80.4,55.9,11,1.2,83.6,0.3,2.5,9.9,5.82,Moderate Risk
STU2821,64.5,71.2,14,4.4,79.8,1.2,5.8,6.4,6.67,Moderate Risk
STU2822,93.2,70.0,9,4.1,75.5,0.7,4.1,8.0,6.81,Moderate Risk
STU2823,64.3,70.7,14,1.4,66.1,3.6,1.7,5.1,4.97,High Risk
STU2824,59.2,67.5,13,6.7,54.6,4.5,4.1,3.4,6.29,High Risk
STU2825,70.6,85.7,10,0.8,93.1,5.9,3.1,5.4,5.4,High Risk
STU2826,64.7,72.6,18,0.4,90.3,3.4,3.5,5.4,4.54,High Risk
STU2827,92.5,66.9,16,2.9,74.3,6.4,3.1,5.4,6.35,Moderate Risk
STU2828,66.0,63.0,14,3.2,81.1,1.8,2.1,7.6,4.8,High Risk
STU2829,96.6,91.0,8,2.3,87.6,4.8,8.5,5.2,8.22,On Track
STU2830,74.8,82.4,12,1.8,95.0,1.5,3.8,9.6,6.62,Moderate Risk
STU2831,86.6,56.7,14,2.5,77.7,2.5,3.3,9.9,6.49,Moderate Risk
STU2832,69.5,77.6,8,1.1,54.2,0.2,1.3,6.2,4.93,High Risk
STU2833,91.9,62.1,13,3.1,64.9,1.7,4.4,6.5,5.35,High Risk
STU2834,84.5,91.8,16,14.1,66.7,4.0,0.8,5.3,7.66,On Track
STU2835,68.9,72.7,7,1.5,63.5,1.2,4.7,4.8,4.92,High Risk
STU2836,95.7,82.2,12,6.9,73.6,0.3,1.5,9.9,6.57,Moderate Risk
STU2837,71.4,69.5,11,0.9,74.9,1.1,1.5,2.3,5.48,High Risk
STU2838,72.6,43.3,16,2.6,69.4,1.8,1.2,5.3,4.62,High Risk
STU2839,84.2,71.5,10,2.3,73.8,2.2,9.8,3.2,5.9,Moderate Risk
STU2840,72.1,81.7,8,16.6,71.1,1.1,6.5,7.8,7.83,On Track
STU2841,53.5,81.8,16,3.4,67.4,0.4,2.2,3.6,6.21,High Risk
STU2842,96.7,87.4,15,7.0,63.9,3.9,3.4,9.1,6.52,Moderate Risk
STU2843,63.9,55.0,10,5.5,79.3,2.2,4.3,5.0,5.83,Moderate Risk
STU2844,59.2,69.1,11,0.9,83.3,0.5,1.6,9.3,5.2,High Risk
STU2845,86.8,97.9,17,16.8,71.8,2.5,0.4,9.9,8.2,On Track
STU2846,80.2,64.1,6,2.5,73.0,0.6,2.2,8.2,6.46,Moderate Risk
STU2847,77.9,78.2,8,0.3,89.2,0.6,1.3,7.0,6.83,Moderate Risk
STU2848,83.3,90.3,16,2.1,58.7,3.0,2.1,3.2,6.77,Moderate Risk
STU2849,91.9,84.3,7,2.5,49.6,3.1,3.4,9.5,6.22,Moderate Risk
STU2850,85.4,67.4,8,0.6,71.6,0.8,0.8,8.2,6.14,Moderate Risk
STU2851,50.3,59.6,10,5.8,94.4,0.0,2.8,4.3,5.7,High Risk
STU2852,46.2,76.8,16,2.6,60.7,0.3,2.9,5.7,4.56,High Risk
STU2853,90.3,70.9,13,6.0,94.1,3.6,4.0,2.5,6.24,Moderate Risk
STU2854,99.5,62.1,10,0.0,71.1,3.4,3.3,7.3,5.75,Moderate Risk
STU2855,87.1,48.2,15,24.1,62.3,0.9,3.6,3.0,8.06,On Track
STU2856,73.7,76.8,10,1.1,60.0,0.5,3.0,7.2,5.2,High Risk
STU2857,80.7,81.4,13,6.5,91.7,0.5,4.3,7.4,7.34,On Track
STU2858,76.5,55.4,11,7.5,71.8,3.4,3.9,4.6,5.83,Moderate Risk
STU2859,82.9,84.0,12,1.1,89.0,0.6,1.2,9.6,6.41,Moderate Risk
STU2860,84.4,82.5,8,0.7,95.0,1.1,5.3,8.2,7.45,On Track
STU2861,78.3,85.5,13,1.0,67.9,2.0,2.7,6.0,7.02,On Track
STU2862,77.0,61.5,14,1.7,92.9,0.4,5.6,9.3,6.95,Moderate Risk
STU2863,89.7,65.1,13,1.1,55.3,0.4,3.5,8.8,6.36,Moderate Risk
STU2864,72.1,80.7,5,6.7,78.6,0.7,5.6,7.5,6.6,Moderate Risk
STU2865,72.8,94.0,15,3.3,65.8,1.6,4.9,3.2,6.85,Moderate Risk
STU2866,87.3,67.6,8,4.6,92.7,2.6,1.7,6.0,5.97,Moderate Risk
STU2867,91.4,80.0,16,0.3,96.4,1.2,1.9,8.9,7.69,On Track
STU2868,89.5,90.6,8,11.9,58.6,0.2,6.1,6.9,6.76,Moderate Risk
STU2869,84.3,88.1,11,1.1,56.1,0.9,4.5,6.4,7.42,On Track
STU2870,86.2,42.2,10,2.7,73.3,0.2,6.3,9.6,6.27,Moderate Risk
STU2871,70.2,56.5,10,0.4,56.2,0.1,1.5,2.1,4.61,High Risk
STU2872,59.3,56.8,12,0.9,75.1,1.3,2.3,2.1,5.27,High Risk
STU2873,45.4,29.7,11,6.6,82.5,4.7,2.7,9.1,3.72,High Risk
STU2874,88.3,73.9,10,7.1,71.4,2.7,4.0,2.3,7.45,On Track
STU2875,80.8,59.2,14,6.8,71.3,2.2,2.0,4.7,5.96,Moderate Risk
STU2876,72.3,83.8,15,4.8,86.0,1.9,5.2,9.4,7.68,On Track
STU2877,85.7,74.5,8,18.3,93.0,3.4,3.6,7.5,5.99,Moderate Risk
STU2878,64.9,44.4,13,4.2,74.3,2.1,3.6,7.2,5.28,High Risk
STU2879,91.5,94.6,15,3.6,67.3,1.5,3.7,7.3,7.98,On Track
STU2880,31.8,77.4,6,1.7,72.7,0.7,2.7,4.5,3.74,High Risk
STU2881,70.5,39.1,6,0.6,71.0,0.2,3.8,6.2,5.49,High Risk
STU2882,97.6,84.2,12,4.8,95.6,0.9,4.4,7.0,7.76,On Track
STU2883,61.7,93.0,14,2.3,95.5,3.9,2.4,4.4,6.57,Moderate Risk
STU2884,97.5,72.8,10,4.5,90.5,1.3,2.0,8.4,5.91,Moderate Risk
STU2885,57.1,53.4,8,1.4,90.7,0.3,2.9,4.6,4.36,High Risk
STU2886,66.8,91.0,14,10.9,63.9,1.6,2.9,2.6,5.87,Moderate Risk
STU2887,71.1,54.5,13,48.6,78.3,0.9,4.9,3.6,7.23,On Track
STU2888,90.2,74.0,14,2.3,92.3,4.0,2.5,5.3,6.42,Moderate Risk
STU2889,73.5,61.1,15,11.1,87.7,0.3,5.1,9.3,6.54,Moderate Risk
STU2890,53.4,60.6,13,12.4,65.9,1.9,5.7,5.3,5.82,High Risk
STU2891,94.2,79.8,8,33.2,92.3,1.7,3.0,2.7,8.31,On Track
STU2892,85.4,90.5,15,2.5,85.0,6.2,3.6,3.6,7.26,On Track
STU2893,83.8,91.6,11,8.5,94.8,1.2,5.1,6.4,8.27,On Track
STU2894,82.7,74.9,10,1.6,94.9,3.1,6.2,3.4,6.33,Moderate Risk
STU2895,92.8,71.6,7,5.9,77.2,0.0,3.4,2.5,7.02,On Track
STU2896,37.9,82.1,16,7.3,79.6,0.2,2.1,7.7,5.66,High Risk
STU2897,81.7,67.7,8,8.1,95.5,0.6,5.0,8.3,7.02,On Track
STU2898,93.1,71.8,9,1.4,92.7,1.4,3.1,8.8,7.02,On Track
STU2899,74.2,55.4,9,11.3,92.8,0.9,1.9,8.8,6.04,Moderate Risk
STU2900,68.9,80.5,5,3.3,55.0,0.3,6.2,5.0,6.09,Moderate Risk
STU2901,79.9,85.5,6,1.5,88.5,1.3,3.7,7.9,5.79,Moderate Risk
STU2902,52.6,79.3,14,4.7,77.9,1.3,6.6,6.7,6.06,High Risk
STU2903,67.2,58.7,5,11.9,85.9,1.1,4.8,2.2,6.29,Moderate Risk
STU2904,95.8,53.0,10,20.5,65.0,0.1,3.1,5.2,7.47,On Track
STU2905,82.7,83.3,10,8.3,60.8,3.9,5.4,2.4,7.19,On Track
STU2906,57.6,47.3,13,0.0,61.7,1.3,5.0,2.7,4.15,High Risk
STU2907,62.5,81.2,11,0.9,87.9,0.5,1.8,2.4,5.91,Moderate Risk
STU2908,86.6,37.5,8,0.5,90.1,1.7,4.7,9.7,5.36,High Risk
STU2909,92.3,74.2,8,0.6,93.5,0.6,8.1,8.8,7.41,On Track
STU2910,74.3,68.4,7,2.9,68.7,1.1,3.2,5.5,6.01,Moderate Risk
STU2911,83.3,55.5,15,2.5,32.7,0.6,5.0,4.0,4.67,High Risk
STU2912,86.9,48.2,13,0.7,81.8,3.2,9.1,2.6,5.69,Moderate Risk
STU2913,94.0,50.9,13,12.8,78.3,7.7,2.8,5.4,6.03,Moderate Risk
STU2914,78.9,53.1,15,5.7,83.3,0.3,3.9,6.8,5.85,Moderate Risk
STU2915,97.5,64.3,8,9.6,82.2,0.0,3.7,8.4,6.72,Moderate Risk
STU2916,89.8,92.0,16,2.8,95.3,0.4,3.5,2.4,7.33,On Track
STU2917,56.4,66.3,11,3.2,83.3,1.3,9.0,5.3,5.86,High Risk
STU2918,84.6,78.9,18,2.3,74.6,0.3,1.3,9.8,6.82,Moderate Risk
STU2919,90.5,75.6,12,3.5,84.9,2.5,3.2,3.0,7.03,On Track
STU2920,83.3,64.2,12,5.7,74.8,0.8,3.0,5.2,6.6,Moderate Risk
STU2921,74.6,52.3,10,4.1,75.5,1.4,3.1,4.2,6.33,Moderate Risk
STU2922,43.1,57.3,18,10.9,95.3,0.9,1.8,3.1,5.7,High Risk
STU2923,74.2,68.0,15,13.8,48.8,3.5,5.8,8.7,7.16,On Track
STU2924,74.6,88.0,8,3.8,84.8,0.1,4.7,7.6,6.93,Moderate Risk
STU2925,83.1,59.8,14,1.6,92.5,2.0,2.2,5.3,6.9,Moderate Risk
STU2926,74.8,62.6,14,17.4,73.3,1.6,2.5,5.0,6.96,Moderate Risk
STU2927,87.2,64.0,12,8.0,85.3,1.6,1.6,8.6,5.49,High Risk
STU2928,49.2,79.3,10,6.1,67.6,0.8,2.7,2.7,6.28,High Risk
STU2929,97.5,92.2,12,8.2,89.1,0.0,3.9,3.2,8.14,On Track
STU2930,88.2,39.1,15,0.5,67.1,1.8,1.4,9.3,5.97,Moderate Risk
STU2931,95.6,88.3,13,0.4,61.1,2.7,2.8,8.5,6.41,Moderate Risk
STU2932,73.9,75.8,11,1.0,89.6,0.1,8.5,8.2,7.76,On Track
STU2933,87.4,81.8,13,1.0,82.3,0.9,1.1,7.0,7.28,On Track
STU2934,83.4,83.1,12,3.3,82.4,0.3,2.3,4.3,6.89,Moderate Risk
STU2935,74.5,82.3,13,1.0,83.2,1.4,4.0,9.5,7.0,Moderate Risk
STU2936,68.6,39.7,12,11.6,89.1,2.3,2.7,5.9,5.19,High Risk
STU2937,72.8,65.7,9,5.2,65.4,1.6,1.3,4.2,5.48,High Risk
STU2938,77.9,70.5,17,2.8,82.7,0.6,3.9,4.9,6.47,Moderate Risk
STU2939,69.4,39.4,13,0.4,94.6,0.2,3.1,2.1,4.22,High Risk
STU2940,98.3,35.3,15,5.4,74.4,2.4,2.3,4.0,6.29,Moderate Risk
STU2941,86.4,80.8,8,0.7,84.4,0.6,2.7,3.5,6.77,Moderate Risk
STU2942,37.6,55.5,13,8.2,97.9,0.0,2.7,3.1,4.46,High Risk
STU2943,71.9,70.1,11,9.7,88.1,1.3,1.9,2.3,6.04,Moderate Risk
STU2944,79.8,71.6,10,4.7,88.7,0.4,6.0,3.8,7.59,On Track
STU2945,74.8,75.7,9,1.0,80.5,2.8,6.4,2.8,6.7,Moderate Risk
STU2946,76.3,94.9,16,9.3,71.1,0.2,0.6,2.4,6.41,Moderate Risk
STU2947,56.3,64.1,16,2.2,66.1,0.9,3.2,3.1,5.9,High Risk
STU2948,83.9,82.8,3,1.5,86.6,0.4,7.1,3.6,6.72,Moderate Risk
STU2949,83.9,88.9,15,3.8,86.3,1.8,2.5,5.3,6.33,Moderate Risk
STU2950,66.3,63.8,14,15.4,69.2,1.2,5.4,6.7,7.3,On Track
STU2951,86.7,90.1,10,2.1,84.4,2.3,4.8,4.6,7.97,On Track
STU2952,76.3,74.9,11,14.2,87.2,0.9,1.9,3.1,6.4,Moderate Risk
STU2953,90.2,59.5,10,0.3,68.2,0.0,3.1,9.5,6.56,Moderate Risk
STU2954,53.3,88.0,10,0.5,69.9,0.4,3.3,6.1,6.44,High Risk
STU2955,96.7,54.3,17,7.2,81.5,10.6,2.3,7.9,5.33,High Risk
STU2956,61.3,48.9,11,1.3,88.1,0.8,4.3,7.6,4.93,High Risk
STU2957,70.8,54.4,18,2.3,87.5,1.5,4.9,4.3,4.94,High Risk
STU2958,67.3,78.8,11,0.9,69.5,3.5,3.6,6.5,5.45,High Risk
STU2959,66.4,78.2,10,2.4,70.5,0.0,5.2,6.8,6.2,Moderate Risk
STU2960,80.7,66.2,17,2.0,81.5,1.6,3.6,4.8,5.99,Moderate Risk
STU2961,35.6,82.0,9,8.0,90.6,0.5,3.3,7.4,5.26,High Risk
STU2962,90.5,51.2,12,7.3,68.3,0.5,0.9,8.3,6.49,Moderate Risk
STU2963,85.1,78.0,14,18.6,77.9,0.4,1.4,4.9,7.56,On Track
STU2964,62.1,62.0,13,7.7,60.0,2.6,7.8,2.1,6.04,Moderate Risk
STU2965,61.8,66.5,11,7.1,91.5,0.7,4.5,4.8,6.68,Moderate Risk
STU2966,80.7,62.6,14,7.1,70.6,0.1,7.0,2.9,6.74,Moderate Risk
STU2967,88.1,71.3,10,12.9,90.0,0.2,3.0,3.2,7.37,On Track
STU2968,73.4,78.2,8,2.1,92.8,0.2,10.6,4.9,7.08,On Track
STU2969,62.4,18.4,9,2.1,81.4,3.4,3.2,3.7,4.59,High Risk
STU2970,95.8,76.7,9,8.1,86.9,0.8,3.0,9.5,7.74,On Track
STU2971,55.6,86.0,14,1.6,60.3,3.7,1.0,7.2,5.48,High Risk
STU2972,82.3,83.4,13,14.6,94.8,2.6,5.2,6.1,7.8,On Track
STU2973,77.9,71.7,10,4.6,94.9,2.7,6.9,2.1,7.63,On Track
STU2974,96.6,67.8,12,2.1,82.7,0.5,8.8,2.8,6.79,Moderate Risk
STU2975,76.9,91.4,16,9.0,94.8,0.5,3.4,8.3,7.78,On Track
STU2976,93.7,72.0,7,2.2,74.1,1.2,2.1,5.1,5.49,High Risk
STU2977,90.9,75.6,13,19.8,52.4,0.8,3.1,2.4,6.92,Moderate Risk
STU2978,63.5,55.2,20,24.4,79.8,1.1,4.5,8.6,7.05,On Track
STU2979,77.4,85.2,15,6.6,54.6,0.1,2.8,4.4,5.24,High Risk
STU2980,72.0,75.2,6,0.7,75.5,5.3,3.0,5.1,4.76,High Risk
STU2981,81.8,47.9,9,1.8,80.4,0.1,3.3,9.8,5.44,High Risk
STU2982,70.2,87.4,10,4.3,73.9,0.3,3.4,2.1,7.08,On Track
STU2983,56.8,88.7,9,11.4,64.7,1.7,1.5,7.8,4.34,High Risk
STU2984,95.7,74.4,16,1.2,99.6,0.3,3.8,9.6,7.06,On Track
STU2985,76.1,54.1,5,0.7,53.5,0.2,2.0,2.5,5.57,Moderate Risk
STU2986,92.5,86.4,16,0.5,83.0,0.3,3.6,8.9,6.91,Moderate Risk
STU2987,63.5,83.5,8,4.2,62.9,0.1,1.1,5.3,5.14,High Risk
STU2988,92.3,39.6,9,13.0,64.4,0.4,6.2,9.0,6.65,Moderate Risk
STU2989,82.3,75.1,13,0.3,85.5,0.5,3.3,4.5,6.4,Moderate Risk
STU2990,76.4,55.9,8,1.4,93.8,1.0,2.9,9.9,6.7,Moderate Risk
STU2991,85.2,89.8,11,7.1,92.5,0.9,5.8,7.2,8.19,On Track
STU2992,70.8,62.5,7,10.5,84.6,1.0,4.5,7.0,6.49,Moderate Risk
STU2993,93.5,64.3,11,9.9,88.7,1.4,2.8,8.4,6.2,Moderate Risk
STU2994,85.8,37.9,9,9.2,81.3,0.4,6.6,5.5,6.18,Moderate Risk
STU2995,71.4,71.9,16,0.8,88.8,0.2,3.3,4.1,6.06,Moderate Risk
STU2996,79.2,82.5,13,3.0,86.1,3.2,3.2,4.1,6.29,Moderate Risk
STU2997,80.5,81.2,14,25.1,95.2,1.5,3.6,4.6,7.66,On Track
STU2998,77.5,51.3,11,27.0,68.1,0.1,9.2,6.9,7.33,On Track
STU2999,96.1,47.5,14,5.5,82.0,4.9,1.1,8.7,5.86,Moderate Risk
STU3000,93.3,71.5,13,7.4,84.2,1.8,9.6,6.0,6.92,Moderate Risk
STU3001,95.3,84.7,7,18.1,97.6,0.2,5.7,5.2,7.67,On Track
STU3002,84.8,77.6,10,3.6,88.9,5.2,2.8,8.4,5.82,Moderate Risk
STU3003,76.5,63.9,11,0.9,70.9,0.7,2.5,4.3,5.21,High Risk
STU3004,58.7,81.5,13,6.6,94.4,6.3,3.9,7.5,4.68,High Risk
STU3005,68.9,68.0,7,19.3,66.8,0.2,4.4,2.8,6.69,Moderate Risk
STU3006,81.0,79.9,11,7.2,80.1,0.3,6.3,2.9,7.78,On Track
STU3007,86.5,37.2,15,9.8,90.1,1.6,3.2,7.2,6.83,Moderate Risk
STU3008,73.1,89.4,18,3.3,56.3,0.0,3.2,2.7,7.24,On Track
STU3009,87.6,67.8,10,0.6,75.2,0.0,0.7,3.2,5.84,Moderate Risk
STU3010,77.2,83.5,10,1.1,97.2,2.4,2.4,7.0,7.31,On Track
STU3011,75.8,81.9,12,24.3,91.9,0.3,7.8,5.5,8.6,High Achiever
STU3012,64.0,62.3,7,4.1,93.1,3.8,4.6,6.5,5.14,High Risk
STU3013,92.5,74.6,9,0.1,75.2,0.8,4.5,9.8,7.28,On Track
STU3014,72.5,94.9,12,18.7,92.5,3.1,2.6,7.1,7.63,On Track
STU3015,81.9,71.8,9,4.1,67.1,0.8,2.4,6.7,6.95,Moderate Risk
STU3016,62.5,70.8,16,10.9,85.3,1.1,4.6,5.0,6.44,Moderate Risk
STU3017,78.2,89.1,16,4.8,76.2,0.6,4.0,7.0,7.12,On Track
STU3018,60.2,77.9,10,0.6,58.0,1.6,4.6,2.1,5.4,High Risk
STU3019,90.5,72.1,9,5.7,83.8,0.6,3.6,6.5,7.16,On Track
STU3020,88.4,64.0,16,35.7,89.6,0.4,4.0,2.6,7.96,On Track
STU3021,65.5,80.1,8,0.2,83.1,0.1,1.4,3.8,5.29,High Risk
STU3022,65.4,64.9,11,11.1,91.1,0.1,8.4,6.5,7.16,On Track
STU3023,99.8,91.1,17,1.6,77.8,0.5,2.7,7.3,7.52,On Track
STU3024,73.8,68.6,9,3.0,78.7,2.0,3.7,5.1,5.8,Moderate Risk
STU3025,86.2,61.3,15,2.8,93.9,0.3,0.7,5.4,5.67,Moderate Risk
STU3026,89.7,83.1,12,13.7,89.3,0.5,2.4,6.0,7.13,On Track
STU3027,69.3,85.7,6,4.2,92.1,3.5,3.5,8.1,7.02,On Track
STU3028,94.5,83.5,12,3.6,90.0,1.5,4.5,2.1,6.9,Moderate Risk
STU3029,69.3,39.4,12,10.2,93.7,3.8,0.9,5.6,5.12,High Risk
STU3030,79.2,44.5,13,0.3,62.3,3.6,3.5,2.1,5.53,Moderate Risk
STU3031,79.9,90.5,11,0.5,94.3,0.1,6.3,4.6,7.54,On Track
STU3032,73.0,81.3,9,0.1,79.0,4.7,4.2,6.2,5.46,High Risk
STU3033,95.1,64.5,9,7.0,81.0,0.1,6.7,2.6,8.55,High Achiever
STU3034,56.8,88.5,10,4.5,98.0,3.9,4.5,5.9,6.55,High Risk
STU3035,77.8,55.6,7,12.5,94.5,1.2,2.5,9.4,6.1,Moderate Risk
STU3036,95.9,65.7,9,4.1,68.8,1.1,3.1,7.5,6.27,Moderate Risk
STU3037,69.9,85.9,8,1.5,73.8,1.9,3.7,8.3,6.54,Moderate Risk
STU3038,89.3,70.5,13,9.8,77.1,3.2,4.7,6.6,6.54,Moderate Risk
STU3039,52.0,79.1,11,2.1,78.7,1.4,4.9,9.2,6.68,High Risk
STU3040,59.6,84.2,9,16.5,59.6,0.8,2.7,3.2,6.21,High Risk
STU3041,84.4,50.8,13,1.7,82.5,0.2,2.7,5.6,5.61,Moderate Risk
STU3042,64.6,87.4,8,1.1,63.1,2.3,2.4,6.8,6.1,Moderate Risk
STU3043,77.3,68.8,9,4.1,89.1,0.2,1.3,9.0,6.16,Moderate Risk
STU3044,77.9,60.4,12,0.3,70.1,1.9,5.5,4.5,6.11,Moderate Risk
STU3045,96.3,73.4,15,0.2,79.3,1.1,2.8,2.0,6.83,Moderate Risk
STU3046,75.4,71.2,23,4.1,75.7,0.7,1.7,9.8,7.48,On Track
STU3047,78.7,71.2,15,1.5,73.0,1.4,4.4,2.2,7.08,On Track
STU3048,87.6,78.3,16,0.1,89.0,2.2,4.7,3.2,7.25,On Track
STU3049,73.6,68.7,11,2.1,82.1,4.2,1.5,5.4,5.86,Moderate Risk
STU3050,85.6,62.5,8,3.9,90.2,0.5,6.3,6.0,7.31,On Track
STU3051,96.5,60.8,12,3.0,93.0,4.4,5.8,8.7,6.78,Moderate Risk
STU3052,65.1,87.4,11,0.9,76.6,4.9,3.7,5.6,6.17,Moderate Risk
STU3053,81.6,64.3,9,5.2,87.0,2.5,3.6,6.4,6.95,Moderate Risk
STU3054,67.7,31.4,12,7.4,74.9,3.2,5.5,3.6,4.93,High Risk
STU3055,44.0,67.5,11,6.8,97.9,1.8,2.6,6.6,4.85,High Risk
STU3056,73.1,52.5,10,3.0,85.9,0.1,6.3,4.8,6.7,Moderate Risk
STU3057,92.3,89.6,17,0.9,51.6,1.3,0.9,2.8,6.62,Moderate Risk
STU3058,82.9,83.9,15,4.2,52.7,2.1,3.9,9.6,7.06,On Track
STU3059,55.1,68.9,12,13.3,78.6,4.3,3.3,2.7,4.88,High Risk
STU3060,91.2,55.2,10,3.8,65.7,1.3,1.4,7.4,5.57,Moderate Risk
STU3061,94.1,91.8,14,1.3,65.8,2.4,5.6,9.3,7.2,On Track
STU3062,72.8,60.3,13,0.6,85.9,1.8,2.4,3.4,5.7,Moderate Risk
STU3063,57.0,87.4,13,17.3,45.9,0.5,5.2,3.9,7.22,High Risk
STU3064,70.4,86.3,7,8.2,88.2,0.3,4.6,5.4,6.54,Moderate Risk
STU3065,88.8,54.9,11,2.3,81.4,2.1,2.0,4.4,5.42,High Risk
STU3066,70.2,77.4,10,2.1,49.2,0.4,1.0,8.1,4.74,High Risk
STU3067,86.9,74.5,14,13.5,65.0,0.4,4.2,4.7,7.69,On Track
STU3068,91.8,75.9,16,1.2,89.3,1.5,4.7,9.9,7.92,On Track
STU3069,87.5,75.7,13,4.6,79.4,2.3,3.9,8.9,6.89,Moderate Risk
STU3070,82.6,82.9,12,7.5,68.4,1.3,2.0,9.2,6.37,Moderate Risk
STU3071,87.9,83.7,9,3.0,80.0,3.2,9.1,2.5,7.18,On Track
STU3072,56.0,57.7,8,0.2,74.6,0.4,3.3,3.4,5.18,High Risk
STU3073,55.3,64.7,10,1.6,96.1,0.4,1.1,3.4,5.3,High Risk
STU3074,74.6,91.6,11,13.9,92.8,1.5,5.6,7.4,8.27,On Track
STU3075,80.4,95.3,14,4.4,67.8,2.7,2.2,2.1,6.4,Moderate Risk
STU3076,81.6,53.4,13,10.1,57.2,1.2,4.8,8.5,7.36,On Track
STU3077,87.6,78.3,15,4.9,78.5,0.0,1.9,6.4,7.33,On Track
STU3078,79.6,88.6,14,17.3,93.8,1.7,3.3,6.5,7.34,On Track
STU3079,55.2,44.4,9,14.4,69.6,2.5,1.6,6.3,5.77,High Risk
STU3080,88.1,57.8,11,4.0,72.2,0.5,3.2,6.3,5.55,Moderate Risk
STU3081,74.2,64.0,19,2.3,90.7,0.1,2.1,3.6,6.71,Moderate Risk
STU3082,73.6,74.5,10,5.5,94.7,1.1,2.9,4.3,5.99,Moderate Risk
STU3083,51.6,78.1,12,6.7,84.3,0.1,2.4,5.9,6.22,High Risk
STU3084,64.8,73.8,7,4.1,79.0,0.8,5.8,7.4,6.03,Moderate Risk
STU3085,68.1,91.7,12,10.4,83.8,0.0,6.9,4.2,6.95,Moderate Risk
STU3086,59.0,54.7,10,1.2,88.9,0.4,2.4,8.4,5.69,High Risk
STU3087,59.4,88.9,11,2.4,90.8,0.7,6.1,8.5,6.98,High Risk
STU3088,88.7,87.0,13,7.0,91.7,0.2,8.8,4.2,8.47,On Track
STU3089,82.8,80.6,19,1.7,95.3,0.2,1.5,6.5,6.41,Moderate Risk
STU3090,69.5,85.0,12,3.5,73.4,2.6,3.0,4.8,6.71,Moderate Risk
STU3091,69.2,55.9,16,19.9,82.7,0.1,2.6,3.5,6.94,Moderate Risk
STU3092,86.5,52.2,9,5.9,95.6,1.8,8.6,8.4,6.36,Moderate Risk
STU3093,67.4,43.3,13,17.9,85.6,2.5,3.8,9.9,5.58,Moderate Risk
STU3094,81.0,70.7,20,7.7,79.4,0.2,8.8,6.5,7.6,On Track
STU3095,90.4,28.3,12,7.7,89.2,0.3,5.1,9.3,6.19,Moderate Risk
STU3096,94.3,45.5,5,5.4,79.3,1.5,5.4,7.1,6.08,Moderate Risk
STU3097,65.6,49.4,10,0.9,82.4,0.6,3.3,6.5,5.69,Moderate Risk
STU3098,71.6,89.9,9,4.4,98.0,1.0,4.4,5.8,7.62,On Track
STU3099,86.5,56.4,10,1.7,95.2,2.7,4.2,3.9,6.07,Moderate Risk
STU3100,88.4,88.1,13,39.7,87.9,0.2,4.5,2.7,7.78,On Track
STU3101,77.9,63.7,14,1.9,88.7,1.5,0.9,5.5,6.18,Moderate Risk
STU3102,49.3,65.5,10,1.6,91.8,4.3,7.8,6.5,5.08,High Risk
STU3103,76.1,37.2,9,5.9,74.4,0.1,4.6,6.1,4.75,High Risk
STU3104,68.1,63.4,17,4.3,80.8,0.1,3.0,7.6,6.23,Moderate Risk
STU3105,89.1,72.0,6,0.1,77.1,1.2,5.5,3.5,6.89,Moderate Risk
STU3106,94.8,41.6,8,0.8,98.8,4.8,3.1,4.8,5.43,High Risk
STU3107,74.1,61.3,11,10.0,91.8,0.4,6.2,5.3,6.99,Moderate Risk
STU3108,72.2,71.4,10,4.0,92.1,0.6,2.4,3.5,6.43,Moderate Risk
STU3109,80.1,66.6,11,0.9,91.6,0.2,7.9,9.3,6.06,Moderate Risk
STU3110,88.8,91.2,18,3.8,96.1,0.7,3.8,7.5,6.81,Moderate Risk
STU3111,75.2,68.9,9,1.8,70.3,0.1,7.9,2.7,6.74,Moderate Risk
STU3112,93.2,76.1,16,1.5,83.0,0.7,9.6,7.7,7.26,On Track
STU3113,64.4,67.2,9,19.0,64.0,1.2,2.6,6.4,6.21,Moderate Risk
STU3114,80.6,81.9,10,2.7,69.3,5.5,0.5,6.2,4.65,High Risk
STU3115,92.6,62.0,10,0.3,93.0,2.6,0.4,9.9,5.86,Moderate Risk
STU3116,77.5,37.7,16,21.1,56.8,2.6,1.5,6.9,5.69,Moderate Risk
STU3117,77.2,55.2,10,9.5,87.0,0.4,1.4,9.2,6.39,Moderate Risk
STU3118,59.5,75.6,13,1.8,75.4,0.1,2.6,9.3,5.99,High Risk
STU3119,90.0,69.9,10,3.2,87.6,1.4,6.0,2.8,7.3,On Track
STU3120,87.3,50.9,11,11.9,62.6,1.1,2.8,2.1,4.74,High Risk
STU3121,73.3,68.7,8,2.7,87.4,1.1,4.2,5.5,5.37,High Risk
STU3122,98.7,60.5,11,5.0,86.8,0.2,5.2,8.2,7.79,On Track
STU3123,85.4,80.6,7,4.6,83.8,1.0,4.9,8.6,6.95,Moderate Risk
STU3124,77.8,82.7,11,3.1,78.5,0.2,1.5,8.3,5.9,Moderate Risk
STU3125,80.5,82.6,14,6.1,70.2,0.8,1.8,5.6,6.77,Moderate Risk
STU3126,85.2,86.4,19,3.8,86.8,0.1,2.0,8.0,7.99,On Track
STU3127,71.4,44.5,12,0.1,78.1,2.9,1.9,7.8,3.76,High Risk
STU3128,59.2,77.9,11,10.1,93.4,0.0,3.6,4.5,6.83,High Risk
STU3129,89.4,67.3,13,0.7,71.5,4.2,2.0,3.3,5.88,Moderate Risk
STU3130,78.4,82.8,11,3.7,68.4,3.0,2.9,7.0,6.35,Moderate Risk
STU3131,66.8,69.1,6,5.2,76.9,2.1,3.9,7.4,6.17,Moderate Risk
STU3132,76.8,41.0,13,7.3,38.5,6.1,0.6,6.5,4.11,High Risk
STU3133,61.2,63.7,11,3.2,97.4,0.1,2.2,3.7,6.19,Moderate Risk
STU3134,90.5,60.6,6,8.0,80.4,1.5,2.0,4.2,5.99,Moderate Risk
STU3135,91.7,60.0,17,0.8,82.3,2.8,3.3,7.7,6.85,Moderate Risk
STU3136,86.9,69.3,16,6.4,83.3,0.2,3.7,9.7,7.62,On Track
STU3137,68.5,54.3,12,10.5,94.8,1.3,6.3,9.6,6.67,Moderate Risk
STU3138,73.5,73.6,14,13.2,91.7,0.8,5.6,6.2,8.16,On Track
STU3139,89.3,82.9,11,5.2,69.0,0.9,2.4,9.1,7.4,On Track
STU3140,87.5,80.0,12,2.3,95.9,3.7,2.7,2.2,6.71,Moderate Risk
STU3141,96.6,33.4,13,1.1,97.1,1.2,2.9,8.9,6.53,Moderate Risk
STU3142,80.2,71.7,8,2.5,73.4,0.1,5.1,5.8,6.09,Moderate Risk
STU3143,77.3,57.3,15,4.7,95.7,4.2,6.7,8.3,5.58,Moderate Risk
STU3144,87.1,54.9,8,1.3,70.3,0.3,4.5,2.0,6.68,Moderate Risk
STU3145,85.3,85.2,13,18.3,87.7,3.3,3.7,8.9,8.2,On Track
STU3146,90.3,77.3,18,13.6,68.8,5.3,1.2,6.8,6.2,Moderate Risk
STU3147,67.6,58.8,14,0.2,96.6,3.2,3.1,3.9,5.82,Moderate Risk
STU3148,90.9,62.8,11,5.0,69.3,1.7,5.5,4.8,6.55,Moderate Risk
STU3149,39.7,59.7,9,9.3,71.6,2.0,3.2,3.6,5.34,High Risk
STU3150,79.4,37.1,8,1.7,79.4,1.8,3.1,5.4,5.0,High Risk
STU3151,87.3,79.1,12,4.5,65.6,0.9,1.2,4.6,6.0,Moderate Risk
STU3152,70.1,87.1,9,3.1,75.9,0.5,6.9,6.3,4.89,High Risk
STU3153,72.0,92.3,9,1.3,71.8,0.5,1.3,8.5,6.88,Moderate Risk
STU3154,93.6,95.5,12,5.7,91.7,2.0,7.1,9.9,8.3,On Track
STU3155,63.1,84.2,20,30.4,63.5,1.5,3.7,4.0,6.76,Moderate Risk
STU3156,80.4,55.6,8,2.7,92.9,1.3,8.2,2.9,6.2,Moderate Risk
STU3157,64.5,70.9,9,4.8,84.6,1.6,5.2,5.2,5.67,Moderate Risk
STU3158,79.8,72.4,10,2.4,95.5,2.2,5.6,3.1,6.53,Moderate Risk
STU3159,74.6,86.3,14,12.6,88.4,2.1,3.0,8.7,7.26,On Track
STU3160,96.7,68.7,14,12.0,76.2,0.2,3.3,6.0,7.57,On Track
STU3161,71.4,68.8,7,1.2,79.4,0.7,3.0,7.0,5.8,Moderate Risk
STU3162,60.9,77.1,8,13.8,64.9,0.5,2.0,3.2,5.84,Moderate Risk
STU3163,85.1,56.7,12,1.0,76.0,1.2,3.7,8.0,5.37,High Risk
STU3164,78.9,80.8,15,0.6,82.3,0.1,1.7,9.8,6.63,Moderate Risk
STU3165,73.7,76.0,5,6.3,74.0,2.2,2.3,5.9,5.51,Moderate Risk
STU3166,72.6,30.3,13,2.9,97.2,0.2,2.3,9.7,4.51,High Risk
STU3167,82.3,82.7,12,4.5,52.0,0.5,2.4,2.3,5.97,Moderate Risk
STU3168,68.6,94.1,11,6.3,61.6,2.3,2.0,2.3,6.08,Moderate Risk
STU3169,86.3,50.9,19,0.3,84.2,0.1,1.1,9.7,5.92,Moderate Risk
STU3170,84.7,83.4,5,2.1,88.1,1.6,1.7,7.6,6.81,Moderate Risk
STU3171,84.9,93.4,16,3.7,68.3,3.9,4.3,3.5,6.93,Moderate Risk
STU3172,72.8,76.3,16,1.9,94.9,1.4,2.6,4.9,6.7,Moderate Risk
STU3173,80.0,75.2,8,0.3,78.9,1.9,2.8,6.1,6.18,Moderate Risk
STU3174,75.6,49.4,13,0.5,79.9,2.4,6.7,7.6,5.47,High Risk
STU3175,84.8,76.9,13,9.7,75.6,0.4,8.7,8.7,7.87,On Track
STU3176,40.5,77.6,13,14.5,45.2,1.3,7.4,2.7,6.09,High Risk
STU3177,79.0,80.0,8,1.0,65.1,0.6,7.1,7.3,6.49,Moderate Risk
STU3178,75.6,86.9,16,1.7,76.7,0.4,5.0,5.8,6.48,Moderate Risk
STU3179,67.4,84.7,13,6.3,75.9,0.3,6.1,6.8,6.72,Moderate Risk
STU3180,93.1,77.8,11,18.5,78.4,1.3,6.3,6.1,7.62,On Track
STU3181,70.2,58.6,13,2.1,77.7,2.4,6.5,5.6,5.49,High Risk
STU3182,73.4,66.5,13,11.6,82.8,3.1,1.6,3.6,5.74,Moderate Risk
STU3183,74.9,87.7,13,4.2,67.0,0.8,3.0,5.8,6.45,Moderate Risk
STU3184,86.1,76.3,14,18.8,90.9,0.7,3.6,3.5,7.7,On Track
STU3185,85.7,89.7,13,0.9,71.9,1.7,1.3,2.4,5.97,Moderate Risk
STU3186,72.8,86.0,10,21.8,66.7,2.3,1.0,5.0,7.35,On Track
STU3187,77.2,67.6,12,3.5,79.2,0.4,3.9,2.2,6.19,Moderate Risk
STU3188,93.2,72.2,6,18.3,77.7,0.5,1.8,6.5,7.92,On Track
STU3189,83.8,56.1,16,3.7,83.4,1.1,4.3,2.6,7.43,On Track
STU3190,75.1,87.7,14,4.5,76.5,0.9,4.4,5.5,6.28,Moderate Risk
STU3191,77.7,77.1,6,9.8,64.7,1.8,3.0,9.8,5.91,Moderate Risk
STU3192,84.0,74.0,9,7.7,90.0,1.1,3.1,2.1,6.21,Moderate Risk
STU3193,68.2,74.7,13,5.8,88.4,0.2,2.3,4.9,6.67,Moderate Risk
STU3194,74.3,95.2,12,3.2,79.8,0.3,1.4,7.4,7.42,On Track
STU3195,49.8,94.1,9,9.4,85.5,3.5,4.0,3.3,6.31,High Risk
STU3196,71.2,73.2,8,17.8,92.9,0.4,3.0,6.5,6.03,Moderate Risk
STU3197,95.1,89.2,11,0.1,93.0,0.1,1.6,4.1,7.19,On Track
STU3198,60.2,87.4,12,5.3,69.7,2.0,2.8,3.8,6.62,Moderate Risk
STU3199,25.3,81.6,15,12.1,91.5,1.7,5.7,9.2,5.08,High Risk
STU3200,57.2,97.3,15,6.4,93.2,1.4,1.0,3.6,6.21,High Risk
STU3201,60.9,58.7,13,9.7,84.3,1.0,3.3,5.0,5.6,Moderate Risk
STU3202,77.3,59.1,17,13.5,84.5,5.2,1.6,3.4,6.05,Moderate Risk
STU3203,52.6,86.8,13,8.3,98.7,0.2,2.8,4.3,6.92,High Risk
STU3204,59.4,63.4,11,7.6,93.4,1.1,0.7,4.3,5.41,High Risk
STU3205,88.5,79.0,15,20.1,94.0,1.2,1.1,4.6,7.14,On Track
STU3206,87.1,55.8,16,12.0,85.2,0.0,1.0,7.1,6.95,Moderate Risk
STU3207,72.1,64.9,13,10.1,89.0,0.8,8.1,7.9,7.27,On Track
STU3208,55.0,82.3,16,0.5,90.6,2.3,3.9,6.1,5.86,High Risk
STU3209,82.7,79.8,15,1.6,74.4,1.0,1.8,6.9,6.48,Moderate Risk
STU3210,91.6,65.8,16,4.9,79.3,3.1,1.9,8.5,6.7,Moderate Risk
STU3211,92.2,78.5,15,7.4,66.7,1.6,4.9,10.0,7.76,On Track
STU3212,77.6,67.2,13,2.2,67.7,2.2,4.4,5.7,5.66,Moderate Risk
STU3213,86.6,80.6,13,0.6,83.6,2.4,3.1,9.5,6.58,Moderate Risk
STU3214,69.0,75.6,9,2.2,80.1,1.8,7.0,5.9,6.57,Moderate Risk
STU3215,68.7,76.2,7,8.8,66.6,2.1,1.9,8.3,5.84,Moderate Risk
STU3216,87.9,54.4,17,12.6,89.2,1.8,1.1,6.6,5.92,Moderate Risk
STU3217,86.9,87.4,12,14.6,85.2,1.2,6.8,9.1,9.33,High Achiever
STU3218,74.5,80.4,9,2.9,86.9,1.3,2.3,5.6,6.0,Moderate Risk
STU3219,58.2,78.3,6,2.8,77.7,0.3,1.1,7.6,5.04,High Risk
STU3220,86.4,60.2,15,3.1,63.1,2.6,3.2,5.7,6.19,Moderate Risk
STU3221,86.4,45.4,12,2.8,80.3,0.6,3.6,8.9,4.68,High Risk
STU3222,88.0,55.9,20,6.6,94.0,1.2,3.1,10.0,6.73,Moderate Risk
STU3223,44.4,57.1,12,2.7,74.5,0.4,6.5,3.9,4.89,High Risk
STU3224,97.4,82.7,11,0.1,79.2,1.8,8.5,5.8,7.38,On Track
STU3225,88.5,82.6,14,3.5,84.1,5.5,2.4,2.7,5.78,Moderate Risk
STU3226,85.2,87.7,12,1.5,69.6,2.4,5.3,3.1,5.97,Moderate Risk
STU3227,89.9,42.1,11,0.2,69.0,1.4,2.6,9.4,4.96,High Risk
STU3228,89.4,75.8,10,3.8,71.4,1.3,6.7,6.3,7.78,On Track
STU3229,91.0,81.1,7,1.4,70.8,1.0,1.3,5.2,5.99,Moderate Risk
STU3230,65.8,82.9,12,3.6,70.6,0.3,3.5,7.4,6.69,Moderate Risk
STU3231,94.8,87.6,9,2.0,55.2,0.6,4.6,6.5,7.25,On Track
STU3232,85.4,63.0,16,5.6,84.8,0.8,4.7,4.3,7.36,On Track
STU3233,75.6,30.1,9,28.2,97.5,4.3,2.5,3.8,6.1,Moderate Risk
STU3234,75.7,55.9,16,4.8,88.6,0.8,3.0,6.7,6.47,Moderate Risk
STU3235,92.0,67.8,14,6.2,84.5,1.3,4.4,3.5,7.33,On Track
STU3236,72.3,55.7,14,15.1,87.1,3.8,3.5,3.1,5.78,Moderate Risk
STU3237,84.5,42.8,4,2.8,79.9,1.1,3.4,4.5,5.58,Moderate Risk
STU3238,85.4,90.6,7,1.1,63.9,0.4,2.4,8.9,5.52,Moderate Risk
STU3239,75.5,80.8,10,2.0,89.5,0.7,1.7,2.3,5.18,High Risk
STU3240,91.6,68.9,12,3.1,78.9,0.7,5.9,8.7,7.28,On Track
STU3241,96.1,64.3,14,6.2,48.7,1.9,1.6,7.0,6.11,Moderate Risk
STU3242,76.0,74.0,10,0.0,81.8,0.5,6.6,2.3,6.04,Moderate Risk
STU3243,89.3,77.1,15,11.5,94.3,2.0,7.3,6.8,7.42,On Track
STU3244,84.1,83.5,8,0.5,84.4,3.3,5.1,5.4,6.92,Moderate Risk
STU3245,81.5,66.6,10,13.9,76.5,0.6,2.5,8.7,6.5,Moderate Risk
STU3246,99.1,64.3,8,17.9,91.1,0.2,1.0,9.3,6.95,Moderate Risk
STU3247,89.8,88.9,11,27.7,90.1,1.5,4.6,4.3,8.08,On Track
STU3248,63.0,75.6,8,9.9,59.7,0.7,1.3,8.3,5.22,High Risk
STU3249,92.7,78.0,13,0.9,76.2,1.1,2.1,4.5,6.26,Moderate Risk
STU3250,78.7,72.7,8,7.3,73.4,1.5,0.2,4.4,6.28,Moderate Risk
STU3251,81.9,77.0,13,1.4,84.4,0.8,2.4,3.5,6.83,Moderate Risk
STU3252,74.7,69.7,9,13.6,54.3,3.9,1.7,7.4,6.41,Moderate Risk
STU3253,68.3,69.2,9,2.3,61.4,0.8,2.0,4.1,4.71,High Risk
STU3254,77.1,72.7,12,2.4,89.9,0.6,3.5,5.7,7.45,On Track
STU3255,80.1,43.0,15,15.0,74.3,3.3,10.2,8.5,6.2,Moderate Risk
STU3256,94.4,88.3,17,0.1,90.1,0.2,4.4,8.3,7.44,On Track
STU3257,89.5,41.3,10,1.3,66.7,0.2,5.9,8.8,6.29,Moderate Risk
STU3258,58.6,83.8,10,3.3,98.3,4.1,2.3,3.3,5.27,High Risk
STU3259,76.5,71.3,13,7.2,64.1,0.4,8.9,6.7,6.09,Moderate Risk
STU3260,82.9,81.7,18,6.3,92.5,0.2,8.4,9.3,8.64,High Achiever
STU3261,64.4,42.1,10,6.6,54.8,1.1,2.5,2.3,4.83,High Risk
STU3262,74.4,83.8,13,12.7,89.9,0.1,8.7,8.4,7.66,On Track
STU3263,97.2,61.8,13,0.8,82.7,1.5,1.9,4.0,7.27,On Track
STU3264,95.3,74.4,11,4.4,68.3,0.9,2.9,7.4,7.0,On Track
STU3265,75.9,60.5,10,7.8,76.2,1.5,3.1,7.7,5.16,High Risk
STU3266,81.1,64.5,14,6.1,80.8,0.5,2.5,9.4,5.15,High Risk
STU3267,77.8,72.2,13,3.6,71.0,3.5,0.9,6.1,5.16,High Risk
STU3268,78.4,75.8,11,0.1,88.2,0.5,0.9,8.8,6.12,Moderate Risk
STU3269,73.8,85.3,15,0.4,51.1,1.5,2.7,2.4,6.34,Moderate Risk
STU3270,76.6,66.3,17,0.8,90.5,4.4,6.2,5.4,5.91,Moderate Risk
STU3271,75.8,71.4,14,2.5,74.5,0.8,3.1,5.5,6.92,Moderate Risk
STU3272,59.8,52.8,10,0.8,98.5,0.3,2.1,6.3,4.9,High Risk
STU3273,86.6,64.2,10,3.3,88.6,0.1,5.3,5.9,7.1,On Track
STU3274,65.0,86.2,11,1.2,84.4,4.9,4.6,9.7,5.52,Moderate Risk
STU3275,56.6,42.6,9,9.1,88.3,2.2,3.9,2.6,5.59,High Risk
STU3276,88.6,47.0,10,12.3,74.3,3.8,2.0,4.1,5.71,Moderate Risk
STU3277,83.9,65.9,7,3.0,98.7,1.8,3.3,9.7,6.01,Moderate Risk
STU3278,60.5,54.5,15,4.3,94.6,0.6,0.4,5.6,4.83,High Risk
STU3279,87.1,55.6,8,18.4,80.8,0.2,6.4,6.6,6.96,Moderate Risk
STU3280,89.4,71.6,14,4.6,60.9,4.0,4.6,2.6,6.66,Moderate Risk
STU3281,46.1,48.6,10,31.9,72.8,1.0,2.3,4.3,5.78,High Risk
STU3282,73.9,63.0,12,0.9,91.3,0.8,3.5,2.3,6.54,Moderate Risk
STU3283,69.4,78.1,10,11.9,82.1,1.3,2.7,3.1,7.03,On Track
STU3284,82.1,55.1,14,4.1,95.3,0.2,3.4,7.1,5.57,Moderate Risk
STU3285,86.4,81.4,18,0.1,67.8,0.6,10.3,8.1,7.1,On Track
STU3286,82.7,84.3,9,21.5,60.5,1.5,6.5,9.0,7.73,On Track
STU3287,70.2,66.5,13,20.1,59.4,0.2,5.5,4.0,7.23,On Track
STU3288,89.6,79.0,10,2.9,78.9,0.2,5.5,4.7,7.49,On Track
STU3289,83.7,51.7,10,18.5,67.5,1.1,6.8,6.6,7.48,On Track
STU3290,68.3,46.5,14,0.9,85.0,1.5,6.9,2.7,5.21,High Risk
STU3291,91.5,90.6,11,6.8,85.9,0.3,5.0,8.5,7.69,On Track
STU3292,90.1,45.8,10,1.3,78.6,0.1,9.0,5.9,6.11,Moderate Risk
STU3293,43.9,61.1,9,1.7,65.1,4.8,3.3,9.7,4.61,High Risk
STU3294,91.9,61.3,12,9.1,90.4,0.0,1.6,2.9,6.27,Moderate Risk
STU3295,77.4,80.7,11,2.8,84.5,0.0,4.2,3.1,7.02,On Track
STU3296,45.9,76.8,17,0.0,90.1,0.6,3.0,4.8,5.81,High Risk
STU3297,73.7,86.6,13,3.2,96.8,0.4,1.7,3.7,6.12,Moderate Risk
STU3298,82.1,87.7,14,1.6,87.9,1.3,3.5,7.6,6.11,Moderate Risk
STU3299,87.1,68.0,12,6.9,70.7,3.4,1.2,9.6,6.04,Moderate Risk
STU3300,91.5,64.9,11,1.3,95.5,1.0,2.6,2.7,6.86,Moderate Risk
STU3301,70.2,56.9,11,11.1,81.3,2.2,5.6,3.9,5.74,Moderate Risk
STU3302,95.5,62.2,15,1.9,58.4,3.6,3.3,3.9,6.12,Moderate Risk
STU3303,94.5,86.0,18,3.0,83.3,0.3,4.7,6.1,6.79,Moderate Risk
STU3304,84.3,78.3,17,2.1,96.8,1.0,4.6,5.6,7.49,On Track
STU3305,91.6,91.3,11,6.2,80.2,1.5,3.1,7.8,8.17,On Track
STU3306,51.0,51.7,13,0.6,90.1,0.6,5.1,7.9,5.32,High Risk
STU3307,89.0,44.3,14,3.9,86.6,2.0,3.4,6.6,6.04,Moderate Risk
STU3308,81.2,54.6,9,2.4,90.8,1.8,1.4,6.7,4.48,High Risk
STU3309,74.9,65.2,9,12.9,86.0,0.8,3.0,8.7,6.74,Moderate Risk
STU3310,80.5,74.0,11,0.5,74.6,0.1,8.9,5.2,6.42,Moderate Risk
STU3311,44.7,83.1,12,10.6,67.4,0.0,1.9,2.1,5.11,High Risk
STU3312,75.5,95.9,14,1.1,76.4,0.7,8.5,3.7,7.14,On Track
STU3313,95.2,63.6,11,0.6,76.7,0.1,0.5,2.3,5.55,Moderate Risk
STU3314,45.4,52.6,10,1.4,96.1,2.3,1.2,5.1,5.16,High Risk
STU3315,90.1,64.8,11,0.6,89.2,0.6,1.8,4.9,6.71,Moderate Risk
STU3316,91.7,89.2,9,4.4,91.6,1.6,1.3,2.8,6.99,Moderate Risk
STU3317,69.0,75.9,11,26.6,76.0,0.6,5.7,8.0,6.98,Moderate Risk
STU3318,86.4,65.7,12,0.2,87.7,2.4,1.0,6.4,5.88,Moderate Risk
STU3319,76.0,55.9,12,3.7,92.1,3.3,1.9,3.8,4.83,High Risk
STU3320,67.6,74.9,18,2.9,79.6,2.7,5.0,8.1,6.1,Moderate Risk
STU3321,80.3,78.9,8,2.5,81.1,1.0,3.9,7.3,6.94,Moderate Risk
STU3322,68.5,72.8,13,2.4,85.5,0.1,3.1,3.5,5.15,High Risk
STU3323,77.5,74.0,14,13.5,68.3,0.7,2.9,9.9,6.23,Moderate Risk
STU3324,88.8,74.5,12,0.1,70.8,0.8,4.9,3.4,6.61,Moderate Risk
STU3325,77.4,49.4,12,8.9,72.6,4.8,1.4,8.2,5.58,Moderate Risk
STU3326,76.8,69.2,7,1.7,77.8,1.3,1.8,9.7,6.2,Moderate Risk
STU3327,71.3,49.4,14,2.9,76.4,1.5,4.3,7.8,5.91,Moderate Risk
STU3328,69.5,55.6,12,3.3,91.2,2.3,1.9,7.3,6.94,Moderate Risk
STU3329,91.1,67.1,13,2.2,78.9,1.3,3.4,9.2,6.09,Moderate Risk
STU3330,87.8,87.1,7,0.6,85.7,1.4,2.6,4.2,6.1,Moderate Risk
STU3331,87.6,93.5,13,0.7,95.6,0.4,2.1,4.2,7.0,Moderate Risk
STU3332,72.5,61.7,12,2.1,80.2,0.1,3.1,7.1,5.27,High Risk
STU3333,78.4,68.4,13,10.3,60.2,1.9,0.6,9.1,6.25,Moderate Risk
STU3334,96.2,88.6,17,0.9,87.1,2.8,4.2,6.9,7.16,On Track
STU3335,84.7,88.8,7,8.1,84.5,0.8,4.1,9.8,7.0,Moderate Risk
STU3336,82.4,74.3,14,2.0,81.6,1.2,6.9,3.8,8.09,On Track
STU3337,89.6,89.8,10,12.9,83.7,0.6,1.7,8.6,7.95,On Track
STU3338,85.1,43.5,8,3.4,84.9,0.9,6.3,9.4,5.64,Moderate Risk
STU3339,84.8,64.8,13,1.1,95.2,0.4,1.8,5.4,6.94,Moderate Risk
STU3340,90.8,47.0,6,25.5,87.6,2.1,5.2,9.7,7.35,On Track
STU3341,89.5,82.9,12,1.2,82.1,1.0,1.3,3.6,6.07,Moderate Risk
STU3342,91.8,87.6,9,5.0,65.9,1.2,1.9,9.6,6.7,Moderate Risk
STU3343,83.4,87.4,7,5.1,81.6,0.1,2.0,9.2,5.76,Moderate Risk
STU3344,62.0,61.0,14,2.8,80.2,1.5,3.5,2.5,5.76,Moderate Risk
STU3345,87.5,86.8,9,18.2,90.1,0.3,4.0,6.2,8.98,High Achiever
STU3346,82.9,60.0,8,11.1,75.0,0.7,1.0,6.2,5.69,Moderate Risk
STU3347,45.0,68.3,10,10.6,95.9,0.8,3.7,2.5,5.64,High Risk
STU3348,74.5,77.4,12,21.9,81.4,0.9,3.4,2.3,7.22,On Track
STU3349,53.3,72.8,12,3.7,84.5,0.4,3.9,2.0,6.13,High Risk
STU3350,77.8,49.1,10,0.6,71.7,2.8,4.0,6.2,5.42,High Risk
STU3351,76.5,59.9,6,8.7,88.5,0.8,7.3,5.7,7.3,On Track
STU3352,68.5,52.8,13,2.9,75.2,1.4,2.1,9.5,4.73,High Risk
STU3353,58.0,65.0,13,1.3,65.5,1.4,6.4,4.7,6.62,High Risk
STU3354,92.5,75.1,9,4.0,56.9,1.4,4.3,7.3,6.65,Moderate Risk
STU3355,63.3,40.2,15,15.6,86.9,1.2,2.6,2.1,5.07,High Risk
STU3356,73.9,58.1,9,1.1,69.0,2.6,2.3,7.3,5.79,Moderate Risk
STU3357,87.6,66.4,15,11.3,57.5,2.5,4.8,9.3,6.78,Moderate Risk
STU3358,90.9,61.6,10,3.2,84.3,0.8,1.8,4.8,5.56,Moderate Risk
STU3359,88.4,66.5,14,0.9,60.1,1.5,4.4,4.5,5.76,Moderate Risk
STU3360,96.3,85.9,12,11.3,92.8,0.2,2.3,7.0,6.89,Moderate Risk
STU3361,56.3,76.5,12,21.0,91.3,0.1,4.9,4.6,7.25,High Risk
STU3362,87.9,70.8,12,2.1,94.2,1.0,2.1,5.2,6.33,Moderate Risk
STU3363,48.0,85.8,11,2.2,94.3,3.5,2.9,4.2,5.51,High Risk
STU3364,76.7,44.5,15,3.0,68.3,1.6,2.4,4.8,5.06,High Risk
STU3365,90.4,75.7,7,10.1,82.1,1.7,7.0,7.4,7.19,On Track
STU3366,68.1,62.3,10,0.1,90.6,0.3,8.4,9.4,6.95,Moderate Risk
STU3367,88.0,62.9,13,1.5,66.4,0.9,2.4,6.7,5.64,Moderate Risk
STU3368,95.6,84.3,8,7.3,90.2,0.8,3.9,2.1,6.82,Moderate Risk
STU3369,60.6,85.2,15,3.1,91.1,2.3,3.3,4.1,5.45,High Risk
STU3370,82.2,63.4,13,2.4,80.0,0.2,2.3,9.6,5.92,Moderate Risk
STU3371,76.2,77.2,10,12.3,85.9,1.2,1.7,9.3,6.1,Moderate Risk
STU3372,98.6,41.9,11,15.0,88.2,3.6,1.5,2.9,5.96,Moderate Risk
STU3373,74.4,59.7,11,17.7,62.5,3.3,2.0,9.3,5.66,Moderate Risk
STU3374,58.2,80.4,11,1.9,62.0,2.9,2.5,9.7,6.11,High Risk
STU3375,85.9,56.3,13,14.6,80.8,0.7,2.7,4.6,6.24,Moderate Risk
STU3376,97.3,67.1,15,8.0,90.3,4.2,0.8,7.6,7.69,On Track
STU3377,96.0,72.8,12,1.0,77.2,2.5,5.6,6.5,7.12,On Track
STU3378,60.9,69.6,13,5.7,45.9,2.9,6.6,4.7,5.0,High Risk
STU3379,73.4,51.8,7,0.2,77.3,4.0,7.3,3.2,5.51,Moderate Risk
STU3380,52.2,53.0,11,7.4,82.1,4.1,1.2,4.9,4.91,High Risk
STU3381,85.8,61.3,16,7.9,86.1,0.4,2.9,9.4,7.28,On Track
STU3382,88.9,85.1,8,9.3,76.7,0.2,5.8,8.5,7.9,On Track
STU3383,65.4,54.1,17,1.1,98.1,1.8,0.6,4.6,6.62,Moderate Risk
STU3384,92.1,65.9,10,5.9,70.0,1.2,1.4,6.4,5.6,Moderate Risk
STU3385,83.2,82.3,11,1.2,90.1,0.6,5.0,5.2,7.51,On Track
STU3386,90.5,58.5,8,17.6,78.7,1.7,2.6,5.7,6.81,Moderate Risk
STU3387,64.9,55.8,20,6.7,96.4,0.1,2.9,8.1,6.54,Moderate Risk
STU3388,63.9,73.2,8,0.6,90.3,0.1,2.0,6.3,5.08,High Risk
STU3389,83.2,46.8,16,1.2,89.8,0.7,3.8,3.4,5.87,Moderate Risk
STU3390,90.1,79.9,16,6.5,84.4,0.3,3.5,4.2,7.61,On Track
STU3391,75.8,79.9,13,3.9,96.2,1.9,1.6,6.5,6.93,Moderate Risk
STU3392,94.7,65.4,11,8.0,83.2,4.4,6.2,7.5,7.27,On Track
STU3393,89.1,53.8,10,2.0,59.1,1.6,0.5,6.1,4.85,High Risk
STU3394,93.2,83.5,8,6.4,91.2,1.6,4.1,7.0,7.57,On Track
STU3395,97.4,72.9,10,1.2,75.1,0.0,3.5,8.3,6.86,Moderate Risk
STU3396,92.5,70.2,15,4.7,79.7,1.1,7.4,6.4,7.53,On Track
STU3397,84.6,91.8,7,19.0,97.6,2.5,2.4,9.8,7.34,On Track
STU3398,54.5,59.4,16,5.9,69.8,1.6,2.2,3.9,6.04,High Risk
STU3399,97.1,68.6,11,0.3,59.4,0.4,5.8,9.4,7.24,On Track
STU3400,65.8,68.5,9,26.9,91.5,2.8,2.0,4.0,6.39,Moderate Risk
STU3401,72.5,53.5,9,1.0,69.7,5.0,1.4,6.3,5.05,High Risk
STU3402,63.5,86.1,16,7.6,95.0,0.5,5.3,5.6,7.48,On Track
STU3403,75.7,80.4,16,4.6,47.3,0.3,5.2,5.0,5.85,Moderate Risk
STU3404,69.8,85.5,11,2.1,72.2,0.6,4.5,9.7,6.43,Moderate Risk
STU3405,81.2,87.6,16,1.2,86.5,0.1,1.8,4.2,6.36,Moderate Risk
STU3406,87.8,70.6,12,1.2,76.4,3.1,6.1,7.4,6.56,Moderate Risk
STU3407,80.6,88.9,17,11.7,56.8,4.0,3.5,8.4,7.12,On Track
STU3408,67.8,74.7,11,12.4,71.9,1.5,3.4,3.6,5.6,Moderate Risk
STU3409,92.0,63.2,10,3.8,79.2,2.2,8.6,9.8,6.94,Moderate Risk
STU3410,92.0,62.1,6,0.7,87.5,1.7,1.3,6.4,4.82,High Risk
STU3411,57.7,90.7,19,12.9,94.3,0.7,5.0,9.3,7.47,High Risk
STU3412,82.1,67.4,14,4.0,59.3,1.5,7.7,7.3,7.17,On Track
STU3413,93.4,91.5,10,3.5,65.5,2.7,1.4,7.2,5.49,High Risk
STU3414,76.2,67.0,10,3.1,84.5,2.5,3.9,4.8,5.84,Moderate Risk
STU3415,79.9,82.1,10,2.7,74.5,0.1,2.0,8.2,6.39,Moderate Risk
STU3416,82.0,79.8,13,4.5,74.7,0.9,4.4,2.2,5.96,Moderate Risk
STU3417,75.4,90.5,9,5.6,85.1,0.8,4.1,6.4,6.35,Moderate Risk
STU3418,83.8,76.7,7,3.8,68.8,2.1,4.9,2.3,6.48,Moderate Risk
STU3419,84.9,77.2,13,13.6,92.5,1.0,2.0,4.5,7.05,On Track
STU3420,97.0,73.8,12,2.3,85.4,0.6,3.9,2.8,7.01,On Track
STU3421,84.0,66.9,5,5.2,88.5,1.8,5.1,9.3,5.65,Moderate Risk
STU3422,96.6,66.6,12,2.1,76.3,1.0,2.2,7.0,6.34,Moderate Risk
STU3423,69.4,84.8,13,8.4,83.2,0.4,4.1,7.3,5.92,Moderate Risk
STU3424,82.7,92.2,13,0.6,95.8,3.3,2.6,8.8,6.87,Moderate Risk
STU3425,78.9,87.4,12,1.3,63.0,0.2,5.9,7.9,6.58,Moderate Risk
STU3426,87.2,82.3,10,9.7,61.0,0.0,1.2,3.0,6.41,Moderate Risk
STU3427,72.5,88.1,17,1.2,83.6,0.2,3.9,6.9,6.24,Moderate Risk
STU3428,95.1,77.2,10,5.9,89.7,0.3,7.0,9.8,7.85,On Track
STU3429,85.0,88.3,8,21.1,83.8,1.2,2.7,3.7,7.72,On Track
STU3430,70.2,66.8,7,4.4,80.5,1.5,1.1,7.0,4.65,High Risk
STU3431,64.4,79.8,10,1.2,86.3,0.9,3.8,6.5,5.91,Moderate Risk
STU3432,61.7,72.4,11,2.3,90.1,0.3,6.9,5.1,5.63,Moderate Risk
STU3433,60.5,81.3,10,10.4,79.7,0.2,3.1,9.6,6.67,Moderate Risk
STU3434,67.0,62.1,7,2.6,72.9,1.0,3.3,4.9,5.28,High Risk
STU3435,90.4,80.2,5,7.7,84.3,1.3,1.1,2.7,7.33,On Track
STU3436,68.5,81.9,9,9.0,80.2,0.5,5.8,9.7,6.77,Moderate Risk
STU3437,83.6,54.3,11,4.2,90.4,0.4,2.8,7.8,7.16,On Track
STU3438,63.5,77.3,12,9.2,73.3,0.1,5.8,4.7,7.19,On Track
STU3439,73.8,72.5,7,2.3,77.8,0.0,5.1,4.2,5.83,Moderate Risk
STU3440,75.3,91.5,13,4.4,95.7,0.2,1.9,9.4,6.86,Moderate Risk
STU3441,74.1,65.3,12,7.0,78.2,2.0,4.1,4.2,6.11,Moderate Risk
STU3442,76.8,65.0,12,1.1,79.6,0.6,5.2,6.3,6.19,Moderate Risk
STU3443,81.1,78.8,12,1.9,83.6,0.0,6.5,3.7,6.82,Moderate Risk
STU3444,79.7,87.3,15,6.3,81.7,1.1,2.5,10.0,7.42,On Track
STU3445,88.5,77.6,13,6.4,80.9,1.2,3.3,8.2,7.11,On Track
STU3446,66.5,41.4,11,4.1,88.5,0.8,0.7,6.5,5.55,Moderate Risk
STU3447,85.1,75.1,3,9.5,80.7,0.2,7.4,8.0,7.79,On Track
STU3448,84.1,85.0,9,3.9,67.2,2.1,4.7,9.3,7.27,On Track
STU3449,81.2,88.4,17,12.8,83.1,1.8,4.3,9.7,7.46,On Track
STU3450,64.3,86.7,9,8.0,65.6,0.8,0.7,8.3,6.22,Moderate Risk
STU3451,89.9,82.5,4,2.3,78.6,0.7,4.5,8.8,6.56,Moderate Risk
STU3452,67.0,84.7,15,3.0,89.8,0.3,3.8,5.2,7.02,On Track
STU3453,94.5,71.7,12,6.6,89.1,2.1,3.1,5.1,7.2,On Track
STU3454,79.7,69.6,12,13.5,92.0,1.4,4.0,8.5,6.88,Moderate Risk
STU3455,80.1,72.5,9,1.2,75.9,0.1,3.4,8.1,6.09,Moderate Risk
STU3456,67.1,63.7,13,4.3,81.9,0.7,4.6,9.2,7.4,On Track
STU3457,93.8,25.6,9,0.8,86.9,3.5,3.9,3.1,5.42,High Risk
STU3458,70.1,60.8,16,2.0,62.6,0.9,3.0,7.5,5.62,Moderate Risk
STU3459,91.8,34.3,8,6.9,82.7,0.6,4.4,7.2,5.81,Moderate Risk
STU3460,67.0,70.4,16,0.5,72.5,1.5,2.1,8.4,4.69,High Risk
STU3461,84.3,76.3,14,6.5,70.0,0.3,3.9,2.2,7.33,On Track
STU3462,83.4,73.5,11,13.9,44.0,1.1,4.1,8.6,7.09,On Track
STU3463,70.7,68.3,13,20.9,81.9,1.7,4.2,4.6,6.76,Moderate Risk
STU3464,41.2,70.6,11,1.5,97.4,2.9,4.1,7.5,5.23,High Risk
STU3465,62.2,82.8,10,8.3,80.5,1.8,5.4,6.9,5.94,Moderate Risk
STU3466,70.3,50.8,10,15.7,95.4,0.7,4.5,5.5,6.24,Moderate Risk
STU3467,96.0,62.8,9,0.6,73.9,2.2,5.2,8.0,5.63,Moderate Risk
STU3468,85.1,88.9,16,3.2,84.9,3.4,2.4,9.7,7.22,On Track
STU3469,74.8,78.7,12,15.1,92.6,1.0,2.8,4.6,7.29,On Track
STU3470,91.9,76.3,13,1.4,90.3,0.0,6.7,8.0,7.65,On Track
STU3471,84.4,75.7,13,16.3,75.0,3.2,1.6,4.5,6.16,Moderate Risk
STU3472,73.7,48.7,11,4.5,83.8,0.3,5.0,8.8,5.79,Moderate Risk
STU3473,74.1,79.8,14,0.6,87.0,0.2,6.3,5.5,6.85,Moderate Risk
STU3474,75.2,61.4,13,3.6,90.8,0.6,3.2,5.6,5.84,Moderate Risk
STU3475,84.0,75.3,9,2.4,61.0,0.7,1.8,8.2,6.2,Moderate Risk
STU3476,51.1,63.1,17,2.0,72.8,2.4,3.4,6.0,5.13,High Risk
STU3477,89.5,92.9,14,4.7,71.1,0.7,1.0,4.1,6.46,Moderate Risk
STU3478,84.2,49.0,11,4.0,77.1,0.1,2.6,10.0,6.09,Moderate Risk
STU3479,78.2,62.5,14,3.9,83.7,1.5,2.9,7.0,5.79,Moderate Risk
STU3480,75.1,85.2,8,0.6,97.0,1.7,4.3,7.2,6.61,Moderate Risk
STU3481,75.2,69.2,16,9.7,71.5,2.5,2.4,7.2,6.67,Moderate Risk
STU3482,74.6,68.4,10,3.9,86.9,0.8,2.8,9.1,5.75,Moderate Risk
STU3483,69.4,81.8,6,10.3,86.5,0.1,6.4,3.5,6.62,Moderate Risk
STU3484,58.2,66.9,7,10.4,85.5,1.2,1.9,2.5,6.52,High Risk
STU3485,92.2,62.6,13,2.3,35.3,0.2,6.5,5.1,6.75,Moderate Risk
STU3486,83.6,63.8,14,0.0,83.3,0.0,4.0,6.5,7.37,On Track
STU3487,83.4,53.0,9,14.5,58.5,2.3,5.4,4.3,5.81,Moderate Risk
STU3488,88.6,84.3,9,8.6,97.8,0.8,1.7,7.5,6.99,Moderate Risk
STU3489,72.6,84.1,14,0.7,89.3,1.1,3.2,2.6,6.5,Moderate Risk
STU3490,79.1,70.9,10,7.3,93.0,1.6,3.2,8.3,7.16,On Track
STU3491,64.6,59.4,7,0.1,81.9,0.8,3.0,7.7,4.82,High Risk
STU3492,65.4,87.8,7,0.2,64.4,0.1,3.6,3.7,5.29,High Risk
STU3493,80.3,76.4,17,4.5,59.5,0.4,2.3,4.4,6.27,Moderate Risk
STU3494,87.0,87.9,13,0.6,62.8,0.3,2.3,8.5,5.6,Moderate Risk
STU3495,66.2,64.8,11,20.0,95.9,5.7,2.4,8.2,7.02,On Track
STU3496,99.3,75.7,9,13.5,77.8,2.0,5.5,8.5,8.24,On Track
STU3497,96.0,83.2,14,6.3,73.7,0.9,1.5,4.6,7.14,On Track
STU3498,72.0,92.4,12,0.4,71.4,0.1,2.3,9.8,6.9,Moderate Risk
STU3499,87.2,50.6,10,2.4,68.9,0.2,4.9,7.7,6.18,Moderate Risk
